ISO-10303-21;
HEADER;
FILE_DESCRIPTION(('KiCad electronic assembly'),'2;1');
FILE_NAME('60WKeyboard.step','2026-08-05T12:44:04',('Pcbnew'),('Kicad'),
  'Open CASCADE STEP processor 7.9','KiCad to STEP converter','Unknown'
  );
FILE_SCHEMA(('AUTOMOTIVE_DESIGN { 1 0 10303 214 1 1 1 1 }'));
ENDSEC;
DATA;
#1 = APPLICATION_PROTOCOL_DEFINITION('international standard',
  'automotive_design',2000,#2);
#2 = APPLICATION_CONTEXT(
  'core data for automotive mechanical design processes');
#3 = SHAPE_DEFINITION_REPRESENTATION(#4,#10);
#4 = PRODUCT_DEFINITION_SHAPE('','',#5);
#5 = PRODUCT_DEFINITION('design','',#6,#9);
#6 = PRODUCT_DEFINITION_FORMATION('','',#7);
#7 = PRODUCT('60WKeyboard 1','60WKeyboard 1','',(#8));
#8 = PRODUCT_CONTEXT('',#2,'mechanical');
#9 = PRODUCT_DEFINITION_CONTEXT('part definition',#2,'design');
#10 = SHAPE_REPRESENTATION('',(#11,#15),#19);
#11 = AXIS2_PLACEMENT_3D('',#12,#13,#14);
#12 = CARTESIAN_POINT('',(0.,0.,0.));
#13 = DIRECTION('',(0.,0.,1.));
#14 = DIRECTION('',(1.,0.,-0.));
#15 = AXIS2_PLACEMENT_3D('',#16,#17,#18);
#16 = CARTESIAN_POINT('',(0.,0.,0.));
#17 = DIRECTION('',(0.,0.,1.));
#18 = DIRECTION('',(1.,0.,-0.));
#19 = ( GEOMETRIC_REPRESENTATION_CONTEXT(3) 
GLOBAL_UNCERTAINTY_ASSIGNED_CONTEXT((#23)) GLOBAL_UNIT_ASSIGNED_CONTEXT(
(#20,#21,#22)) REPRESENTATION_CONTEXT('Context #1',
  '3D Context with UNIT and UNCERTAINTY') );
#20 = ( LENGTH_UNIT() NAMED_UNIT(*) SI_UNIT(.MILLI.,.METRE.) );
#21 = ( NAMED_UNIT(*) PLANE_ANGLE_UNIT() SI_UNIT($,.RADIAN.) );
#22 = ( NAMED_UNIT(*) SI_UNIT($,.STERADIAN.) SOLID_ANGLE_UNIT() );
#23 = UNCERTAINTY_MEASURE_WITH_UNIT(LENGTH_MEASURE(1.E-07),#20,
  'distance_accuracy_value','confusion accuracy');
#24 = PRODUCT_RELATED_PRODUCT_CATEGORY('part',$,(#7));
#25 = SHAPE_DEFINITION_REPRESENTATION(#26,#32);
#26 = PRODUCT_DEFINITION_SHAPE('','',#27);
#27 = PRODUCT_DEFINITION('design','',#28,#31);
#28 = PRODUCT_DEFINITION_FORMATION('','',#29);
#29 = PRODUCT('60WKeyboard_PCB','60WKeyboard_PCB','',(#30));
#30 = PRODUCT_CONTEXT('',#2,'mechanical');
#31 = PRODUCT_DEFINITION_CONTEXT('part definition',#2,'design');
#32 = ADVANCED_BREP_SHAPE_REPRESENTATION('',(#11,#33),#21762);
#33 = MANIFOLD_SOLID_BREP('',#34);
#34 = CLOSED_SHELL('',(#35,#77,#108,#139,#5972,#11805,#11822,#11839,
    #11856,#11873,#11885,#11907,#11924,#11941,#11953,#11975,#11992,
    #12009,#12021,#12038,#12055,#12072,#12089,#12106,#12123,#12140,
    #12162,#12179,#12196,#12208,#12225,#12242,#12259,#12276,#12293,
    #12310,#12327,#12344,#12366,#12383,#12400,#12412,#12429,#12446,
    #12468,#12485,#12502,#12514,#12536,#12553,#12570,#12582,#12599,
    #12621,#12638,#12655,#12667,#12684,#12701,#12718,#12735,#12752,
    #12769,#12786,#12808,#12825,#12842,#12854,#12871,#12893,#12910,
    #12927,#12939,#12961,#12978,#12995,#13007,#13024,#13041,#13058,
    #13075,#13092,#13109,#13126,#13143,#13160,#13177,#13194,#13211,
    #13228,#13245,#13262,#13279,#13301,#13318,#13335,#13347,#13364,
    #13381,#13398,#13420,#13437,#13454,#13466,#13483,#13500,#13522,
    #13539,#13556,#13568,#13585,#13602,#13619,#13636,#13653,#13670,
    #13687,#13704,#13721,#13738,#13755,#13772,#13789,#13806,#13823,
    #13840,#13857,#13874,#13891,#13908,#13930,#13947,#13964,#13976,
    #13993,#14010,#14027,#14049,#14066,#14083,#14095,#14112,#14129,
    #14146,#14168,#14185,#14202,#14214,#14231,#14248,#14270,#14287,
    #14304,#14316,#14333,#14350,#14367,#14384,#14406,#14423,#14440,
    #14452,#14469,#14486,#14503,#14520,#14537,#14554,#14576,#14593,
    #14610,#14622,#14644,#14661,#14678,#14690,#14707,#14724,#14741,
    #14763,#14780,#14797,#14809,#14831,#14848,#14865,#14877,#14899,
    #14916,#14933,#14945,#14962,#14979,#14996,#15013,#15030,#15052,
    #15069,#15086,#15098,#15120,#15137,#15154,#15166,#15183,#15200,
    #15217,#15234,#15251,#15268,#15285,#15302,#15324,#15341,#15358,
    #15370,#15387,#15404,#15421,#15438,#15460,#15477,#15494,#15506,
    #15523,#15540,#15557,#15574,#15591,#15608,#15625,#15642,#15659,
    #15676,#15693,#15710,#15727,#15744,#15761,#15778,#15795,#15812,
    #15829,#15846,#15863,#15885,#15902,#15919,#15931,#15948,#15965,
    #15987,#16004,#16021,#16033,#16050,#16067,#16084,#16101,#16118,
    #16140,#16157,#16174,#16186,#16203,#16220,#16237,#16254,#16271,
    #16288,#16305,#16322,#16339,#16356,#16373,#16390,#16407,#16424,
    #16441,#16463,#16480,#16497,#16509,#16531,#16548,#16565,#16577,
    #16594,#16611,#16628,#16645,#16667,#16684,#16701,#16713,#16730,
    #16747,#16764,#16781,#16798,#16815,#16832,#16849,#16871,#16888,
    #16905,#16917,#16939,#16956,#16973,#16985,#17002,#17019,#17036,
    #17053,#17070,#17087,#17104,#17126,#17143,#17160,#17172,#17189,
    #17206,#17223,#17240,#17257,#17274,#17291,#17308,#17325,#17342,
    #17359,#17376,#17393,#17410,#17427,#17444,#17461,#17483,#17500,
    #17517,#17529,#17551,#17568,#17585,#17597,#17614,#17631,#17648,
    #17665,#17682,#17699,#17721,#17738,#17755,#17767,#17789,#17806,
    #17823,#17835,#17852,#17869,#17886,#17903,#17920,#17937,#17954,
    #17971,#17988,#18005,#18027,#18044,#18061,#18073,#18095,#18112,
    #18129,#18141,#18158,#18175,#18197,#18214,#18231,#18243,#18265,
    #18282,#18299,#18311,#18328,#18345,#18362,#18379,#18396,#18413,
    #18430,#18447,#18464,#18481,#18498,#18515,#18532,#18549,#18566,
    #18583,#18600,#18617,#18634,#18651,#18668,#18685,#18707,#18724,
    #18741,#18753,#18775,#18792,#18809,#18821,#18838,#18855,#18877,
    #18894,#18911,#18923,#18940,#18957,#18974,#18991,#19008,#19025,
    #19042,#19059,#19076,#19093,#19110,#19127,#19144,#19161,#19178,
    #19195,#19212,#19229,#19246,#19263,#19280,#19297,#19314,#19331,
    #19348,#19365,#19387,#19404,#19421,#19433,#19455,#19472,#19489,
    #19501,#19518,#19535,#19552,#19569,#19586,#19603,#19620,#19637,
    #19659,#19676,#19693,#19705,#19727,#19744,#19761,#19773,#19790,
    #19807,#19824,#19841,#19858,#19875,#19892,#19909,#19926,#19943,
    #19960,#19977,#19994,#20011,#20028,#20045,#20062,#20079,#20096,
    #20118,#20135,#20152,#20164,#20181,#20198,#20215,#20232,#20249,
    #20266,#20283,#20305,#20322,#20339,#20351,#20373,#20390,#20407,
    #20419,#20436,#20453,#20470,#20487,#20504,#20521,#20538,#20555,
    #20577,#20594,#20611,#20623,#20645,#20662,#20679,#20691,#20708,
    #20730,#20747,#20764,#20776,#20798,#20815,#20832,#20844,#20861,
    #20878,#20895,#20912,#20929,#20946,#20963,#20980,#20997,#21014,
    #21031,#21048,#21065,#21082,#21099,#21116,#21133,#21150,#21167,
    #21184,#21206,#21223,#21240,#21252,#21274,#21291,#21308,#21320,
    #21337,#21354,#21371,#21388,#21405,#21427,#21444,#21461,#21473,
    #21490,#21507,#21524,#21541,#21558,#21575,#21592,#21609,#21626,
    #21643,#21660,#21677,#21694,#21711,#21728,#21745));
#35 = ADVANCED_FACE('',(#36),#72,.T.);
#36 = FACE_BOUND('',#37,.T.);
#37 = EDGE_LOOP('',(#38,#48,#57,#65));
#38 = ORIENTED_EDGE('',*,*,#39,.T.);
#39 = EDGE_CURVE('',#40,#42,#44,.T.);
#40 = VERTEX_POINT('',#41);
#41 = CARTESIAN_POINT('',(345.2955,-87.84136,0.));
#42 = VERTEX_POINT('',#43);
#43 = CARTESIAN_POINT('',(345.2955,-87.84136,1.5162));
#44 = LINE('',#45,#46);
#45 = CARTESIAN_POINT('',(345.2955,-87.84136,0.));
#46 = VECTOR('',#47,1.);
#47 = DIRECTION('',(0.,0.,1.));
#48 = ORIENTED_EDGE('',*,*,#49,.T.);
#49 = EDGE_CURVE('',#42,#50,#52,.T.);
#50 = VERTEX_POINT('',#51);
#51 = CARTESIAN_POINT('',(346.2955,-88.84136,1.5162));
#52 = CIRCLE('',#53,0.999999252925);
#53 = AXIS2_PLACEMENT_3D('',#54,#55,#56);
#54 = CARTESIAN_POINT('',(345.29550074707,-88.84135925292,1.5162));
#55 = DIRECTION('',(0.,0.,-1.));
#56 = DIRECTION('',(-7.470757633756E-07,1.,0.));
#57 = ORIENTED_EDGE('',*,*,#58,.F.);
#58 = EDGE_CURVE('',#59,#50,#61,.T.);
#59 = VERTEX_POINT('',#60);
#60 = CARTESIAN_POINT('',(346.2955,-88.84136,0.));
#61 = LINE('',#62,#63);
#62 = CARTESIAN_POINT('',(346.2955,-88.84136,0.));
#63 = VECTOR('',#64,1.);
#64 = DIRECTION('',(0.,0.,1.));
#65 = ORIENTED_EDGE('',*,*,#66,.F.);
#66 = EDGE_CURVE('',#40,#59,#67,.T.);
#67 = CIRCLE('',#68,0.999999252925);
#68 = AXIS2_PLACEMENT_3D('',#69,#70,#71);
#69 = CARTESIAN_POINT('',(345.29550074707,-88.84135925292,0.));
#70 = DIRECTION('',(0.,0.,-1.));
#71 = DIRECTION('',(-7.470757633756E-07,1.,0.));
#72 = CYLINDRICAL_SURFACE('',#73,0.999999252925);
#73 = AXIS2_PLACEMENT_3D('',#74,#75,#76);
#74 = CARTESIAN_POINT('',(345.29550074707,-88.84135925292,0.));
#75 = DIRECTION('',(0.,0.,-1.));
#76 = DIRECTION('',(-7.470757633756E-07,1.,0.));
#77 = ADVANCED_FACE('',(#78),#103,.T.);
#78 = FACE_BOUND('',#79,.T.);
#79 = EDGE_LOOP('',(#80,#90,#96,#97));
#80 = ORIENTED_EDGE('',*,*,#81,.T.);
#81 = EDGE_CURVE('',#82,#84,#86,.T.);
#82 = VERTEX_POINT('',#83);
#83 = CARTESIAN_POINT('',(62.2955,-87.84136,0.));
#84 = VERTEX_POINT('',#85);
#85 = CARTESIAN_POINT('',(62.2955,-87.84136,1.5162));
#86 = LINE('',#87,#88);
#87 = CARTESIAN_POINT('',(62.2955,-87.84136,0.));
#88 = VECTOR('',#89,1.);
#89 = DIRECTION('',(0.,0.,1.));
#90 = ORIENTED_EDGE('',*,*,#91,.T.);
#91 = EDGE_CURVE('',#84,#42,#92,.T.);
#92 = LINE('',#93,#94);
#93 = CARTESIAN_POINT('',(62.2955,-87.84136,1.5162));
#94 = VECTOR('',#95,1.);
#95 = DIRECTION('',(1.,0.,0.));
#96 = ORIENTED_EDGE('',*,*,#39,.F.);
#97 = ORIENTED_EDGE('',*,*,#98,.F.);
#98 = EDGE_CURVE('',#82,#40,#99,.T.);
#99 = LINE('',#100,#101);
#100 = CARTESIAN_POINT('',(62.2955,-87.84136,0.));
#101 = VECTOR('',#102,1.);
#102 = DIRECTION('',(1.,0.,0.));
#103 = PLANE('',#104);
#104 = AXIS2_PLACEMENT_3D('',#105,#106,#107);
#105 = CARTESIAN_POINT('',(62.2955,-87.84136,0.));
#106 = DIRECTION('',(0.,1.,0.));
#107 = DIRECTION('',(1.,0.,0.));
#108 = ADVANCED_FACE('',(#109),#134,.T.);
#109 = FACE_BOUND('',#110,.T.);
#110 = EDGE_LOOP('',(#111,#112,#120,#128));
#111 = ORIENTED_EDGE('',*,*,#58,.T.);
#112 = ORIENTED_EDGE('',*,*,#113,.T.);
#113 = EDGE_CURVE('',#50,#114,#116,.T.);
#114 = VERTEX_POINT('',#115);
#115 = CARTESIAN_POINT('',(346.2955,-181.84136,1.5162));
#116 = LINE('',#117,#118);
#117 = CARTESIAN_POINT('',(346.2955,-88.84136,1.5162));
#118 = VECTOR('',#119,1.);
#119 = DIRECTION('',(0.,-1.,0.));
#120 = ORIENTED_EDGE('',*,*,#121,.F.);
#121 = EDGE_CURVE('',#122,#114,#124,.T.);
#122 = VERTEX_POINT('',#123);
#123 = CARTESIAN_POINT('',(346.2955,-181.84136,0.));
#124 = LINE('',#125,#126);
#125 = CARTESIAN_POINT('',(346.2955,-181.84136,0.));
#126 = VECTOR('',#127,1.);
#127 = DIRECTION('',(0.,0.,1.));
#128 = ORIENTED_EDGE('',*,*,#129,.F.);
#129 = EDGE_CURVE('',#59,#122,#130,.T.);
#130 = LINE('',#131,#132);
#131 = CARTESIAN_POINT('',(346.2955,-88.84136,0.));
#132 = VECTOR('',#133,1.);
#133 = DIRECTION('',(0.,-1.,0.));
#134 = PLANE('',#135);
#135 = AXIS2_PLACEMENT_3D('',#136,#137,#138);
#136 = CARTESIAN_POINT('',(346.2955,-88.84136,0.));
#137 = DIRECTION('',(1.,0.,-0.));
#138 = DIRECTION('',(0.,-1.,0.));
#139 = ADVANCED_FACE('',(#140,#186,#220,#254,#265,#276,#287,#298,#309,
    #320,#331,#365,#376,#387,#398,#409,#420,#431,#442,#453,#487,#498,
    #509,#543,#577,#588,#622,#633,#644,#655,#666,#677,#688,#699,#733,
    #744,#778,#812,#823,#834,#845,#856,#867,#878,#889,#900,#911,#922,
    #933,#944,#955,#966,#977,#988,#1022,#1033,#1044,#1055,#1089,#1100,
    #1111,#1145,#1156,#1167,#1178,#1189,#1200,#1211,#1222,#1233,#1244,
    #1255,#1266,#1277,#1288,#1299,#1310,#1321,#1332,#1343,#1354,#1365,
    #1399,#1410,#1421,#1432,#1466,#1477,#1488,#1499,#1533,#1544,#1555,
    #1589,#1600,#1611,#1622,#1633,#1667,#1678,#1689,#1700,#1711,#1722,
    #1733,#1767,#1801,#1812,#1823,#1834,#1868,#1902,#1936,#1947,#1958,
    #1969,#1980,#1991,#2025,#2059,#2070,#2081,#2092,#2103,#2114,#2125,
    #2136,#2147,#2181,#2192,#2203,#2214,#2225,#2259,#2270,#2281,#2292,
    #2303,#2314,#2325,#2336,#2347,#2358,#2369,#2380,#2391,#2402,#2413,
    #2424,#2435,#2446,#2457,#2468,#2479,#2490,#2524,#2535,#2546,#2580,
    #2591,#2602,#2613,#2624,#2635,#2669,#2680,#2691,#2702,#2713,#2724,
    #2735,#2746,#2757,#2768,#2779,#2790,#2801,#2812,#2823,#2834,#2868,
    #2902,#2913,#2924,#2935,#2946,#2980,#2991,#3002,#3013,#3024,#3035,
    #3046,#3057,#3068,#3102,#3136,#3147,#3158,#3169,#3180,#3191,#3202,
    #3213,#3247,#3258,#3269,#3280,#3291,#3302,#3313,#3324,#3335,#3346,
    #3357,#3368,#3379,#3390,#3401,#3412,#3423,#3434,#3468,#3502,#3513,
    #3524,#3535,#3546,#3557,#3568,#3602,#3636,#3647,#3658,#3669,#3680,
    #3691,#3702,#3713,#3724,#3735,#3746,#3780,#3814,#3825,#3836,#3870,
    #3904,#3915,#3926,#3937,#3948,#3959,#3970,#3981,#3992,#4003,#4014,
    #4025,#4036,#4047,#4058,#4069,#4080,#4091,#4102,#4113,#4124,#4135,
    #4146,#4180,#4214,#4225,#4236,#4270,#4281,#4292,#4303,#4314,#4325,
    #4336,#4347,#4358,#4369,#4380,#4391,#4402,#4413,#4424,#4435,#4446,
    #4457,#4468,#4479,#4490,#4501,#4512,#4523,#4534,#4545,#4556,#4590,
    #4624,#4635,#4646,#4657,#4668,#4679,#4690,#4701,#4712,#4746,#4780,
    #4791,#4802,#4813,#4824,#4835,#4846,#4857,#4868,#4879,#4890,#4901,
    #4912,#4923,#4934,#4945,#4956,#4967,#4978,#4989,#5023,#5034,#5045,
    #5056,#5067,#5078,#5089,#5100,#5134,#5168,#5179,#5190,#5201,#5212,
    #5223,#5234,#5245,#5256,#5290,#5324,#5335,#5369,#5403,#5414,#5425,
    #5436,#5447,#5458,#5469,#5480,#5491,#5502,#5513,#5524,#5535,#5546,
    #5557,#5568,#5579,#5590,#5601,#5612,#5623,#5657,#5691,#5702,#5713,
    #5724,#5735,#5746,#5780,#5791,#5802,#5813,#5824,#5835,#5846,#5857,
    #5868,#5879,#5890,#5901,#5912,#5923,#5934,#5945,#5956),#5967,.F.);
#140 = FACE_BOUND('',#141,.F.);
#141 = EDGE_LOOP('',(#142,#143,#144,#153,#161,#170,#178,#185));
#142 = ORIENTED_EDGE('',*,*,#66,.F.);
#143 = ORIENTED_EDGE('',*,*,#98,.F.);
#144 = ORIENTED_EDGE('',*,*,#145,.F.);
#145 = EDGE_CURVE('',#146,#82,#148,.T.);
#146 = VERTEX_POINT('',#147);
#147 = CARTESIAN_POINT('',(61.2955,-88.84136,0.));
#148 = CIRCLE('',#149,0.999999252925);
#149 = AXIS2_PLACEMENT_3D('',#150,#151,#152);
#150 = CARTESIAN_POINT('',(62.295499252925,-88.84135925292,0.));
#151 = DIRECTION('',(0.,0.,-1.));
#152 = DIRECTION('',(-1.,-7.470757065322E-07,-0.));
#153 = ORIENTED_EDGE('',*,*,#154,.F.);
#154 = EDGE_CURVE('',#155,#146,#157,.T.);
#155 = VERTEX_POINT('',#156);
#156 = CARTESIAN_POINT('',(61.2955,-181.84136,0.));
#157 = LINE('',#158,#159);
#158 = CARTESIAN_POINT('',(61.2955,-181.84136,0.));
#159 = VECTOR('',#160,1.);
#160 = DIRECTION('',(0.,1.,0.));
#161 = ORIENTED_EDGE('',*,*,#162,.F.);
#162 = EDGE_CURVE('',#163,#155,#165,.T.);
#163 = VERTEX_POINT('',#164);
#164 = CARTESIAN_POINT('',(62.2955,-182.84136,0.));
#165 = CIRCLE('',#166,0.999999252925);
#166 = AXIS2_PLACEMENT_3D('',#167,#168,#169);
#167 = CARTESIAN_POINT('',(62.295499252925,-181.841360747,0.));
#168 = DIRECTION('',(0.,0.,-1.));
#169 = DIRECTION('',(7.470756923213E-07,-1.,0.));
#170 = ORIENTED_EDGE('',*,*,#171,.F.);
#171 = EDGE_CURVE('',#172,#163,#174,.T.);
#172 = VERTEX_POINT('',#173);
#173 = CARTESIAN_POINT('',(345.2955,-182.84136,0.));
#174 = LINE('',#175,#176);
#175 = CARTESIAN_POINT('',(345.2955,-182.84136,0.));
#176 = VECTOR('',#177,1.);
#177 = DIRECTION('',(-1.,0.,0.));
#178 = ORIENTED_EDGE('',*,*,#179,.F.);
#179 = EDGE_CURVE('',#122,#172,#180,.T.);
#180 = CIRCLE('',#181,0.999999252925);
#181 = AXIS2_PLACEMENT_3D('',#182,#183,#184);
#182 = CARTESIAN_POINT('',(345.29550074707,-181.841360747,0.));
#183 = DIRECTION('',(0.,0.,-1.));
#184 = DIRECTION('',(1.,7.470757065322E-07,0.));
#185 = ORIENTED_EDGE('',*,*,#129,.F.);
#186 = FACE_BOUND('',#187,.F.);
#187 = EDGE_LOOP('',(#188,#198,#206,#214));
#188 = ORIENTED_EDGE('',*,*,#189,.F.);
#189 = EDGE_CURVE('',#190,#192,#194,.T.);
#190 = VERTEX_POINT('',#191);
#191 = CARTESIAN_POINT('',(71.12675,-180.44136,0.));
#192 = VERTEX_POINT('',#193);
#193 = CARTESIAN_POINT('',(74.52675,-180.44136,0.));
#194 = LINE('',#195,#196);
#195 = CARTESIAN_POINT('',(71.12675,-180.44136,0.));
#196 = VECTOR('',#197,1.);
#197 = DIRECTION('',(1.,0.,0.));
#198 = ORIENTED_EDGE('',*,*,#199,.F.);
#199 = EDGE_CURVE('',#200,#190,#202,.T.);
#200 = VERTEX_POINT('',#201);
#201 = CARTESIAN_POINT('',(71.12675,-177.44136,0.));
#202 = LINE('',#203,#204);
#203 = CARTESIAN_POINT('',(71.12675,-177.44136,0.));
#204 = VECTOR('',#205,1.);
#205 = DIRECTION('',(0.,-1.,0.));
#206 = ORIENTED_EDGE('',*,*,#207,.F.);
#207 = EDGE_CURVE('',#208,#200,#210,.T.);
#208 = VERTEX_POINT('',#209);
#209 = CARTESIAN_POINT('',(74.52675,-177.44136,0.));
#210 = LINE('',#211,#212);
#211 = CARTESIAN_POINT('',(74.52675,-177.44136,0.));
#212 = VECTOR('',#213,1.);
#213 = DIRECTION('',(-1.,0.,0.));
#214 = ORIENTED_EDGE('',*,*,#215,.F.);
#215 = EDGE_CURVE('',#192,#208,#216,.T.);
#216 = LINE('',#217,#218);
#217 = CARTESIAN_POINT('',(74.52675,-180.44136,0.));
#218 = VECTOR('',#219,1.);
#219 = DIRECTION('',(0.,1.,0.));
#220 = FACE_BOUND('',#221,.F.);
#221 = EDGE_LOOP('',(#222,#232,#240,#248));
#222 = ORIENTED_EDGE('',*,*,#223,.F.);
#223 = EDGE_CURVE('',#224,#226,#228,.T.);
#224 = VERTEX_POINT('',#225);
#225 = CARTESIAN_POINT('',(94.93925,-180.44136,0.));
#226 = VERTEX_POINT('',#227);
#227 = CARTESIAN_POINT('',(98.33925,-180.44136,0.));
#228 = LINE('',#229,#230);
#229 = CARTESIAN_POINT('',(94.93925,-180.44136,0.));
#230 = VECTOR('',#231,1.);
#231 = DIRECTION('',(1.,0.,0.));
#232 = ORIENTED_EDGE('',*,*,#233,.F.);
#233 = EDGE_CURVE('',#234,#224,#236,.T.);
#234 = VERTEX_POINT('',#235);
#235 = CARTESIAN_POINT('',(94.93925,-177.44136,0.));
#236 = LINE('',#237,#238);
#237 = CARTESIAN_POINT('',(94.93925,-177.44136,0.));
#238 = VECTOR('',#239,1.);
#239 = DIRECTION('',(0.,-1.,0.));
#240 = ORIENTED_EDGE('',*,*,#241,.F.);
#241 = EDGE_CURVE('',#242,#234,#244,.T.);
#242 = VERTEX_POINT('',#243);
#243 = CARTESIAN_POINT('',(98.33925,-177.44136,0.));
#244 = LINE('',#245,#246);
#245 = CARTESIAN_POINT('',(98.33925,-177.44136,0.));
#246 = VECTOR('',#247,1.);
#247 = DIRECTION('',(-1.,0.,0.));
#248 = ORIENTED_EDGE('',*,*,#249,.F.);
#249 = EDGE_CURVE('',#226,#242,#250,.T.);
#250 = LINE('',#251,#252);
#251 = CARTESIAN_POINT('',(98.33925,-180.44136,0.));
#252 = VECTOR('',#253,1.);
#253 = DIRECTION('',(0.,1.,0.));
#254 = FACE_BOUND('',#255,.F.);
#255 = EDGE_LOOP('',(#256));
#256 = ORIENTED_EDGE('',*,*,#257,.T.);
#257 = EDGE_CURVE('',#258,#258,#260,.T.);
#258 = VERTEX_POINT('',#259);
#259 = CARTESIAN_POINT('',(67.74675,-174.29226,0.));
#260 = CIRCLE('',#261,0.8509);
#261 = AXIS2_PLACEMENT_3D('',#262,#263,#264);
#262 = CARTESIAN_POINT('',(67.74675,-173.44136,0.));
#263 = DIRECTION('',(-0.,0.,-1.));
#264 = DIRECTION('',(1.670096922694E-14,-1.,-0.));
#265 = FACE_BOUND('',#266,.F.);
#266 = EDGE_LOOP('',(#267));
#267 = ORIENTED_EDGE('',*,*,#268,.T.);
#268 = EDGE_CURVE('',#269,#269,#271,.T.);
#269 = VERTEX_POINT('',#270);
#270 = CARTESIAN_POINT('',(72.82675,-175.43526,0.));
#271 = CIRCLE('',#272,1.9939);
#272 = AXIS2_PLACEMENT_3D('',#273,#274,#275);
#273 = CARTESIAN_POINT('',(72.82675,-173.44136,0.));
#274 = DIRECTION('',(-0.,0.,-1.));
#275 = DIRECTION('',(-0.,-1.,0.));
#276 = FACE_BOUND('',#277,.F.);
#277 = EDGE_LOOP('',(#278));
#278 = ORIENTED_EDGE('',*,*,#279,.T.);
#279 = EDGE_CURVE('',#280,#280,#282,.T.);
#280 = VERTEX_POINT('',#281);
#281 = CARTESIAN_POINT('',(77.90675,-174.29226,0.));
#282 = CIRCLE('',#283,0.8509);
#283 = AXIS2_PLACEMENT_3D('',#284,#285,#286);
#284 = CARTESIAN_POINT('',(77.90675,-173.44136,0.));
#285 = DIRECTION('',(-0.,0.,-1.));
#286 = DIRECTION('',(-0.,-1.,0.));
#287 = FACE_BOUND('',#288,.F.);
#288 = EDGE_LOOP('',(#289));
#289 = ORIENTED_EDGE('',*,*,#290,.T.);
#290 = EDGE_CURVE('',#291,#291,#293,.T.);
#291 = VERTEX_POINT('',#292);
#292 = CARTESIAN_POINT('',(69.01675,-172.40136,0.));
#293 = CIRCLE('',#294,1.5);
#294 = AXIS2_PLACEMENT_3D('',#295,#296,#297);
#295 = CARTESIAN_POINT('',(69.01675,-170.90136,0.));
#296 = DIRECTION('',(-0.,0.,-1.));
#297 = DIRECTION('',(-0.,-1.,0.));
#298 = FACE_BOUND('',#299,.F.);
#299 = EDGE_LOOP('',(#300));
#300 = ORIENTED_EDGE('',*,*,#301,.T.);
#301 = EDGE_CURVE('',#302,#302,#304,.T.);
#302 = VERTEX_POINT('',#303);
#303 = CARTESIAN_POINT('',(91.55925,-174.29226,0.));
#304 = CIRCLE('',#305,0.8509);
#305 = AXIS2_PLACEMENT_3D('',#306,#307,#308);
#306 = CARTESIAN_POINT('',(91.55925,-173.44136,0.));
#307 = DIRECTION('',(-0.,0.,-1.));
#308 = DIRECTION('',(1.670096922694E-14,-1.,-0.));
#309 = FACE_BOUND('',#310,.F.);
#310 = EDGE_LOOP('',(#311));
#311 = ORIENTED_EDGE('',*,*,#312,.T.);
#312 = EDGE_CURVE('',#313,#313,#315,.T.);
#313 = VERTEX_POINT('',#314);
#314 = CARTESIAN_POINT('',(96.63925,-175.43526,0.));
#315 = CIRCLE('',#316,1.9939);
#316 = AXIS2_PLACEMENT_3D('',#317,#318,#319);
#317 = CARTESIAN_POINT('',(96.63925,-173.44136,0.));
#318 = DIRECTION('',(-0.,0.,-1.));
#319 = DIRECTION('',(-0.,-1.,0.));
#320 = FACE_BOUND('',#321,.F.);
#321 = EDGE_LOOP('',(#322));
#322 = ORIENTED_EDGE('',*,*,#323,.T.);
#323 = EDGE_CURVE('',#324,#324,#326,.T.);
#324 = VERTEX_POINT('',#325);
#325 = CARTESIAN_POINT('',(92.82925,-172.40136,0.));
#326 = CIRCLE('',#327,1.5);
#327 = AXIS2_PLACEMENT_3D('',#328,#329,#330);
#328 = CARTESIAN_POINT('',(92.82925,-170.90136,0.));
#329 = DIRECTION('',(-0.,0.,-1.));
#330 = DIRECTION('',(-0.,-1.,0.));
#331 = FACE_BOUND('',#332,.F.);
#332 = EDGE_LOOP('',(#333,#343,#351,#359));
#333 = ORIENTED_EDGE('',*,*,#334,.F.);
#334 = EDGE_CURVE('',#335,#337,#339,.T.);
#335 = VERTEX_POINT('',#336);
#336 = CARTESIAN_POINT('',(118.75175,-180.44136,0.));
#337 = VERTEX_POINT('',#338);
#338 = CARTESIAN_POINT('',(122.15175,-180.44136,0.));
#339 = LINE('',#340,#341);
#340 = CARTESIAN_POINT('',(118.75175,-180.44136,0.));
#341 = VECTOR('',#342,1.);
#342 = DIRECTION('',(1.,0.,0.));
#343 = ORIENTED_EDGE('',*,*,#344,.F.);
#344 = EDGE_CURVE('',#345,#335,#347,.T.);
#345 = VERTEX_POINT('',#346);
#346 = CARTESIAN_POINT('',(118.75175,-177.44136,0.));
#347 = LINE('',#348,#349);
#348 = CARTESIAN_POINT('',(118.75175,-177.44136,0.));
#349 = VECTOR('',#350,1.);
#350 = DIRECTION('',(0.,-1.,0.));
#351 = ORIENTED_EDGE('',*,*,#352,.F.);
#352 = EDGE_CURVE('',#353,#345,#355,.T.);
#353 = VERTEX_POINT('',#354);
#354 = CARTESIAN_POINT('',(122.15175,-177.44136,0.));
#355 = LINE('',#356,#357);
#356 = CARTESIAN_POINT('',(122.15175,-177.44136,0.));
#357 = VECTOR('',#358,1.);
#358 = DIRECTION('',(-1.,0.,0.));
#359 = ORIENTED_EDGE('',*,*,#360,.F.);
#360 = EDGE_CURVE('',#337,#353,#361,.T.);
#361 = LINE('',#362,#363);
#362 = CARTESIAN_POINT('',(122.15175,-180.44136,0.));
#363 = VECTOR('',#364,1.);
#364 = DIRECTION('',(0.,1.,0.));
#365 = FACE_BOUND('',#366,.F.);
#366 = EDGE_LOOP('',(#367));
#367 = ORIENTED_EDGE('',*,*,#368,.T.);
#368 = EDGE_CURVE('',#369,#369,#371,.T.);
#369 = VERTEX_POINT('',#370);
#370 = CARTESIAN_POINT('',(101.71925,-174.29226,0.));
#371 = CIRCLE('',#372,0.8509);
#372 = AXIS2_PLACEMENT_3D('',#373,#374,#375);
#373 = CARTESIAN_POINT('',(101.71925,-173.44136,0.));
#374 = DIRECTION('',(-0.,0.,-1.));
#375 = DIRECTION('',(-0.,-1.,0.));
#376 = FACE_BOUND('',#377,.F.);
#377 = EDGE_LOOP('',(#378));
#378 = ORIENTED_EDGE('',*,*,#379,.T.);
#379 = EDGE_CURVE('',#380,#380,#382,.T.);
#380 = VERTEX_POINT('',#381);
#381 = CARTESIAN_POINT('',(115.37175,-174.29226,0.));
#382 = CIRCLE('',#383,0.8509);
#383 = AXIS2_PLACEMENT_3D('',#384,#385,#386);
#384 = CARTESIAN_POINT('',(115.37175,-173.44136,0.));
#385 = DIRECTION('',(-0.,0.,-1.));
#386 = DIRECTION('',(1.670096922694E-14,-1.,-0.));
#387 = FACE_BOUND('',#388,.F.);
#388 = EDGE_LOOP('',(#389));
#389 = ORIENTED_EDGE('',*,*,#390,.T.);
#390 = EDGE_CURVE('',#391,#391,#393,.T.);
#391 = VERTEX_POINT('',#392);
#392 = CARTESIAN_POINT('',(120.45175,-175.43526,0.));
#393 = CIRCLE('',#394,1.9939);
#394 = AXIS2_PLACEMENT_3D('',#395,#396,#397);
#395 = CARTESIAN_POINT('',(120.45175,-173.44136,0.));
#396 = DIRECTION('',(-0.,0.,-1.));
#397 = DIRECTION('',(-0.,-1.,0.));
#398 = FACE_BOUND('',#399,.F.);
#399 = EDGE_LOOP('',(#400));
#400 = ORIENTED_EDGE('',*,*,#401,.T.);
#401 = EDGE_CURVE('',#402,#402,#404,.T.);
#402 = VERTEX_POINT('',#403);
#403 = CARTESIAN_POINT('',(125.53175,-174.29226,0.));
#404 = CIRCLE('',#405,0.8509);
#405 = AXIS2_PLACEMENT_3D('',#406,#407,#408);
#406 = CARTESIAN_POINT('',(125.53175,-173.44136,0.));
#407 = DIRECTION('',(-0.,0.,-1.));
#408 = DIRECTION('',(-0.,-1.,0.));
#409 = FACE_BOUND('',#410,.F.);
#410 = EDGE_LOOP('',(#411));
#411 = ORIENTED_EDGE('',*,*,#412,.T.);
#412 = EDGE_CURVE('',#413,#413,#415,.T.);
#413 = VERTEX_POINT('',#414);
#414 = CARTESIAN_POINT('',(116.64175,-172.40136,0.));
#415 = CIRCLE('',#416,1.5);
#416 = AXIS2_PLACEMENT_3D('',#417,#418,#419);
#417 = CARTESIAN_POINT('',(116.64175,-170.90136,0.));
#418 = DIRECTION('',(-0.,0.,-1.));
#419 = DIRECTION('',(-0.,-1.,0.));
#420 = FACE_BOUND('',#421,.F.);
#421 = EDGE_LOOP('',(#422));
#422 = ORIENTED_EDGE('',*,*,#423,.T.);
#423 = EDGE_CURVE('',#424,#424,#426,.T.);
#424 = VERTEX_POINT('',#425);
#425 = CARTESIAN_POINT('',(75.36675,-169.86136,0.));
#426 = CIRCLE('',#427,1.5);
#427 = AXIS2_PLACEMENT_3D('',#428,#429,#430);
#428 = CARTESIAN_POINT('',(75.36675,-168.36136,0.));
#429 = DIRECTION('',(-0.,0.,-1.));
#430 = DIRECTION('',(-0.,-1.,0.));
#431 = FACE_BOUND('',#432,.F.);
#432 = EDGE_LOOP('',(#433));
#433 = ORIENTED_EDGE('',*,*,#434,.T.);
#434 = EDGE_CURVE('',#435,#435,#437,.T.);
#435 = VERTEX_POINT('',#436);
#436 = CARTESIAN_POINT('',(70.411,-164.63826,0.));
#437 = CIRCLE('',#438,1.9939);
#438 = AXIS2_PLACEMENT_3D('',#439,#440,#441);
#439 = CARTESIAN_POINT('',(70.411,-162.64436,0.));
#440 = DIRECTION('',(-0.,0.,-1.));
#441 = DIRECTION('',(-0.,-1.,0.));
#442 = FACE_BOUND('',#443,.F.);
#443 = EDGE_LOOP('',(#444));
#444 = ORIENTED_EDGE('',*,*,#445,.T.);
#445 = EDGE_CURVE('',#446,#446,#448,.T.);
#446 = VERTEX_POINT('',#447);
#447 = CARTESIAN_POINT('',(94.287,-164.63826,0.));
#448 = CIRCLE('',#449,1.9939);
#449 = AXIS2_PLACEMENT_3D('',#450,#451,#452);
#450 = CARTESIAN_POINT('',(94.287,-162.64436,0.));
#451 = DIRECTION('',(-0.,0.,-1.));
#452 = DIRECTION('',(-0.,-1.,0.));
#453 = FACE_BOUND('',#454,.F.);
#454 = EDGE_LOOP('',(#455,#465,#473,#481));
#455 = ORIENTED_EDGE('',*,*,#456,.F.);
#456 = EDGE_CURVE('',#457,#459,#461,.T.);
#457 = VERTEX_POINT('',#458);
#458 = CARTESIAN_POINT('',(80.65175,-161.39136,0.));
#459 = VERTEX_POINT('',#460);
#460 = CARTESIAN_POINT('',(84.05175,-161.39136,0.));
#461 = LINE('',#462,#463);
#462 = CARTESIAN_POINT('',(80.65175,-161.39136,0.));
#463 = VECTOR('',#464,1.);
#464 = DIRECTION('',(1.,0.,0.));
#465 = ORIENTED_EDGE('',*,*,#466,.F.);
#466 = EDGE_CURVE('',#467,#457,#469,.T.);
#467 = VERTEX_POINT('',#468);
#468 = CARTESIAN_POINT('',(80.65175,-158.39136,0.));
#469 = LINE('',#470,#471);
#470 = CARTESIAN_POINT('',(80.65175,-158.39136,0.));
#471 = VECTOR('',#472,1.);
#472 = DIRECTION('',(0.,-1.,0.));
#473 = ORIENTED_EDGE('',*,*,#474,.F.);
#474 = EDGE_CURVE('',#475,#467,#477,.T.);
#475 = VERTEX_POINT('',#476);
#476 = CARTESIAN_POINT('',(84.05175,-158.39136,0.));
#477 = LINE('',#478,#479);
#478 = CARTESIAN_POINT('',(84.05175,-158.39136,0.));
#479 = VECTOR('',#480,1.);
#480 = DIRECTION('',(-1.,0.,0.));
#481 = ORIENTED_EDGE('',*,*,#482,.F.);
#482 = EDGE_CURVE('',#459,#475,#483,.T.);
#483 = LINE('',#484,#485);
#484 = CARTESIAN_POINT('',(84.05175,-161.39136,0.));
#485 = VECTOR('',#486,1.);
#486 = DIRECTION('',(0.,1.,0.));
#487 = FACE_BOUND('',#488,.F.);
#488 = EDGE_LOOP('',(#489));
#489 = ORIENTED_EDGE('',*,*,#490,.T.);
#490 = EDGE_CURVE('',#491,#491,#493,.T.);
#491 = VERTEX_POINT('',#492);
#492 = CARTESIAN_POINT('',(99.17925,-169.86136,0.));
#493 = CIRCLE('',#494,1.5);
#494 = AXIS2_PLACEMENT_3D('',#495,#496,#497);
#495 = CARTESIAN_POINT('',(99.17925,-168.36136,0.));
#496 = DIRECTION('',(-0.,0.,-1.));
#497 = DIRECTION('',(-0.,-1.,0.));
#498 = FACE_BOUND('',#499,.F.);
#499 = EDGE_LOOP('',(#500));
#500 = ORIENTED_EDGE('',*,*,#501,.T.);
#501 = EDGE_CURVE('',#502,#502,#504,.T.);
#502 = VERTEX_POINT('',#503);
#503 = CARTESIAN_POINT('',(122.99175,-169.86136,0.));
#504 = CIRCLE('',#505,1.5);
#505 = AXIS2_PLACEMENT_3D('',#506,#507,#508);
#506 = CARTESIAN_POINT('',(122.99175,-168.36136,0.));
#507 = DIRECTION('',(-0.,0.,-1.));
#508 = DIRECTION('',(-0.,-1.,0.));
#509 = FACE_BOUND('',#510,.F.);
#510 = EDGE_LOOP('',(#511,#521,#529,#537));
#511 = ORIENTED_EDGE('',*,*,#512,.F.);
#512 = EDGE_CURVE('',#513,#515,#517,.T.);
#513 = VERTEX_POINT('',#514);
#514 = CARTESIAN_POINT('',(111.608,-161.39136,0.));
#515 = VERTEX_POINT('',#516);
#516 = CARTESIAN_POINT('',(115.008,-161.39136,0.));
#517 = LINE('',#518,#519);
#518 = CARTESIAN_POINT('',(111.608,-161.39136,0.));
#519 = VECTOR('',#520,1.);
#520 = DIRECTION('',(1.,0.,0.));
#521 = ORIENTED_EDGE('',*,*,#522,.F.);
#522 = EDGE_CURVE('',#523,#513,#525,.T.);
#523 = VERTEX_POINT('',#524);
#524 = CARTESIAN_POINT('',(111.608,-158.39136,0.));
#525 = LINE('',#526,#527);
#526 = CARTESIAN_POINT('',(111.608,-158.39136,0.));
#527 = VECTOR('',#528,1.);
#528 = DIRECTION('',(0.,-1.,0.));
#529 = ORIENTED_EDGE('',*,*,#530,.F.);
#530 = EDGE_CURVE('',#531,#523,#533,.T.);
#531 = VERTEX_POINT('',#532);
#532 = CARTESIAN_POINT('',(115.008,-158.39136,0.));
#533 = LINE('',#534,#535);
#534 = CARTESIAN_POINT('',(115.008,-158.39136,0.));
#535 = VECTOR('',#536,1.);
#536 = DIRECTION('',(-1.,0.,0.));
#537 = ORIENTED_EDGE('',*,*,#538,.F.);
#538 = EDGE_CURVE('',#515,#531,#539,.T.);
#539 = LINE('',#540,#541);
#540 = CARTESIAN_POINT('',(115.008,-161.39136,0.));
#541 = VECTOR('',#542,1.);
#542 = DIRECTION('',(0.,1.,0.));
#543 = FACE_BOUND('',#544,.F.);
#544 = EDGE_LOOP('',(#545,#555,#563,#571));
#545 = ORIENTED_EDGE('',*,*,#546,.F.);
#546 = EDGE_CURVE('',#547,#549,#551,.T.);
#547 = VERTEX_POINT('',#548);
#548 = CARTESIAN_POINT('',(130.658,-161.39136,0.));
#549 = VERTEX_POINT('',#550);
#550 = CARTESIAN_POINT('',(134.058,-161.39136,0.));
#551 = LINE('',#552,#553);
#552 = CARTESIAN_POINT('',(130.658,-161.39136,0.));
#553 = VECTOR('',#554,1.);
#554 = DIRECTION('',(1.,0.,0.));
#555 = ORIENTED_EDGE('',*,*,#556,.F.);
#556 = EDGE_CURVE('',#557,#547,#559,.T.);
#557 = VERTEX_POINT('',#558);
#558 = CARTESIAN_POINT('',(130.658,-158.39136,0.));
#559 = LINE('',#560,#561);
#560 = CARTESIAN_POINT('',(130.658,-158.39136,0.));
#561 = VECTOR('',#562,1.);
#562 = DIRECTION('',(0.,-1.,0.));
#563 = ORIENTED_EDGE('',*,*,#564,.F.);
#564 = EDGE_CURVE('',#565,#557,#567,.T.);
#565 = VERTEX_POINT('',#566);
#566 = CARTESIAN_POINT('',(134.058,-158.39136,0.));
#567 = LINE('',#568,#569);
#568 = CARTESIAN_POINT('',(134.058,-158.39136,0.));
#569 = VECTOR('',#570,1.);
#570 = DIRECTION('',(-1.,0.,0.));
#571 = ORIENTED_EDGE('',*,*,#572,.F.);
#572 = EDGE_CURVE('',#549,#565,#573,.T.);
#573 = LINE('',#574,#575);
#574 = CARTESIAN_POINT('',(134.058,-161.39136,0.));
#575 = VECTOR('',#576,1.);
#576 = DIRECTION('',(0.,1.,0.));
#577 = FACE_BOUND('',#578,.F.);
#578 = EDGE_LOOP('',(#579));
#579 = ORIENTED_EDGE('',*,*,#580,.T.);
#580 = EDGE_CURVE('',#581,#581,#583,.T.);
#581 = VERTEX_POINT('',#582);
#582 = CARTESIAN_POINT('',(141.8879,-181.95036,0.));
#583 = CIRCLE('',#584,1.524);
#584 = AXIS2_PLACEMENT_3D('',#585,#586,#587);
#585 = CARTESIAN_POINT('',(141.8879,-180.42636,0.));
#586 = DIRECTION('',(-0.,0.,-1.));
#587 = DIRECTION('',(-0.,-1.,0.));
#588 = FACE_BOUND('',#589,.F.);
#589 = EDGE_LOOP('',(#590,#600,#608,#616));
#590 = ORIENTED_EDGE('',*,*,#591,.F.);
#591 = EDGE_CURVE('',#592,#594,#596,.T.);
#592 = VERTEX_POINT('',#593);
#593 = CARTESIAN_POINT('',(190.18925,-180.44136,0.));
#594 = VERTEX_POINT('',#595);
#595 = CARTESIAN_POINT('',(193.58925,-180.44136,0.));
#596 = LINE('',#597,#598);
#597 = CARTESIAN_POINT('',(190.18925,-180.44136,0.));
#598 = VECTOR('',#599,1.);
#599 = DIRECTION('',(1.,0.,0.));
#600 = ORIENTED_EDGE('',*,*,#601,.F.);
#601 = EDGE_CURVE('',#602,#592,#604,.T.);
#602 = VERTEX_POINT('',#603);
#603 = CARTESIAN_POINT('',(190.18925,-177.44136,0.));
#604 = LINE('',#605,#606);
#605 = CARTESIAN_POINT('',(190.18925,-177.44136,0.));
#606 = VECTOR('',#607,1.);
#607 = DIRECTION('',(0.,-1.,0.));
#608 = ORIENTED_EDGE('',*,*,#609,.F.);
#609 = EDGE_CURVE('',#610,#602,#612,.T.);
#610 = VERTEX_POINT('',#611);
#611 = CARTESIAN_POINT('',(193.58925,-177.44136,0.));
#612 = LINE('',#613,#614);
#613 = CARTESIAN_POINT('',(193.58925,-177.44136,0.));
#614 = VECTOR('',#615,1.);
#615 = DIRECTION('',(-1.,0.,0.));
#616 = ORIENTED_EDGE('',*,*,#617,.F.);
#617 = EDGE_CURVE('',#594,#610,#618,.T.);
#618 = LINE('',#619,#620);
#619 = CARTESIAN_POINT('',(193.58925,-180.44136,0.));
#620 = VECTOR('',#621,1.);
#621 = DIRECTION('',(0.,1.,0.));
#622 = FACE_BOUND('',#623,.F.);
#623 = EDGE_LOOP('',(#624));
#624 = ORIENTED_EDGE('',*,*,#625,.T.);
#625 = EDGE_CURVE('',#626,#626,#628,.T.);
#626 = VERTEX_POINT('',#627);
#627 = CARTESIAN_POINT('',(186.8079,-174.29226,0.));
#628 = CIRCLE('',#629,0.8509);
#629 = AXIS2_PLACEMENT_3D('',#630,#631,#632);
#630 = CARTESIAN_POINT('',(186.8079,-173.44136,0.));
#631 = DIRECTION('',(-0.,0.,-1.));
#632 = DIRECTION('',(-3.340193845388E-14,-1.,0.));
#633 = FACE_BOUND('',#634,.F.);
#634 = EDGE_LOOP('',(#635));
#635 = ORIENTED_EDGE('',*,*,#636,.T.);
#636 = EDGE_CURVE('',#637,#637,#639,.T.);
#637 = VERTEX_POINT('',#638);
#638 = CARTESIAN_POINT('',(191.8879,-175.43526,0.));
#639 = CIRCLE('',#640,1.9939);
#640 = AXIS2_PLACEMENT_3D('',#641,#642,#643);
#641 = CARTESIAN_POINT('',(191.8879,-173.44136,0.));
#642 = DIRECTION('',(-0.,0.,-1.));
#643 = DIRECTION('',(-0.,-1.,0.));
#644 = FACE_BOUND('',#645,.F.);
#645 = EDGE_LOOP('',(#646));
#646 = ORIENTED_EDGE('',*,*,#647,.T.);
#647 = EDGE_CURVE('',#648,#648,#650,.T.);
#648 = VERTEX_POINT('',#649);
#649 = CARTESIAN_POINT('',(196.9679,-174.29226,0.));
#650 = CIRCLE('',#651,0.8509);
#651 = AXIS2_PLACEMENT_3D('',#652,#653,#654);
#652 = CARTESIAN_POINT('',(196.9679,-173.44136,0.));
#653 = DIRECTION('',(-0.,0.,-1.));
#654 = DIRECTION('',(-0.,-1.,0.));
#655 = FACE_BOUND('',#656,.F.);
#656 = EDGE_LOOP('',(#657));
#657 = ORIENTED_EDGE('',*,*,#658,.T.);
#658 = EDGE_CURVE('',#659,#659,#661,.T.);
#659 = VERTEX_POINT('',#660);
#660 = CARTESIAN_POINT('',(188.0779,-172.40136,0.));
#661 = CIRCLE('',#662,1.5);
#662 = AXIS2_PLACEMENT_3D('',#663,#664,#665);
#663 = CARTESIAN_POINT('',(188.0779,-170.90136,0.));
#664 = DIRECTION('',(-0.,0.,-1.));
#665 = DIRECTION('',(-0.,-1.,0.));
#666 = FACE_BOUND('',#667,.F.);
#667 = EDGE_LOOP('',(#668));
#668 = ORIENTED_EDGE('',*,*,#669,.T.);
#669 = EDGE_CURVE('',#670,#670,#672,.T.);
#670 = VERTEX_POINT('',#671);
#671 = CARTESIAN_POINT('',(148.22,-169.,0.));
#672 = CIRCLE('',#673,0.6);
#673 = AXIS2_PLACEMENT_3D('',#674,#675,#676);
#674 = CARTESIAN_POINT('',(148.22,-168.4,0.));
#675 = DIRECTION('',(-0.,0.,-1.));
#676 = DIRECTION('',(-0.,-1.,0.));
#677 = FACE_BOUND('',#678,.F.);
#678 = EDGE_LOOP('',(#679));
#679 = ORIENTED_EDGE('',*,*,#680,.T.);
#680 = EDGE_CURVE('',#681,#681,#683,.T.);
#681 = VERTEX_POINT('',#682);
#682 = CARTESIAN_POINT('',(141.8879,-167.18026,0.));
#683 = CIRCLE('',#684,1.9939);
#684 = AXIS2_PLACEMENT_3D('',#685,#686,#687);
#685 = CARTESIAN_POINT('',(141.8879,-165.18636,0.));
#686 = DIRECTION('',(-0.,0.,-1.));
#687 = DIRECTION('',(-0.,-1.,0.));
#688 = FACE_BOUND('',#689,.F.);
#689 = EDGE_LOOP('',(#690));
#690 = ORIENTED_EDGE('',*,*,#691,.T.);
#691 = EDGE_CURVE('',#692,#692,#694,.T.);
#692 = VERTEX_POINT('',#693);
#693 = CARTESIAN_POINT('',(152.77,-169.,0.));
#694 = CIRCLE('',#695,0.6);
#695 = AXIS2_PLACEMENT_3D('',#696,#697,#698);
#696 = CARTESIAN_POINT('',(152.77,-168.4,0.));
#697 = DIRECTION('',(-0.,0.,-1.));
#698 = DIRECTION('',(4.736951571734E-14,-1.,-0.));
#699 = FACE_BOUND('',#700,.F.);
#700 = EDGE_LOOP('',(#701,#711,#719,#727));
#701 = ORIENTED_EDGE('',*,*,#702,.F.);
#702 = EDGE_CURVE('',#703,#705,#707,.T.);
#703 = VERTEX_POINT('',#704);
#704 = CARTESIAN_POINT('',(149.708,-161.39136,0.));
#705 = VERTEX_POINT('',#706);
#706 = CARTESIAN_POINT('',(153.108,-161.39136,0.));
#707 = LINE('',#708,#709);
#708 = CARTESIAN_POINT('',(149.708,-161.39136,0.));
#709 = VECTOR('',#710,1.);
#710 = DIRECTION('',(1.,0.,0.));
#711 = ORIENTED_EDGE('',*,*,#712,.F.);
#712 = EDGE_CURVE('',#713,#703,#715,.T.);
#713 = VERTEX_POINT('',#714);
#714 = CARTESIAN_POINT('',(149.708,-158.39136,0.));
#715 = LINE('',#716,#717);
#716 = CARTESIAN_POINT('',(149.708,-158.39136,0.));
#717 = VECTOR('',#718,1.);
#718 = DIRECTION('',(0.,-1.,0.));
#719 = ORIENTED_EDGE('',*,*,#720,.F.);
#720 = EDGE_CURVE('',#721,#713,#723,.T.);
#721 = VERTEX_POINT('',#722);
#722 = CARTESIAN_POINT('',(153.108,-158.39136,0.));
#723 = LINE('',#724,#725);
#724 = CARTESIAN_POINT('',(153.108,-158.39136,0.));
#725 = VECTOR('',#726,1.);
#726 = DIRECTION('',(-1.,0.,0.));
#727 = ORIENTED_EDGE('',*,*,#728,.F.);
#728 = EDGE_CURVE('',#705,#721,#729,.T.);
#729 = LINE('',#730,#731);
#730 = CARTESIAN_POINT('',(153.108,-161.39136,0.));
#731 = VECTOR('',#732,1.);
#732 = DIRECTION('',(0.,1.,0.));
#733 = FACE_BOUND('',#734,.F.);
#734 = EDGE_LOOP('',(#735));
#735 = ORIENTED_EDGE('',*,*,#736,.T.);
#736 = EDGE_CURVE('',#737,#737,#739,.T.);
#737 = VERTEX_POINT('',#738);
#738 = CARTESIAN_POINT('',(194.4279,-169.86136,0.));
#739 = CIRCLE('',#740,1.5);
#740 = AXIS2_PLACEMENT_3D('',#741,#742,#743);
#741 = CARTESIAN_POINT('',(194.4279,-168.36136,0.));
#742 = DIRECTION('',(-0.,0.,-1.));
#743 = DIRECTION('',(-0.,-1.,0.));
#744 = FACE_BOUND('',#745,.F.);
#745 = EDGE_LOOP('',(#746,#756,#764,#772));
#746 = ORIENTED_EDGE('',*,*,#747,.F.);
#747 = EDGE_CURVE('',#748,#750,#752,.T.);
#748 = VERTEX_POINT('',#749);
#749 = CARTESIAN_POINT('',(168.758,-161.39136,0.));
#750 = VERTEX_POINT('',#751);
#751 = CARTESIAN_POINT('',(172.158,-161.39136,0.));
#752 = LINE('',#753,#754);
#753 = CARTESIAN_POINT('',(168.758,-161.39136,0.));
#754 = VECTOR('',#755,1.);
#755 = DIRECTION('',(1.,0.,0.));
#756 = ORIENTED_EDGE('',*,*,#757,.F.);
#757 = EDGE_CURVE('',#758,#748,#760,.T.);
#758 = VERTEX_POINT('',#759);
#759 = CARTESIAN_POINT('',(168.758,-158.39136,0.));
#760 = LINE('',#761,#762);
#761 = CARTESIAN_POINT('',(168.758,-158.39136,0.));
#762 = VECTOR('',#763,1.);
#763 = DIRECTION('',(0.,-1.,0.));
#764 = ORIENTED_EDGE('',*,*,#765,.F.);
#765 = EDGE_CURVE('',#766,#758,#768,.T.);
#766 = VERTEX_POINT('',#767);
#767 = CARTESIAN_POINT('',(172.158,-158.39136,0.));
#768 = LINE('',#769,#770);
#769 = CARTESIAN_POINT('',(172.158,-158.39136,0.));
#770 = VECTOR('',#771,1.);
#771 = DIRECTION('',(-1.,0.,0.));
#772 = ORIENTED_EDGE('',*,*,#773,.F.);
#773 = EDGE_CURVE('',#750,#766,#774,.T.);
#774 = LINE('',#775,#776);
#775 = CARTESIAN_POINT('',(172.158,-161.39136,0.));
#776 = VECTOR('',#777,1.);
#777 = DIRECTION('',(0.,1.,0.));
#778 = FACE_BOUND('',#779,.F.);
#779 = EDGE_LOOP('',(#780,#790,#798,#806));
#780 = ORIENTED_EDGE('',*,*,#781,.F.);
#781 = EDGE_CURVE('',#782,#784,#786,.T.);
#782 = VERTEX_POINT('',#783);
#783 = CARTESIAN_POINT('',(187.808,-161.39136,0.));
#784 = VERTEX_POINT('',#785);
#785 = CARTESIAN_POINT('',(191.208,-161.39136,0.));
#786 = LINE('',#787,#788);
#787 = CARTESIAN_POINT('',(187.808,-161.39136,0.));
#788 = VECTOR('',#789,1.);
#789 = DIRECTION('',(1.,0.,0.));
#790 = ORIENTED_EDGE('',*,*,#791,.F.);
#791 = EDGE_CURVE('',#792,#782,#794,.T.);
#792 = VERTEX_POINT('',#793);
#793 = CARTESIAN_POINT('',(187.808,-158.39136,0.));
#794 = LINE('',#795,#796);
#795 = CARTESIAN_POINT('',(187.808,-158.39136,0.));
#796 = VECTOR('',#797,1.);
#797 = DIRECTION('',(0.,-1.,0.));
#798 = ORIENTED_EDGE('',*,*,#799,.F.);
#799 = EDGE_CURVE('',#800,#792,#802,.T.);
#800 = VERTEX_POINT('',#801);
#801 = CARTESIAN_POINT('',(191.208,-158.39136,0.));
#802 = LINE('',#803,#804);
#803 = CARTESIAN_POINT('',(191.208,-158.39136,0.));
#804 = VECTOR('',#805,1.);
#805 = DIRECTION('',(-1.,0.,0.));
#806 = ORIENTED_EDGE('',*,*,#807,.F.);
#807 = EDGE_CURVE('',#784,#800,#808,.T.);
#808 = LINE('',#809,#810);
#809 = CARTESIAN_POINT('',(191.208,-161.39136,0.));
#810 = VECTOR('',#811,1.);
#811 = DIRECTION('',(0.,1.,0.));
#812 = FACE_BOUND('',#813,.F.);
#813 = EDGE_LOOP('',(#814));
#814 = ORIENTED_EDGE('',*,*,#815,.T.);
#815 = EDGE_CURVE('',#816,#816,#818,.T.);
#816 = VERTEX_POINT('',#817);
#817 = CARTESIAN_POINT('',(77.269,-155.24026,0.));
#818 = CIRCLE('',#819,0.8509);
#819 = AXIS2_PLACEMENT_3D('',#820,#821,#822);
#820 = CARTESIAN_POINT('',(77.269,-154.38936,0.));
#821 = DIRECTION('',(-0.,0.,-1.));
#822 = DIRECTION('',(-0.,-1.,0.));
#823 = FACE_BOUND('',#824,.F.);
#824 = EDGE_LOOP('',(#825));
#825 = ORIENTED_EDGE('',*,*,#826,.T.);
#826 = EDGE_CURVE('',#827,#827,#829,.T.);
#827 = VERTEX_POINT('',#828);
#828 = CARTESIAN_POINT('',(82.349,-156.38326,0.));
#829 = CIRCLE('',#830,1.9939);
#830 = AXIS2_PLACEMENT_3D('',#831,#832,#833);
#831 = CARTESIAN_POINT('',(82.349,-154.38936,0.));
#832 = DIRECTION('',(-0.,0.,-1.));
#833 = DIRECTION('',(7.127165211496E-15,-1.,-0.));
#834 = FACE_BOUND('',#835,.F.);
#835 = EDGE_LOOP('',(#836));
#836 = ORIENTED_EDGE('',*,*,#837,.T.);
#837 = EDGE_CURVE('',#838,#838,#840,.T.);
#838 = VERTEX_POINT('',#839);
#839 = CARTESIAN_POINT('',(87.429,-155.24026,0.));
#840 = CIRCLE('',#841,0.8509);
#841 = AXIS2_PLACEMENT_3D('',#842,#843,#844);
#842 = CARTESIAN_POINT('',(87.429,-154.38936,0.));
#843 = DIRECTION('',(-0.,0.,-1.));
#844 = DIRECTION('',(-0.,-1.,0.));
#845 = FACE_BOUND('',#846,.F.);
#846 = EDGE_LOOP('',(#847));
#847 = ORIENTED_EDGE('',*,*,#848,.T.);
#848 = EDGE_CURVE('',#849,#849,#851,.T.);
#849 = VERTEX_POINT('',#850);
#850 = CARTESIAN_POINT('',(78.539,-153.34936,0.));
#851 = CIRCLE('',#852,1.5);
#852 = AXIS2_PLACEMENT_3D('',#853,#854,#855);
#853 = CARTESIAN_POINT('',(78.539,-151.84936,0.));
#854 = DIRECTION('',(-0.,0.,-1.));
#855 = DIRECTION('',(-0.,-1.,0.));
#856 = FACE_BOUND('',#857,.F.);
#857 = EDGE_LOOP('',(#858));
#858 = ORIENTED_EDGE('',*,*,#859,.T.);
#859 = EDGE_CURVE('',#860,#860,#862,.T.);
#860 = VERTEX_POINT('',#861);
#861 = CARTESIAN_POINT('',(70.411,-148.92836,0.));
#862 = CIRCLE('',#863,1.524);
#863 = AXIS2_PLACEMENT_3D('',#864,#865,#866);
#864 = CARTESIAN_POINT('',(70.411,-147.40436,0.));
#865 = DIRECTION('',(-0.,0.,-1.));
#866 = DIRECTION('',(-0.,-1.,0.));
#867 = FACE_BOUND('',#868,.F.);
#868 = EDGE_LOOP('',(#869));
#869 = ORIENTED_EDGE('',*,*,#870,.T.);
#870 = EDGE_CURVE('',#871,#871,#873,.T.);
#871 = VERTEX_POINT('',#872);
#872 = CARTESIAN_POINT('',(84.889,-150.80936,0.));
#873 = CIRCLE('',#874,1.5);
#874 = AXIS2_PLACEMENT_3D('',#875,#876,#877);
#875 = CARTESIAN_POINT('',(84.889,-149.30936,0.));
#876 = DIRECTION('',(-0.,0.,-1.));
#877 = DIRECTION('',(-0.,-1.,0.));
#878 = FACE_BOUND('',#879,.F.);
#879 = EDGE_LOOP('',(#880));
#880 = ORIENTED_EDGE('',*,*,#881,.T.);
#881 = EDGE_CURVE('',#882,#882,#884,.T.);
#882 = VERTEX_POINT('',#883);
#883 = CARTESIAN_POINT('',(94.287,-148.92836,0.));
#884 = CIRCLE('',#885,1.524);
#885 = AXIS2_PLACEMENT_3D('',#886,#887,#888);
#886 = CARTESIAN_POINT('',(94.287,-147.40436,0.));
#887 = DIRECTION('',(-0.,0.,-1.));
#888 = DIRECTION('',(-0.,-1.,0.));
#889 = FACE_BOUND('',#890,.F.);
#890 = EDGE_LOOP('',(#891));
#891 = ORIENTED_EDGE('',*,*,#892,.T.);
#892 = EDGE_CURVE('',#893,#893,#895,.T.);
#893 = VERTEX_POINT('',#894);
#894 = CARTESIAN_POINT('',(100.32,-154.05,0.));
#895 = CIRCLE('',#896,1.1);
#896 = AXIS2_PLACEMENT_3D('',#897,#898,#899);
#897 = CARTESIAN_POINT('',(100.32,-152.95,0.));
#898 = DIRECTION('',(-0.,0.,-1.));
#899 = DIRECTION('',(-0.,-1.,0.));
#900 = FACE_BOUND('',#901,.F.);
#901 = EDGE_LOOP('',(#902));
#902 = ORIENTED_EDGE('',*,*,#903,.T.);
#903 = EDGE_CURVE('',#904,#904,#906,.T.);
#904 = VERTEX_POINT('',#905);
#905 = CARTESIAN_POINT('',(108.228,-155.24226,0.));
#906 = CIRCLE('',#907,0.8509);
#907 = AXIS2_PLACEMENT_3D('',#908,#909,#910);
#908 = CARTESIAN_POINT('',(108.228,-154.39136,0.));
#909 = DIRECTION('',(-0.,0.,-1.));
#910 = DIRECTION('',(-1.670096922694E-14,-1.,0.));
#911 = FACE_BOUND('',#912,.F.);
#912 = EDGE_LOOP('',(#913));
#913 = ORIENTED_EDGE('',*,*,#914,.T.);
#914 = EDGE_CURVE('',#915,#915,#917,.T.);
#915 = VERTEX_POINT('',#916);
#916 = CARTESIAN_POINT('',(113.308,-156.38526,0.));
#917 = CIRCLE('',#918,1.9939);
#918 = AXIS2_PLACEMENT_3D('',#919,#920,#921);
#919 = CARTESIAN_POINT('',(113.308,-154.39136,0.));
#920 = DIRECTION('',(-0.,0.,-1.));
#921 = DIRECTION('',(7.127165211496E-15,-1.,-0.));
#922 = FACE_BOUND('',#923,.F.);
#923 = EDGE_LOOP('',(#924));
#924 = ORIENTED_EDGE('',*,*,#925,.T.);
#925 = EDGE_CURVE('',#926,#926,#928,.T.);
#926 = VERTEX_POINT('',#927);
#927 = CARTESIAN_POINT('',(118.388,-155.24226,0.));
#928 = CIRCLE('',#929,0.8509);
#929 = AXIS2_PLACEMENT_3D('',#930,#931,#932);
#930 = CARTESIAN_POINT('',(118.388,-154.39136,0.));
#931 = DIRECTION('',(-0.,0.,-1.));
#932 = DIRECTION('',(-0.,-1.,0.));
#933 = FACE_BOUND('',#934,.F.);
#934 = EDGE_LOOP('',(#935));
#935 = ORIENTED_EDGE('',*,*,#936,.T.);
#936 = EDGE_CURVE('',#937,#937,#939,.T.);
#937 = VERTEX_POINT('',#938);
#938 = CARTESIAN_POINT('',(127.278,-155.24226,0.));
#939 = CIRCLE('',#940,0.8509);
#940 = AXIS2_PLACEMENT_3D('',#941,#942,#943);
#941 = CARTESIAN_POINT('',(127.278,-154.39136,0.));
#942 = DIRECTION('',(-0.,0.,-1.));
#943 = DIRECTION('',(1.670096922694E-14,-1.,-0.));
#944 = FACE_BOUND('',#945,.F.);
#945 = EDGE_LOOP('',(#946));
#946 = ORIENTED_EDGE('',*,*,#947,.T.);
#947 = EDGE_CURVE('',#948,#948,#950,.T.);
#948 = VERTEX_POINT('',#949);
#949 = CARTESIAN_POINT('',(132.358,-156.38526,0.));
#950 = CIRCLE('',#951,1.9939);
#951 = AXIS2_PLACEMENT_3D('',#952,#953,#954);
#952 = CARTESIAN_POINT('',(132.358,-154.39136,0.));
#953 = DIRECTION('',(-0.,0.,-1.));
#954 = DIRECTION('',(-0.,-1.,0.));
#955 = FACE_BOUND('',#956,.F.);
#956 = EDGE_LOOP('',(#957));
#957 = ORIENTED_EDGE('',*,*,#958,.T.);
#958 = EDGE_CURVE('',#959,#959,#961,.T.);
#959 = VERTEX_POINT('',#960);
#960 = CARTESIAN_POINT('',(109.498,-153.35136,0.));
#961 = CIRCLE('',#962,1.5);
#962 = AXIS2_PLACEMENT_3D('',#963,#964,#965);
#963 = CARTESIAN_POINT('',(109.498,-151.85136,0.));
#964 = DIRECTION('',(-0.,0.,-1.));
#965 = DIRECTION('',(-0.,-1.,0.));
#966 = FACE_BOUND('',#967,.F.);
#967 = EDGE_LOOP('',(#968));
#968 = ORIENTED_EDGE('',*,*,#969,.T.);
#969 = EDGE_CURVE('',#970,#970,#972,.T.);
#970 = VERTEX_POINT('',#971);
#971 = CARTESIAN_POINT('',(115.848,-150.81136,0.));
#972 = CIRCLE('',#973,1.5);
#973 = AXIS2_PLACEMENT_3D('',#974,#975,#976);
#974 = CARTESIAN_POINT('',(115.848,-149.31136,0.));
#975 = DIRECTION('',(-0.,0.,-1.));
#976 = DIRECTION('',(-0.,-1.,0.));
#977 = FACE_BOUND('',#978,.F.);
#978 = EDGE_LOOP('',(#979));
#979 = ORIENTED_EDGE('',*,*,#980,.T.);
#980 = EDGE_CURVE('',#981,#981,#983,.T.);
#981 = VERTEX_POINT('',#982);
#982 = CARTESIAN_POINT('',(128.548,-153.35136,0.));
#983 = CIRCLE('',#984,1.5);
#984 = AXIS2_PLACEMENT_3D('',#985,#986,#987);
#985 = CARTESIAN_POINT('',(128.548,-151.85136,0.));
#986 = DIRECTION('',(-0.,0.,-1.));
#987 = DIRECTION('',(-0.,-1.,0.));
#988 = FACE_BOUND('',#989,.F.);
#989 = EDGE_LOOP('',(#990,#1000,#1008,#1016));
#990 = ORIENTED_EDGE('',*,*,#991,.F.);
#991 = EDGE_CURVE('',#992,#994,#996,.T.);
#992 = VERTEX_POINT('',#993);
#993 = CARTESIAN_POINT('',(75.88925,-142.34136,0.));
#994 = VERTEX_POINT('',#995);
#995 = CARTESIAN_POINT('',(79.28925,-142.34136,0.));
#996 = LINE('',#997,#998);
#997 = CARTESIAN_POINT('',(75.88925,-142.34136,0.));
#998 = VECTOR('',#999,1.);
#999 = DIRECTION('',(1.,0.,0.));
#1000 = ORIENTED_EDGE('',*,*,#1001,.F.);
#1001 = EDGE_CURVE('',#1002,#992,#1004,.T.);
#1002 = VERTEX_POINT('',#1003);
#1003 = CARTESIAN_POINT('',(75.88925,-139.34136,0.));
#1004 = LINE('',#1005,#1006);
#1005 = CARTESIAN_POINT('',(75.88925,-139.34136,0.));
#1006 = VECTOR('',#1007,1.);
#1007 = DIRECTION('',(0.,-1.,0.));
#1008 = ORIENTED_EDGE('',*,*,#1009,.F.);
#1009 = EDGE_CURVE('',#1010,#1002,#1012,.T.);
#1010 = VERTEX_POINT('',#1011);
#1011 = CARTESIAN_POINT('',(79.28925,-139.34136,0.));
#1012 = LINE('',#1013,#1014);
#1013 = CARTESIAN_POINT('',(79.28925,-139.34136,0.));
#1014 = VECTOR('',#1015,1.);
#1015 = DIRECTION('',(-1.,0.,0.));
#1016 = ORIENTED_EDGE('',*,*,#1017,.F.);
#1017 = EDGE_CURVE('',#994,#1010,#1018,.T.);
#1018 = LINE('',#1019,#1020);
#1019 = CARTESIAN_POINT('',(79.28925,-142.34136,0.));
#1020 = VECTOR('',#1021,1.);
#1021 = DIRECTION('',(0.,1.,0.));
#1022 = FACE_BOUND('',#1023,.F.);
#1023 = EDGE_LOOP('',(#1024));
#1024 = ORIENTED_EDGE('',*,*,#1025,.T.);
#1025 = EDGE_CURVE('',#1026,#1026,#1028,.T.);
#1026 = VERTEX_POINT('',#1027);
#1027 = CARTESIAN_POINT('',(72.50925,-136.19226,0.));
#1028 = CIRCLE('',#1029,0.8509);
#1029 = AXIS2_PLACEMENT_3D('',#1030,#1031,#1032);
#1030 = CARTESIAN_POINT('',(72.50925,-135.34136,0.));
#1031 = DIRECTION('',(-0.,0.,-1.));
#1032 = DIRECTION('',(-1.670096922694E-14,-1.,0.));
#1033 = FACE_BOUND('',#1034,.F.);
#1034 = EDGE_LOOP('',(#1035));
#1035 = ORIENTED_EDGE('',*,*,#1036,.T.);
#1036 = EDGE_CURVE('',#1037,#1037,#1039,.T.);
#1037 = VERTEX_POINT('',#1038);
#1038 = CARTESIAN_POINT('',(82.66925,-136.19226,0.));
#1039 = CIRCLE('',#1040,0.8509);
#1040 = AXIS2_PLACEMENT_3D('',#1041,#1042,#1043);
#1041 = CARTESIAN_POINT('',(82.66925,-135.34136,0.));
#1042 = DIRECTION('',(-0.,0.,-1.));
#1043 = DIRECTION('',(-0.,-1.,0.));
#1044 = FACE_BOUND('',#1045,.F.);
#1045 = EDGE_LOOP('',(#1046));
#1046 = ORIENTED_EDGE('',*,*,#1047,.T.);
#1047 = EDGE_CURVE('',#1048,#1048,#1050,.T.);
#1048 = VERTEX_POINT('',#1049);
#1049 = CARTESIAN_POINT('',(98.703,-136.19226,0.));
#1050 = CIRCLE('',#1051,0.8509);
#1051 = AXIS2_PLACEMENT_3D('',#1052,#1053,#1054);
#1052 = CARTESIAN_POINT('',(98.703,-135.34136,0.));
#1053 = DIRECTION('',(-0.,0.,-1.));
#1054 = DIRECTION('',(-0.,-1.,0.));
#1055 = FACE_BOUND('',#1056,.F.);
#1056 = EDGE_LOOP('',(#1057,#1067,#1075,#1083));
#1057 = ORIENTED_EDGE('',*,*,#1058,.F.);
#1058 = EDGE_CURVE('',#1059,#1061,#1063,.T.);
#1059 = VERTEX_POINT('',#1060);
#1060 = CARTESIAN_POINT('',(102.083,-142.34136,0.));
#1061 = VERTEX_POINT('',#1062);
#1062 = CARTESIAN_POINT('',(105.483,-142.34136,0.));
#1063 = LINE('',#1064,#1065);
#1064 = CARTESIAN_POINT('',(102.083,-142.34136,0.));
#1065 = VECTOR('',#1066,1.);
#1066 = DIRECTION('',(1.,0.,0.));
#1067 = ORIENTED_EDGE('',*,*,#1068,.F.);
#1068 = EDGE_CURVE('',#1069,#1059,#1071,.T.);
#1069 = VERTEX_POINT('',#1070);
#1070 = CARTESIAN_POINT('',(102.083,-139.34136,0.));
#1071 = LINE('',#1072,#1073);
#1072 = CARTESIAN_POINT('',(102.083,-139.34136,0.));
#1073 = VECTOR('',#1074,1.);
#1074 = DIRECTION('',(0.,-1.,0.));
#1075 = ORIENTED_EDGE('',*,*,#1076,.F.);
#1076 = EDGE_CURVE('',#1077,#1069,#1079,.T.);
#1077 = VERTEX_POINT('',#1078);
#1078 = CARTESIAN_POINT('',(105.483,-139.34136,0.));
#1079 = LINE('',#1080,#1081);
#1080 = CARTESIAN_POINT('',(105.483,-139.34136,0.));
#1081 = VECTOR('',#1082,1.);
#1082 = DIRECTION('',(-1.,0.,0.));
#1083 = ORIENTED_EDGE('',*,*,#1084,.F.);
#1084 = EDGE_CURVE('',#1061,#1077,#1085,.T.);
#1085 = LINE('',#1086,#1087);
#1086 = CARTESIAN_POINT('',(105.483,-142.34136,0.));
#1087 = VECTOR('',#1088,1.);
#1088 = DIRECTION('',(0.,1.,0.));
#1089 = FACE_BOUND('',#1090,.F.);
#1090 = EDGE_LOOP('',(#1091));
#1091 = ORIENTED_EDGE('',*,*,#1092,.T.);
#1092 = EDGE_CURVE('',#1093,#1093,#1095,.T.);
#1093 = VERTEX_POINT('',#1094);
#1094 = CARTESIAN_POINT('',(103.783,-137.33526,0.));
#1095 = CIRCLE('',#1096,1.9939);
#1096 = AXIS2_PLACEMENT_3D('',#1097,#1098,#1099);
#1097 = CARTESIAN_POINT('',(103.783,-135.34136,0.));
#1098 = DIRECTION('',(-0.,0.,-1.));
#1099 = DIRECTION('',(-0.,-1.,0.));
#1100 = FACE_BOUND('',#1101,.F.);
#1101 = EDGE_LOOP('',(#1102));
#1102 = ORIENTED_EDGE('',*,*,#1103,.T.);
#1103 = EDGE_CURVE('',#1104,#1104,#1106,.T.);
#1104 = VERTEX_POINT('',#1105);
#1105 = CARTESIAN_POINT('',(108.863,-136.19226,0.));
#1106 = CIRCLE('',#1107,0.8509);
#1107 = AXIS2_PLACEMENT_3D('',#1108,#1109,#1110);
#1108 = CARTESIAN_POINT('',(108.863,-135.34136,0.));
#1109 = DIRECTION('',(-0.,0.,-1.));
#1110 = DIRECTION('',(-0.,-1.,0.));
#1111 = FACE_BOUND('',#1112,.F.);
#1112 = EDGE_LOOP('',(#1113,#1123,#1131,#1139));
#1113 = ORIENTED_EDGE('',*,*,#1114,.F.);
#1114 = EDGE_CURVE('',#1115,#1117,#1119,.T.);
#1115 = VERTEX_POINT('',#1116);
#1116 = CARTESIAN_POINT('',(121.133,-142.34136,0.));
#1117 = VERTEX_POINT('',#1118);
#1118 = CARTESIAN_POINT('',(124.533,-142.34136,0.));
#1119 = LINE('',#1120,#1121);
#1120 = CARTESIAN_POINT('',(121.133,-142.34136,0.));
#1121 = VECTOR('',#1122,1.);
#1122 = DIRECTION('',(1.,0.,0.));
#1123 = ORIENTED_EDGE('',*,*,#1124,.F.);
#1124 = EDGE_CURVE('',#1125,#1115,#1127,.T.);
#1125 = VERTEX_POINT('',#1126);
#1126 = CARTESIAN_POINT('',(121.133,-139.34136,0.));
#1127 = LINE('',#1128,#1129);
#1128 = CARTESIAN_POINT('',(121.133,-139.34136,0.));
#1129 = VECTOR('',#1130,1.);
#1130 = DIRECTION('',(0.,-1.,0.));
#1131 = ORIENTED_EDGE('',*,*,#1132,.F.);
#1132 = EDGE_CURVE('',#1133,#1125,#1135,.T.);
#1133 = VERTEX_POINT('',#1134);
#1134 = CARTESIAN_POINT('',(124.533,-139.34136,0.));
#1135 = LINE('',#1136,#1137);
#1136 = CARTESIAN_POINT('',(124.533,-139.34136,0.));
#1137 = VECTOR('',#1138,1.);
#1138 = DIRECTION('',(-1.,0.,0.));
#1139 = ORIENTED_EDGE('',*,*,#1140,.F.);
#1140 = EDGE_CURVE('',#1117,#1133,#1141,.T.);
#1141 = LINE('',#1142,#1143);
#1142 = CARTESIAN_POINT('',(124.533,-142.34136,0.));
#1143 = VECTOR('',#1144,1.);
#1144 = DIRECTION('',(0.,1.,0.));
#1145 = FACE_BOUND('',#1146,.F.);
#1146 = EDGE_LOOP('',(#1147));
#1147 = ORIENTED_EDGE('',*,*,#1148,.T.);
#1148 = EDGE_CURVE('',#1149,#1149,#1151,.T.);
#1149 = VERTEX_POINT('',#1150);
#1150 = CARTESIAN_POINT('',(117.753,-136.19226,0.));
#1151 = CIRCLE('',#1152,0.8509);
#1152 = AXIS2_PLACEMENT_3D('',#1153,#1154,#1155);
#1153 = CARTESIAN_POINT('',(117.753,-135.34136,0.));
#1154 = DIRECTION('',(-0.,0.,-1.));
#1155 = DIRECTION('',(-0.,-1.,0.));
#1156 = FACE_BOUND('',#1157,.F.);
#1157 = EDGE_LOOP('',(#1158));
#1158 = ORIENTED_EDGE('',*,*,#1159,.T.);
#1159 = EDGE_CURVE('',#1160,#1160,#1162,.T.);
#1160 = VERTEX_POINT('',#1161);
#1161 = CARTESIAN_POINT('',(122.833,-137.33526,0.));
#1162 = CIRCLE('',#1163,1.9939);
#1163 = AXIS2_PLACEMENT_3D('',#1164,#1165,#1166);
#1164 = CARTESIAN_POINT('',(122.833,-135.34136,0.));
#1165 = DIRECTION('',(-0.,0.,-1.));
#1166 = DIRECTION('',(-0.,-1.,0.));
#1167 = FACE_BOUND('',#1168,.F.);
#1168 = EDGE_LOOP('',(#1169));
#1169 = ORIENTED_EDGE('',*,*,#1170,.T.);
#1170 = EDGE_CURVE('',#1171,#1171,#1173,.T.);
#1171 = VERTEX_POINT('',#1172);
#1172 = CARTESIAN_POINT('',(127.913,-136.19226,0.));
#1173 = CIRCLE('',#1174,0.8509);
#1174 = AXIS2_PLACEMENT_3D('',#1175,#1176,#1177);
#1175 = CARTESIAN_POINT('',(127.913,-135.34136,0.));
#1176 = DIRECTION('',(-0.,0.,-1.));
#1177 = DIRECTION('',(-1.670096922694E-14,-1.,0.));
#1178 = FACE_BOUND('',#1179,.F.);
#1179 = EDGE_LOOP('',(#1180));
#1180 = ORIENTED_EDGE('',*,*,#1181,.T.);
#1181 = EDGE_CURVE('',#1182,#1182,#1184,.T.);
#1182 = VERTEX_POINT('',#1183);
#1183 = CARTESIAN_POINT('',(137.438,-155.24226,0.));
#1184 = CIRCLE('',#1185,0.8509);
#1185 = AXIS2_PLACEMENT_3D('',#1186,#1187,#1188);
#1186 = CARTESIAN_POINT('',(137.438,-154.39136,0.));
#1187 = DIRECTION('',(-0.,0.,-1.));
#1188 = DIRECTION('',(-0.,-1.,0.));
#1189 = FACE_BOUND('',#1190,.F.);
#1190 = EDGE_LOOP('',(#1191));
#1191 = ORIENTED_EDGE('',*,*,#1192,.T.);
#1192 = EDGE_CURVE('',#1193,#1193,#1195,.T.);
#1193 = VERTEX_POINT('',#1194);
#1194 = CARTESIAN_POINT('',(146.328,-155.24226,0.));
#1195 = CIRCLE('',#1196,0.8509);
#1196 = AXIS2_PLACEMENT_3D('',#1197,#1198,#1199);
#1197 = CARTESIAN_POINT('',(146.328,-154.39136,0.));
#1198 = DIRECTION('',(-0.,0.,-1.));
#1199 = DIRECTION('',(-0.,-1.,0.));
#1200 = FACE_BOUND('',#1201,.F.);
#1201 = EDGE_LOOP('',(#1202));
#1202 = ORIENTED_EDGE('',*,*,#1203,.T.);
#1203 = EDGE_CURVE('',#1204,#1204,#1206,.T.);
#1204 = VERTEX_POINT('',#1205);
#1205 = CARTESIAN_POINT('',(151.408,-156.38526,0.));
#1206 = CIRCLE('',#1207,1.9939);
#1207 = AXIS2_PLACEMENT_3D('',#1208,#1209,#1210);
#1208 = CARTESIAN_POINT('',(151.408,-154.39136,0.));
#1209 = DIRECTION('',(-0.,0.,-1.));
#1210 = DIRECTION('',(-1.425433042299E-14,-1.,0.));
#1211 = FACE_BOUND('',#1212,.F.);
#1212 = EDGE_LOOP('',(#1213));
#1213 = ORIENTED_EDGE('',*,*,#1214,.T.);
#1214 = EDGE_CURVE('',#1215,#1215,#1217,.T.);
#1215 = VERTEX_POINT('',#1216);
#1216 = CARTESIAN_POINT('',(156.488,-155.24226,0.));
#1217 = CIRCLE('',#1218,0.8509);
#1218 = AXIS2_PLACEMENT_3D('',#1219,#1220,#1221);
#1219 = CARTESIAN_POINT('',(156.488,-154.39136,0.));
#1220 = DIRECTION('',(-0.,0.,-1.));
#1221 = DIRECTION('',(-0.,-1.,0.));
#1222 = FACE_BOUND('',#1223,.F.);
#1223 = EDGE_LOOP('',(#1224));
#1224 = ORIENTED_EDGE('',*,*,#1225,.T.);
#1225 = EDGE_CURVE('',#1226,#1226,#1228,.T.);
#1226 = VERTEX_POINT('',#1227);
#1227 = CARTESIAN_POINT('',(165.378,-155.24226,0.));
#1228 = CIRCLE('',#1229,0.8509);
#1229 = AXIS2_PLACEMENT_3D('',#1230,#1231,#1232);
#1230 = CARTESIAN_POINT('',(165.378,-154.39136,0.));
#1231 = DIRECTION('',(-0.,0.,-1.));
#1232 = DIRECTION('',(-0.,-1.,0.));
#1233 = FACE_BOUND('',#1234,.F.);
#1234 = EDGE_LOOP('',(#1235));
#1235 = ORIENTED_EDGE('',*,*,#1236,.T.);
#1236 = EDGE_CURVE('',#1237,#1237,#1239,.T.);
#1237 = VERTEX_POINT('',#1238);
#1238 = CARTESIAN_POINT('',(147.598,-153.35136,0.));
#1239 = CIRCLE('',#1240,1.5);
#1240 = AXIS2_PLACEMENT_3D('',#1241,#1242,#1243);
#1241 = CARTESIAN_POINT('',(147.598,-151.85136,0.));
#1242 = DIRECTION('',(-0.,0.,-1.));
#1243 = DIRECTION('',(-0.,-1.,0.));
#1244 = FACE_BOUND('',#1245,.F.);
#1245 = EDGE_LOOP('',(#1246));
#1246 = ORIENTED_EDGE('',*,*,#1247,.T.);
#1247 = EDGE_CURVE('',#1248,#1248,#1250,.T.);
#1248 = VERTEX_POINT('',#1249);
#1249 = CARTESIAN_POINT('',(134.898,-150.81136,0.));
#1250 = CIRCLE('',#1251,1.5);
#1251 = AXIS2_PLACEMENT_3D('',#1252,#1253,#1254);
#1252 = CARTESIAN_POINT('',(134.898,-149.31136,0.));
#1253 = DIRECTION('',(-0.,0.,-1.));
#1254 = DIRECTION('',(-0.,-1.,0.));
#1255 = FACE_BOUND('',#1256,.F.);
#1256 = EDGE_LOOP('',(#1257));
#1257 = ORIENTED_EDGE('',*,*,#1258,.T.);
#1258 = EDGE_CURVE('',#1259,#1259,#1261,.T.);
#1259 = VERTEX_POINT('',#1260);
#1260 = CARTESIAN_POINT('',(166.648,-153.35136,0.));
#1261 = CIRCLE('',#1262,1.5);
#1262 = AXIS2_PLACEMENT_3D('',#1263,#1264,#1265);
#1263 = CARTESIAN_POINT('',(166.648,-151.85136,0.));
#1264 = DIRECTION('',(-0.,0.,-1.));
#1265 = DIRECTION('',(-0.,-1.,0.));
#1266 = FACE_BOUND('',#1267,.F.);
#1267 = EDGE_LOOP('',(#1268));
#1268 = ORIENTED_EDGE('',*,*,#1269,.T.);
#1269 = EDGE_CURVE('',#1270,#1270,#1272,.T.);
#1270 = VERTEX_POINT('',#1271);
#1271 = CARTESIAN_POINT('',(153.948,-150.81136,0.));
#1272 = CIRCLE('',#1273,1.5);
#1273 = AXIS2_PLACEMENT_3D('',#1274,#1275,#1276);
#1274 = CARTESIAN_POINT('',(153.948,-149.31136,0.));
#1275 = DIRECTION('',(-0.,0.,-1.));
#1276 = DIRECTION('',(-0.,-1.,0.));
#1277 = FACE_BOUND('',#1278,.F.);
#1278 = EDGE_LOOP('',(#1279));
#1279 = ORIENTED_EDGE('',*,*,#1280,.T.);
#1280 = EDGE_CURVE('',#1281,#1281,#1283,.T.);
#1281 = VERTEX_POINT('',#1282);
#1282 = CARTESIAN_POINT('',(170.458,-156.38526,0.));
#1283 = CIRCLE('',#1284,1.9939);
#1284 = AXIS2_PLACEMENT_3D('',#1285,#1286,#1287);
#1285 = CARTESIAN_POINT('',(170.458,-154.39136,0.));
#1286 = DIRECTION('',(-0.,0.,-1.));
#1287 = DIRECTION('',(-0.,-1.,0.));
#1288 = FACE_BOUND('',#1289,.F.);
#1289 = EDGE_LOOP('',(#1290));
#1290 = ORIENTED_EDGE('',*,*,#1291,.T.);
#1291 = EDGE_CURVE('',#1292,#1292,#1294,.T.);
#1292 = VERTEX_POINT('',#1293);
#1293 = CARTESIAN_POINT('',(175.538,-155.24226,0.));
#1294 = CIRCLE('',#1295,0.8509);
#1295 = AXIS2_PLACEMENT_3D('',#1296,#1297,#1298);
#1296 = CARTESIAN_POINT('',(175.538,-154.39136,0.));
#1297 = DIRECTION('',(-0.,0.,-1.));
#1298 = DIRECTION('',(-0.,-1.,0.));
#1299 = FACE_BOUND('',#1300,.F.);
#1300 = EDGE_LOOP('',(#1301));
#1301 = ORIENTED_EDGE('',*,*,#1302,.T.);
#1302 = EDGE_CURVE('',#1303,#1303,#1305,.T.);
#1303 = VERTEX_POINT('',#1304);
#1304 = CARTESIAN_POINT('',(184.428,-155.24226,0.));
#1305 = CIRCLE('',#1306,0.8509);
#1306 = AXIS2_PLACEMENT_3D('',#1307,#1308,#1309);
#1307 = CARTESIAN_POINT('',(184.428,-154.39136,0.));
#1308 = DIRECTION('',(-0.,0.,-1.));
#1309 = DIRECTION('',(-0.,-1.,0.));
#1310 = FACE_BOUND('',#1311,.F.);
#1311 = EDGE_LOOP('',(#1312));
#1312 = ORIENTED_EDGE('',*,*,#1313,.T.);
#1313 = EDGE_CURVE('',#1314,#1314,#1316,.T.);
#1314 = VERTEX_POINT('',#1315);
#1315 = CARTESIAN_POINT('',(189.508,-156.38526,0.));
#1316 = CIRCLE('',#1317,1.9939);
#1317 = AXIS2_PLACEMENT_3D('',#1318,#1319,#1320);
#1318 = CARTESIAN_POINT('',(189.508,-154.39136,0.));
#1319 = DIRECTION('',(-0.,0.,-1.));
#1320 = DIRECTION('',(-0.,-1.,0.));
#1321 = FACE_BOUND('',#1322,.F.);
#1322 = EDGE_LOOP('',(#1323));
#1323 = ORIENTED_EDGE('',*,*,#1324,.T.);
#1324 = EDGE_CURVE('',#1325,#1325,#1327,.T.);
#1325 = VERTEX_POINT('',#1326);
#1326 = CARTESIAN_POINT('',(194.588,-155.24226,0.));
#1327 = CIRCLE('',#1328,0.8509);
#1328 = AXIS2_PLACEMENT_3D('',#1329,#1330,#1331);
#1329 = CARTESIAN_POINT('',(194.588,-154.39136,0.));
#1330 = DIRECTION('',(-0.,0.,-1.));
#1331 = DIRECTION('',(-0.,-1.,0.));
#1332 = FACE_BOUND('',#1333,.F.);
#1333 = EDGE_LOOP('',(#1334));
#1334 = ORIENTED_EDGE('',*,*,#1335,.T.);
#1335 = EDGE_CURVE('',#1336,#1336,#1338,.T.);
#1336 = VERTEX_POINT('',#1337);
#1337 = CARTESIAN_POINT('',(185.698,-153.35136,0.));
#1338 = CIRCLE('',#1339,1.5);
#1339 = AXIS2_PLACEMENT_3D('',#1340,#1341,#1342);
#1340 = CARTESIAN_POINT('',(185.698,-151.85136,0.));
#1341 = DIRECTION('',(-0.,0.,-1.));
#1342 = DIRECTION('',(-0.,-1.,0.));
#1343 = FACE_BOUND('',#1344,.F.);
#1344 = EDGE_LOOP('',(#1345));
#1345 = ORIENTED_EDGE('',*,*,#1346,.T.);
#1346 = EDGE_CURVE('',#1347,#1347,#1349,.T.);
#1347 = VERTEX_POINT('',#1348);
#1348 = CARTESIAN_POINT('',(172.998,-150.81136,0.));
#1349 = CIRCLE('',#1350,1.5);
#1350 = AXIS2_PLACEMENT_3D('',#1351,#1352,#1353);
#1351 = CARTESIAN_POINT('',(172.998,-149.31136,0.));
#1352 = DIRECTION('',(-0.,0.,-1.));
#1353 = DIRECTION('',(-0.,-1.,0.));
#1354 = FACE_BOUND('',#1355,.F.);
#1355 = EDGE_LOOP('',(#1356));
#1356 = ORIENTED_EDGE('',*,*,#1357,.T.);
#1357 = EDGE_CURVE('',#1358,#1358,#1360,.T.);
#1358 = VERTEX_POINT('',#1359);
#1359 = CARTESIAN_POINT('',(192.048,-150.81136,0.));
#1360 = CIRCLE('',#1361,1.5);
#1361 = AXIS2_PLACEMENT_3D('',#1362,#1363,#1364);
#1362 = CARTESIAN_POINT('',(192.048,-149.31136,0.));
#1363 = DIRECTION('',(-0.,0.,-1.));
#1364 = DIRECTION('',(-0.,-1.,0.));
#1365 = FACE_BOUND('',#1366,.F.);
#1366 = EDGE_LOOP('',(#1367,#1377,#1385,#1393));
#1367 = ORIENTED_EDGE('',*,*,#1368,.F.);
#1368 = EDGE_CURVE('',#1369,#1371,#1373,.T.);
#1369 = VERTEX_POINT('',#1370);
#1370 = CARTESIAN_POINT('',(140.183,-142.34136,0.));
#1371 = VERTEX_POINT('',#1372);
#1372 = CARTESIAN_POINT('',(143.583,-142.34136,0.));
#1373 = LINE('',#1374,#1375);
#1374 = CARTESIAN_POINT('',(140.183,-142.34136,0.));
#1375 = VECTOR('',#1376,1.);
#1376 = DIRECTION('',(1.,0.,0.));
#1377 = ORIENTED_EDGE('',*,*,#1378,.F.);
#1378 = EDGE_CURVE('',#1379,#1369,#1381,.T.);
#1379 = VERTEX_POINT('',#1380);
#1380 = CARTESIAN_POINT('',(140.183,-139.34136,0.));
#1381 = LINE('',#1382,#1383);
#1382 = CARTESIAN_POINT('',(140.183,-139.34136,0.));
#1383 = VECTOR('',#1384,1.);
#1384 = DIRECTION('',(0.,-1.,0.));
#1385 = ORIENTED_EDGE('',*,*,#1386,.F.);
#1386 = EDGE_CURVE('',#1387,#1379,#1389,.T.);
#1387 = VERTEX_POINT('',#1388);
#1388 = CARTESIAN_POINT('',(143.583,-139.34136,0.));
#1389 = LINE('',#1390,#1391);
#1390 = CARTESIAN_POINT('',(143.583,-139.34136,0.));
#1391 = VECTOR('',#1392,1.);
#1392 = DIRECTION('',(-1.,0.,0.));
#1393 = ORIENTED_EDGE('',*,*,#1394,.F.);
#1394 = EDGE_CURVE('',#1371,#1387,#1395,.T.);
#1395 = LINE('',#1396,#1397);
#1396 = CARTESIAN_POINT('',(143.583,-142.34136,0.));
#1397 = VECTOR('',#1398,1.);
#1398 = DIRECTION('',(0.,1.,0.));
#1399 = FACE_BOUND('',#1400,.F.);
#1400 = EDGE_LOOP('',(#1401));
#1401 = ORIENTED_EDGE('',*,*,#1402,.T.);
#1402 = EDGE_CURVE('',#1403,#1403,#1405,.T.);
#1403 = VERTEX_POINT('',#1404);
#1404 = CARTESIAN_POINT('',(136.803,-136.19226,0.));
#1405 = CIRCLE('',#1406,0.8509);
#1406 = AXIS2_PLACEMENT_3D('',#1407,#1408,#1409);
#1407 = CARTESIAN_POINT('',(136.803,-135.34136,0.));
#1408 = DIRECTION('',(-0.,0.,-1.));
#1409 = DIRECTION('',(-0.,-1.,0.));
#1410 = FACE_BOUND('',#1411,.F.);
#1411 = EDGE_LOOP('',(#1412));
#1412 = ORIENTED_EDGE('',*,*,#1413,.T.);
#1413 = EDGE_CURVE('',#1414,#1414,#1416,.T.);
#1414 = VERTEX_POINT('',#1415);
#1415 = CARTESIAN_POINT('',(141.883,-137.33526,0.));
#1416 = CIRCLE('',#1417,1.9939);
#1417 = AXIS2_PLACEMENT_3D('',#1418,#1419,#1420);
#1418 = CARTESIAN_POINT('',(141.883,-135.34136,0.));
#1419 = DIRECTION('',(-0.,0.,-1.));
#1420 = DIRECTION('',(-0.,-1.,0.));
#1421 = FACE_BOUND('',#1422,.F.);
#1422 = EDGE_LOOP('',(#1423));
#1423 = ORIENTED_EDGE('',*,*,#1424,.T.);
#1424 = EDGE_CURVE('',#1425,#1425,#1427,.T.);
#1425 = VERTEX_POINT('',#1426);
#1426 = CARTESIAN_POINT('',(146.963,-136.19226,0.));
#1427 = CIRCLE('',#1428,0.8509);
#1428 = AXIS2_PLACEMENT_3D('',#1429,#1430,#1431);
#1429 = CARTESIAN_POINT('',(146.963,-135.34136,0.));
#1430 = DIRECTION('',(-0.,0.,-1.));
#1431 = DIRECTION('',(-0.,-1.,0.));
#1432 = FACE_BOUND('',#1433,.F.);
#1433 = EDGE_LOOP('',(#1434,#1444,#1452,#1460));
#1434 = ORIENTED_EDGE('',*,*,#1435,.F.);
#1435 = EDGE_CURVE('',#1436,#1438,#1440,.T.);
#1436 = VERTEX_POINT('',#1437);
#1437 = CARTESIAN_POINT('',(159.233,-142.34136,0.));
#1438 = VERTEX_POINT('',#1439);
#1439 = CARTESIAN_POINT('',(162.633,-142.34136,0.));
#1440 = LINE('',#1441,#1442);
#1441 = CARTESIAN_POINT('',(159.233,-142.34136,0.));
#1442 = VECTOR('',#1443,1.);
#1443 = DIRECTION('',(1.,0.,0.));
#1444 = ORIENTED_EDGE('',*,*,#1445,.F.);
#1445 = EDGE_CURVE('',#1446,#1436,#1448,.T.);
#1446 = VERTEX_POINT('',#1447);
#1447 = CARTESIAN_POINT('',(159.233,-139.34136,0.));
#1448 = LINE('',#1449,#1450);
#1449 = CARTESIAN_POINT('',(159.233,-139.34136,0.));
#1450 = VECTOR('',#1451,1.);
#1451 = DIRECTION('',(0.,-1.,0.));
#1452 = ORIENTED_EDGE('',*,*,#1453,.F.);
#1453 = EDGE_CURVE('',#1454,#1446,#1456,.T.);
#1454 = VERTEX_POINT('',#1455);
#1455 = CARTESIAN_POINT('',(162.633,-139.34136,0.));
#1456 = LINE('',#1457,#1458);
#1457 = CARTESIAN_POINT('',(162.633,-139.34136,0.));
#1458 = VECTOR('',#1459,1.);
#1459 = DIRECTION('',(-1.,0.,0.));
#1460 = ORIENTED_EDGE('',*,*,#1461,.F.);
#1461 = EDGE_CURVE('',#1438,#1454,#1462,.T.);
#1462 = LINE('',#1463,#1464);
#1463 = CARTESIAN_POINT('',(162.633,-142.34136,0.));
#1464 = VECTOR('',#1465,1.);
#1465 = DIRECTION('',(0.,1.,0.));
#1466 = FACE_BOUND('',#1467,.F.);
#1467 = EDGE_LOOP('',(#1468));
#1468 = ORIENTED_EDGE('',*,*,#1469,.T.);
#1469 = EDGE_CURVE('',#1470,#1470,#1472,.T.);
#1470 = VERTEX_POINT('',#1471);
#1471 = CARTESIAN_POINT('',(155.853,-136.19226,0.));
#1472 = CIRCLE('',#1473,0.8509);
#1473 = AXIS2_PLACEMENT_3D('',#1474,#1475,#1476);
#1474 = CARTESIAN_POINT('',(155.853,-135.34136,0.));
#1475 = DIRECTION('',(-0.,0.,-1.));
#1476 = DIRECTION('',(-0.,-1.,0.));
#1477 = FACE_BOUND('',#1478,.F.);
#1478 = EDGE_LOOP('',(#1479));
#1479 = ORIENTED_EDGE('',*,*,#1480,.T.);
#1480 = EDGE_CURVE('',#1481,#1481,#1483,.T.);
#1481 = VERTEX_POINT('',#1482);
#1482 = CARTESIAN_POINT('',(160.933,-137.33526,0.));
#1483 = CIRCLE('',#1484,1.9939);
#1484 = AXIS2_PLACEMENT_3D('',#1485,#1486,#1487);
#1485 = CARTESIAN_POINT('',(160.933,-135.34136,0.));
#1486 = DIRECTION('',(-0.,0.,-1.));
#1487 = DIRECTION('',(-0.,-1.,0.));
#1488 = FACE_BOUND('',#1489,.F.);
#1489 = EDGE_LOOP('',(#1490));
#1490 = ORIENTED_EDGE('',*,*,#1491,.T.);
#1491 = EDGE_CURVE('',#1492,#1492,#1494,.T.);
#1492 = VERTEX_POINT('',#1493);
#1493 = CARTESIAN_POINT('',(166.013,-136.19226,0.));
#1494 = CIRCLE('',#1495,0.8509);
#1495 = AXIS2_PLACEMENT_3D('',#1496,#1497,#1498);
#1496 = CARTESIAN_POINT('',(166.013,-135.34136,0.));
#1497 = DIRECTION('',(-0.,0.,-1.));
#1498 = DIRECTION('',(-0.,-1.,0.));
#1499 = FACE_BOUND('',#1500,.F.);
#1500 = EDGE_LOOP('',(#1501,#1511,#1519,#1527));
#1501 = ORIENTED_EDGE('',*,*,#1502,.F.);
#1502 = EDGE_CURVE('',#1503,#1505,#1507,.T.);
#1503 = VERTEX_POINT('',#1504);
#1504 = CARTESIAN_POINT('',(178.283,-142.34136,0.));
#1505 = VERTEX_POINT('',#1506);
#1506 = CARTESIAN_POINT('',(181.683,-142.34136,0.));
#1507 = LINE('',#1508,#1509);
#1508 = CARTESIAN_POINT('',(178.283,-142.34136,0.));
#1509 = VECTOR('',#1510,1.);
#1510 = DIRECTION('',(1.,0.,0.));
#1511 = ORIENTED_EDGE('',*,*,#1512,.F.);
#1512 = EDGE_CURVE('',#1513,#1503,#1515,.T.);
#1513 = VERTEX_POINT('',#1514);
#1514 = CARTESIAN_POINT('',(178.283,-139.34136,0.));
#1515 = LINE('',#1516,#1517);
#1516 = CARTESIAN_POINT('',(178.283,-139.34136,0.));
#1517 = VECTOR('',#1518,1.);
#1518 = DIRECTION('',(0.,-1.,0.));
#1519 = ORIENTED_EDGE('',*,*,#1520,.F.);
#1520 = EDGE_CURVE('',#1521,#1513,#1523,.T.);
#1521 = VERTEX_POINT('',#1522);
#1522 = CARTESIAN_POINT('',(181.683,-139.34136,0.));
#1523 = LINE('',#1524,#1525);
#1524 = CARTESIAN_POINT('',(181.683,-139.34136,0.));
#1525 = VECTOR('',#1526,1.);
#1526 = DIRECTION('',(-1.,0.,0.));
#1527 = ORIENTED_EDGE('',*,*,#1528,.F.);
#1528 = EDGE_CURVE('',#1505,#1521,#1529,.T.);
#1529 = LINE('',#1530,#1531);
#1530 = CARTESIAN_POINT('',(181.683,-142.34136,0.));
#1531 = VECTOR('',#1532,1.);
#1532 = DIRECTION('',(0.,1.,0.));
#1533 = FACE_BOUND('',#1534,.F.);
#1534 = EDGE_LOOP('',(#1535));
#1535 = ORIENTED_EDGE('',*,*,#1536,.T.);
#1536 = EDGE_CURVE('',#1537,#1537,#1539,.T.);
#1537 = VERTEX_POINT('',#1538);
#1538 = CARTESIAN_POINT('',(174.903,-136.19226,0.));
#1539 = CIRCLE('',#1540,0.8509);
#1540 = AXIS2_PLACEMENT_3D('',#1541,#1542,#1543);
#1541 = CARTESIAN_POINT('',(174.903,-135.34136,0.));
#1542 = DIRECTION('',(-0.,0.,-1.));
#1543 = DIRECTION('',(-0.,-1.,0.));
#1544 = FACE_BOUND('',#1545,.F.);
#1545 = EDGE_LOOP('',(#1546));
#1546 = ORIENTED_EDGE('',*,*,#1547,.T.);
#1547 = EDGE_CURVE('',#1548,#1548,#1550,.T.);
#1548 = VERTEX_POINT('',#1549);
#1549 = CARTESIAN_POINT('',(179.983,-137.33526,0.));
#1550 = CIRCLE('',#1551,1.9939);
#1551 = AXIS2_PLACEMENT_3D('',#1552,#1553,#1554);
#1552 = CARTESIAN_POINT('',(179.983,-135.34136,0.));
#1553 = DIRECTION('',(-0.,0.,-1.));
#1554 = DIRECTION('',(-0.,-1.,0.));
#1555 = FACE_BOUND('',#1556,.F.);
#1556 = EDGE_LOOP('',(#1557,#1567,#1575,#1583));
#1557 = ORIENTED_EDGE('',*,*,#1558,.F.);
#1558 = EDGE_CURVE('',#1559,#1561,#1563,.T.);
#1559 = VERTEX_POINT('',#1560);
#1560 = CARTESIAN_POINT('',(197.333,-142.34136,0.));
#1561 = VERTEX_POINT('',#1562);
#1562 = CARTESIAN_POINT('',(200.733,-142.34136,0.));
#1563 = LINE('',#1564,#1565);
#1564 = CARTESIAN_POINT('',(197.333,-142.34136,0.));
#1565 = VECTOR('',#1566,1.);
#1566 = DIRECTION('',(1.,0.,0.));
#1567 = ORIENTED_EDGE('',*,*,#1568,.F.);
#1568 = EDGE_CURVE('',#1569,#1559,#1571,.T.);
#1569 = VERTEX_POINT('',#1570);
#1570 = CARTESIAN_POINT('',(197.333,-139.34136,0.));
#1571 = LINE('',#1572,#1573);
#1572 = CARTESIAN_POINT('',(197.333,-139.34136,0.));
#1573 = VECTOR('',#1574,1.);
#1574 = DIRECTION('',(0.,-1.,0.));
#1575 = ORIENTED_EDGE('',*,*,#1576,.F.);
#1576 = EDGE_CURVE('',#1577,#1569,#1579,.T.);
#1577 = VERTEX_POINT('',#1578);
#1578 = CARTESIAN_POINT('',(200.733,-139.34136,0.));
#1579 = LINE('',#1580,#1581);
#1580 = CARTESIAN_POINT('',(200.733,-139.34136,0.));
#1581 = VECTOR('',#1582,1.);
#1582 = DIRECTION('',(-1.,0.,0.));
#1583 = ORIENTED_EDGE('',*,*,#1584,.F.);
#1584 = EDGE_CURVE('',#1561,#1577,#1585,.T.);
#1585 = LINE('',#1586,#1587);
#1586 = CARTESIAN_POINT('',(200.733,-142.34136,0.));
#1587 = VECTOR('',#1588,1.);
#1588 = DIRECTION('',(0.,1.,0.));
#1589 = FACE_BOUND('',#1590,.F.);
#1590 = EDGE_LOOP('',(#1591));
#1591 = ORIENTED_EDGE('',*,*,#1592,.T.);
#1592 = EDGE_CURVE('',#1593,#1593,#1595,.T.);
#1593 = VERTEX_POINT('',#1594);
#1594 = CARTESIAN_POINT('',(193.953,-136.19226,0.));
#1595 = CIRCLE('',#1596,0.8509);
#1596 = AXIS2_PLACEMENT_3D('',#1597,#1598,#1599);
#1597 = CARTESIAN_POINT('',(193.953,-135.34136,0.));
#1598 = DIRECTION('',(-0.,0.,-1.));
#1599 = DIRECTION('',(-0.,-1.,0.));
#1600 = FACE_BOUND('',#1601,.F.);
#1601 = EDGE_LOOP('',(#1602));
#1602 = ORIENTED_EDGE('',*,*,#1603,.T.);
#1603 = EDGE_CURVE('',#1604,#1604,#1606,.T.);
#1604 = VERTEX_POINT('',#1605);
#1605 = CARTESIAN_POINT('',(199.033,-137.33526,0.));
#1606 = CIRCLE('',#1607,1.9939);
#1607 = AXIS2_PLACEMENT_3D('',#1608,#1609,#1610);
#1608 = CARTESIAN_POINT('',(199.033,-135.34136,0.));
#1609 = DIRECTION('',(-0.,0.,-1.));
#1610 = DIRECTION('',(-1.425433042299E-14,-1.,0.));
#1611 = FACE_BOUND('',#1612,.F.);
#1612 = EDGE_LOOP('',(#1613));
#1613 = ORIENTED_EDGE('',*,*,#1614,.T.);
#1614 = EDGE_CURVE('',#1615,#1615,#1617,.T.);
#1615 = VERTEX_POINT('',#1616);
#1616 = CARTESIAN_POINT('',(241.8879,-181.95036,0.));
#1617 = CIRCLE('',#1618,1.524);
#1618 = AXIS2_PLACEMENT_3D('',#1619,#1620,#1621);
#1619 = CARTESIAN_POINT('',(241.8879,-180.42636,0.));
#1620 = DIRECTION('',(-0.,0.,-1.));
#1621 = DIRECTION('',(-0.,-1.,0.));
#1622 = FACE_BOUND('',#1623,.F.);
#1623 = EDGE_LOOP('',(#1624));
#1624 = ORIENTED_EDGE('',*,*,#1625,.T.);
#1625 = EDGE_CURVE('',#1626,#1626,#1628,.T.);
#1626 = VERTEX_POINT('',#1627);
#1627 = CARTESIAN_POINT('',(250.02,-178.31,0.));
#1628 = CIRCLE('',#1629,0.5);
#1629 = AXIS2_PLACEMENT_3D('',#1630,#1631,#1632);
#1630 = CARTESIAN_POINT('',(250.02,-177.81,0.));
#1631 = DIRECTION('',(-0.,0.,-1.));
#1632 = DIRECTION('',(-0.,-1.,0.));
#1633 = FACE_BOUND('',#1634,.F.);
#1634 = EDGE_LOOP('',(#1635,#1645,#1653,#1661));
#1635 = ORIENTED_EDGE('',*,*,#1636,.F.);
#1636 = EDGE_CURVE('',#1637,#1639,#1641,.T.);
#1637 = VERTEX_POINT('',#1638);
#1638 = CARTESIAN_POINT('',(261.62675,-180.44136,0.));
#1639 = VERTEX_POINT('',#1640);
#1640 = CARTESIAN_POINT('',(265.02675,-180.44136,0.));
#1641 = LINE('',#1642,#1643);
#1642 = CARTESIAN_POINT('',(261.62675,-180.44136,0.));
#1643 = VECTOR('',#1644,1.);
#1644 = DIRECTION('',(1.,0.,0.));
#1645 = ORIENTED_EDGE('',*,*,#1646,.F.);
#1646 = EDGE_CURVE('',#1647,#1637,#1649,.T.);
#1647 = VERTEX_POINT('',#1648);
#1648 = CARTESIAN_POINT('',(261.62675,-177.44136,0.));
#1649 = LINE('',#1650,#1651);
#1650 = CARTESIAN_POINT('',(261.62675,-177.44136,0.));
#1651 = VECTOR('',#1652,1.);
#1652 = DIRECTION('',(0.,-1.,0.));
#1653 = ORIENTED_EDGE('',*,*,#1654,.F.);
#1654 = EDGE_CURVE('',#1655,#1647,#1657,.T.);
#1655 = VERTEX_POINT('',#1656);
#1656 = CARTESIAN_POINT('',(265.02675,-177.44136,0.));
#1657 = LINE('',#1658,#1659);
#1658 = CARTESIAN_POINT('',(265.02675,-177.44136,0.));
#1659 = VECTOR('',#1660,1.);
#1660 = DIRECTION('',(-1.,0.,0.));
#1661 = ORIENTED_EDGE('',*,*,#1662,.F.);
#1662 = EDGE_CURVE('',#1639,#1655,#1663,.T.);
#1663 = LINE('',#1664,#1665);
#1664 = CARTESIAN_POINT('',(265.02675,-180.44136,0.));
#1665 = VECTOR('',#1666,1.);
#1666 = DIRECTION('',(0.,1.,0.));
#1667 = FACE_BOUND('',#1668,.F.);
#1668 = EDGE_LOOP('',(#1669));
#1669 = ORIENTED_EDGE('',*,*,#1670,.T.);
#1670 = EDGE_CURVE('',#1671,#1671,#1673,.T.);
#1671 = VERTEX_POINT('',#1672);
#1672 = CARTESIAN_POINT('',(250.02,-175.77,0.));
#1673 = CIRCLE('',#1674,0.5);
#1674 = AXIS2_PLACEMENT_3D('',#1675,#1676,#1677);
#1675 = CARTESIAN_POINT('',(250.02,-175.27,0.));
#1676 = DIRECTION('',(-0.,0.,-1.));
#1677 = DIRECTION('',(-0.,-1.,0.));
#1678 = FACE_BOUND('',#1679,.F.);
#1679 = EDGE_LOOP('',(#1680));
#1680 = ORIENTED_EDGE('',*,*,#1681,.T.);
#1681 = EDGE_CURVE('',#1682,#1682,#1684,.T.);
#1682 = VERTEX_POINT('',#1683);
#1683 = CARTESIAN_POINT('',(250.02,-173.23,0.));
#1684 = CIRCLE('',#1685,0.5);
#1685 = AXIS2_PLACEMENT_3D('',#1686,#1687,#1688);
#1686 = CARTESIAN_POINT('',(250.02,-172.73,0.));
#1687 = DIRECTION('',(-0.,0.,-1.));
#1688 = DIRECTION('',(-0.,-1.,0.));
#1689 = FACE_BOUND('',#1690,.F.);
#1690 = EDGE_LOOP('',(#1691));
#1691 = ORIENTED_EDGE('',*,*,#1692,.T.);
#1692 = EDGE_CURVE('',#1693,#1693,#1695,.T.);
#1693 = VERTEX_POINT('',#1694);
#1694 = CARTESIAN_POINT('',(258.24675,-174.29226,0.));
#1695 = CIRCLE('',#1696,0.8509);
#1696 = AXIS2_PLACEMENT_3D('',#1697,#1698,#1699);
#1697 = CARTESIAN_POINT('',(258.24675,-173.44136,0.));
#1698 = DIRECTION('',(-0.,0.,-1.));
#1699 = DIRECTION('',(-0.,-1.,0.));
#1700 = FACE_BOUND('',#1701,.F.);
#1701 = EDGE_LOOP('',(#1702));
#1702 = ORIENTED_EDGE('',*,*,#1703,.T.);
#1703 = EDGE_CURVE('',#1704,#1704,#1706,.T.);
#1704 = VERTEX_POINT('',#1705);
#1705 = CARTESIAN_POINT('',(263.32675,-175.43526,0.));
#1706 = CIRCLE('',#1707,1.9939);
#1707 = AXIS2_PLACEMENT_3D('',#1708,#1709,#1710);
#1708 = CARTESIAN_POINT('',(263.32675,-173.44136,0.));
#1709 = DIRECTION('',(-0.,0.,-1.));
#1710 = DIRECTION('',(-0.,-1.,0.));
#1711 = FACE_BOUND('',#1712,.F.);
#1712 = EDGE_LOOP('',(#1713));
#1713 = ORIENTED_EDGE('',*,*,#1714,.T.);
#1714 = EDGE_CURVE('',#1715,#1715,#1717,.T.);
#1715 = VERTEX_POINT('',#1716);
#1716 = CARTESIAN_POINT('',(268.40675,-174.29226,0.));
#1717 = CIRCLE('',#1718,0.8509);
#1718 = AXIS2_PLACEMENT_3D('',#1719,#1720,#1721);
#1719 = CARTESIAN_POINT('',(268.40675,-173.44136,0.));
#1720 = DIRECTION('',(-0.,0.,-1.));
#1721 = DIRECTION('',(-0.,-1.,0.));
#1722 = FACE_BOUND('',#1723,.F.);
#1723 = EDGE_LOOP('',(#1724));
#1724 = ORIENTED_EDGE('',*,*,#1725,.T.);
#1725 = EDGE_CURVE('',#1726,#1726,#1728,.T.);
#1726 = VERTEX_POINT('',#1727);
#1727 = CARTESIAN_POINT('',(259.51675,-172.40136,0.));
#1728 = CIRCLE('',#1729,1.5);
#1729 = AXIS2_PLACEMENT_3D('',#1730,#1731,#1732);
#1730 = CARTESIAN_POINT('',(259.51675,-170.90136,0.));
#1731 = DIRECTION('',(-0.,0.,-1.));
#1732 = DIRECTION('',(-0.,-1.,0.));
#1733 = FACE_BOUND('',#1734,.F.);
#1734 = EDGE_LOOP('',(#1735,#1745,#1753,#1761));
#1735 = ORIENTED_EDGE('',*,*,#1736,.F.);
#1736 = EDGE_CURVE('',#1737,#1739,#1741,.T.);
#1737 = VERTEX_POINT('',#1738);
#1738 = CARTESIAN_POINT('',(206.858,-161.39136,0.));
#1739 = VERTEX_POINT('',#1740);
#1740 = CARTESIAN_POINT('',(210.258,-161.39136,0.));
#1741 = LINE('',#1742,#1743);
#1742 = CARTESIAN_POINT('',(206.858,-161.39136,0.));
#1743 = VECTOR('',#1744,1.);
#1744 = DIRECTION('',(1.,0.,0.));
#1745 = ORIENTED_EDGE('',*,*,#1746,.F.);
#1746 = EDGE_CURVE('',#1747,#1737,#1749,.T.);
#1747 = VERTEX_POINT('',#1748);
#1748 = CARTESIAN_POINT('',(206.858,-158.39136,0.));
#1749 = LINE('',#1750,#1751);
#1750 = CARTESIAN_POINT('',(206.858,-158.39136,0.));
#1751 = VECTOR('',#1752,1.);
#1752 = DIRECTION('',(0.,-1.,0.));
#1753 = ORIENTED_EDGE('',*,*,#1754,.F.);
#1754 = EDGE_CURVE('',#1755,#1747,#1757,.T.);
#1755 = VERTEX_POINT('',#1756);
#1756 = CARTESIAN_POINT('',(210.258,-158.39136,0.));
#1757 = LINE('',#1758,#1759);
#1758 = CARTESIAN_POINT('',(210.258,-158.39136,0.));
#1759 = VECTOR('',#1760,1.);
#1760 = DIRECTION('',(-1.,0.,0.));
#1761 = ORIENTED_EDGE('',*,*,#1762,.F.);
#1762 = EDGE_CURVE('',#1739,#1755,#1763,.T.);
#1763 = LINE('',#1764,#1765);
#1764 = CARTESIAN_POINT('',(210.258,-161.39136,0.));
#1765 = VECTOR('',#1766,1.);
#1766 = DIRECTION('',(0.,1.,0.));
#1767 = FACE_BOUND('',#1768,.F.);
#1768 = EDGE_LOOP('',(#1769,#1779,#1787,#1795));
#1769 = ORIENTED_EDGE('',*,*,#1770,.F.);
#1770 = EDGE_CURVE('',#1771,#1773,#1775,.T.);
#1771 = VERTEX_POINT('',#1772);
#1772 = CARTESIAN_POINT('',(225.908,-161.39136,0.));
#1773 = VERTEX_POINT('',#1774);
#1774 = CARTESIAN_POINT('',(229.308,-161.39136,0.));
#1775 = LINE('',#1776,#1777);
#1776 = CARTESIAN_POINT('',(225.908,-161.39136,0.));
#1777 = VECTOR('',#1778,1.);
#1778 = DIRECTION('',(1.,0.,0.));
#1779 = ORIENTED_EDGE('',*,*,#1780,.F.);
#1780 = EDGE_CURVE('',#1781,#1771,#1783,.T.);
#1781 = VERTEX_POINT('',#1782);
#1782 = CARTESIAN_POINT('',(225.908,-158.39136,0.));
#1783 = LINE('',#1784,#1785);
#1784 = CARTESIAN_POINT('',(225.908,-158.39136,0.));
#1785 = VECTOR('',#1786,1.);
#1786 = DIRECTION('',(0.,-1.,0.));
#1787 = ORIENTED_EDGE('',*,*,#1788,.F.);
#1788 = EDGE_CURVE('',#1789,#1781,#1791,.T.);
#1789 = VERTEX_POINT('',#1790);
#1790 = CARTESIAN_POINT('',(229.308,-158.39136,0.));
#1791 = LINE('',#1792,#1793);
#1792 = CARTESIAN_POINT('',(229.308,-158.39136,0.));
#1793 = VECTOR('',#1794,1.);
#1794 = DIRECTION('',(-1.,0.,0.));
#1795 = ORIENTED_EDGE('',*,*,#1796,.F.);
#1796 = EDGE_CURVE('',#1773,#1789,#1797,.T.);
#1797 = LINE('',#1798,#1799);
#1798 = CARTESIAN_POINT('',(229.308,-161.39136,0.));
#1799 = VECTOR('',#1800,1.);
#1800 = DIRECTION('',(0.,1.,0.));
#1801 = FACE_BOUND('',#1802,.F.);
#1802 = EDGE_LOOP('',(#1803));
#1803 = ORIENTED_EDGE('',*,*,#1804,.T.);
#1804 = EDGE_CURVE('',#1805,#1805,#1807,.T.);
#1805 = VERTEX_POINT('',#1806);
#1806 = CARTESIAN_POINT('',(250.02,-170.69,0.));
#1807 = CIRCLE('',#1808,0.5);
#1808 = AXIS2_PLACEMENT_3D('',#1809,#1810,#1811);
#1809 = CARTESIAN_POINT('',(250.02,-170.19,0.));
#1810 = DIRECTION('',(-0.,0.,-1.));
#1811 = DIRECTION('',(-0.,-1.,0.));
#1812 = FACE_BOUND('',#1813,.F.);
#1813 = EDGE_LOOP('',(#1814));
#1814 = ORIENTED_EDGE('',*,*,#1815,.T.);
#1815 = EDGE_CURVE('',#1816,#1816,#1818,.T.);
#1816 = VERTEX_POINT('',#1817);
#1817 = CARTESIAN_POINT('',(241.8879,-167.18026,0.));
#1818 = CIRCLE('',#1819,1.9939);
#1819 = AXIS2_PLACEMENT_3D('',#1820,#1821,#1822);
#1820 = CARTESIAN_POINT('',(241.8879,-165.18636,0.));
#1821 = DIRECTION('',(-0.,0.,-1.));
#1822 = DIRECTION('',(-0.,-1.,0.));
#1823 = FACE_BOUND('',#1824,.F.);
#1824 = EDGE_LOOP('',(#1825));
#1825 = ORIENTED_EDGE('',*,*,#1826,.T.);
#1826 = EDGE_CURVE('',#1827,#1827,#1829,.T.);
#1827 = VERTEX_POINT('',#1828);
#1828 = CARTESIAN_POINT('',(265.86675,-169.86136,0.));
#1829 = CIRCLE('',#1830,1.5);
#1830 = AXIS2_PLACEMENT_3D('',#1831,#1832,#1833);
#1831 = CARTESIAN_POINT('',(265.86675,-168.36136,0.));
#1832 = DIRECTION('',(-0.,0.,-1.));
#1833 = DIRECTION('',(-0.,-1.,0.));
#1834 = FACE_BOUND('',#1835,.F.);
#1835 = EDGE_LOOP('',(#1836,#1846,#1854,#1862));
#1836 = ORIENTED_EDGE('',*,*,#1837,.F.);
#1837 = EDGE_CURVE('',#1838,#1840,#1842,.T.);
#1838 = VERTEX_POINT('',#1839);
#1839 = CARTESIAN_POINT('',(244.958,-161.39136,0.));
#1840 = VERTEX_POINT('',#1841);
#1841 = CARTESIAN_POINT('',(248.358,-161.39136,0.));
#1842 = LINE('',#1843,#1844);
#1843 = CARTESIAN_POINT('',(244.958,-161.39136,0.));
#1844 = VECTOR('',#1845,1.);
#1845 = DIRECTION('',(1.,0.,0.));
#1846 = ORIENTED_EDGE('',*,*,#1847,.F.);
#1847 = EDGE_CURVE('',#1848,#1838,#1850,.T.);
#1848 = VERTEX_POINT('',#1849);
#1849 = CARTESIAN_POINT('',(244.958,-158.39136,0.));
#1850 = LINE('',#1851,#1852);
#1851 = CARTESIAN_POINT('',(244.958,-158.39136,0.));
#1852 = VECTOR('',#1853,1.);
#1853 = DIRECTION('',(0.,-1.,0.));
#1854 = ORIENTED_EDGE('',*,*,#1855,.F.);
#1855 = EDGE_CURVE('',#1856,#1848,#1858,.T.);
#1856 = VERTEX_POINT('',#1857);
#1857 = CARTESIAN_POINT('',(248.358,-158.39136,0.));
#1858 = LINE('',#1859,#1860);
#1859 = CARTESIAN_POINT('',(248.358,-158.39136,0.));
#1860 = VECTOR('',#1861,1.);
#1861 = DIRECTION('',(-1.,0.,0.));
#1862 = ORIENTED_EDGE('',*,*,#1863,.F.);
#1863 = EDGE_CURVE('',#1840,#1856,#1864,.T.);
#1864 = LINE('',#1865,#1866);
#1865 = CARTESIAN_POINT('',(248.358,-161.39136,0.));
#1866 = VECTOR('',#1867,1.);
#1867 = DIRECTION('',(0.,1.,0.));
#1868 = FACE_BOUND('',#1869,.F.);
#1869 = EDGE_LOOP('',(#1870,#1880,#1888,#1896));
#1870 = ORIENTED_EDGE('',*,*,#1871,.F.);
#1871 = EDGE_CURVE('',#1872,#1874,#1876,.T.);
#1872 = VERTEX_POINT('',#1873);
#1873 = CARTESIAN_POINT('',(264.058,-161.39136,0.));
#1874 = VERTEX_POINT('',#1875);
#1875 = CARTESIAN_POINT('',(267.458,-161.39136,0.));
#1876 = LINE('',#1877,#1878);
#1877 = CARTESIAN_POINT('',(264.058,-161.39136,0.));
#1878 = VECTOR('',#1879,1.);
#1879 = DIRECTION('',(1.,0.,0.));
#1880 = ORIENTED_EDGE('',*,*,#1881,.F.);
#1881 = EDGE_CURVE('',#1882,#1872,#1884,.T.);
#1882 = VERTEX_POINT('',#1883);
#1883 = CARTESIAN_POINT('',(264.058,-158.39136,0.));
#1884 = LINE('',#1885,#1886);
#1885 = CARTESIAN_POINT('',(264.058,-158.39136,0.));
#1886 = VECTOR('',#1887,1.);
#1887 = DIRECTION('',(0.,-1.,0.));
#1888 = ORIENTED_EDGE('',*,*,#1889,.F.);
#1889 = EDGE_CURVE('',#1890,#1882,#1892,.T.);
#1890 = VERTEX_POINT('',#1891);
#1891 = CARTESIAN_POINT('',(267.458,-158.39136,0.));
#1892 = LINE('',#1893,#1894);
#1893 = CARTESIAN_POINT('',(267.458,-158.39136,0.));
#1894 = VECTOR('',#1895,1.);
#1895 = DIRECTION('',(-1.,0.,0.));
#1896 = ORIENTED_EDGE('',*,*,#1897,.F.);
#1897 = EDGE_CURVE('',#1874,#1890,#1898,.T.);
#1898 = LINE('',#1899,#1900);
#1899 = CARTESIAN_POINT('',(267.458,-161.39136,0.));
#1900 = VECTOR('',#1901,1.);
#1901 = DIRECTION('',(0.,1.,0.));
#1902 = FACE_BOUND('',#1903,.F.);
#1903 = EDGE_LOOP('',(#1904,#1914,#1922,#1930));
#1904 = ORIENTED_EDGE('',*,*,#1905,.F.);
#1905 = EDGE_CURVE('',#1906,#1908,#1910,.T.);
#1906 = VERTEX_POINT('',#1907);
#1907 = CARTESIAN_POINT('',(285.43925,-180.44136,0.));
#1908 = VERTEX_POINT('',#1909);
#1909 = CARTESIAN_POINT('',(288.83925,-180.44136,0.));
#1910 = LINE('',#1911,#1912);
#1911 = CARTESIAN_POINT('',(285.43925,-180.44136,0.));
#1912 = VECTOR('',#1913,1.);
#1913 = DIRECTION('',(1.,0.,0.));
#1914 = ORIENTED_EDGE('',*,*,#1915,.F.);
#1915 = EDGE_CURVE('',#1916,#1906,#1918,.T.);
#1916 = VERTEX_POINT('',#1917);
#1917 = CARTESIAN_POINT('',(285.43925,-177.44136,0.));
#1918 = LINE('',#1919,#1920);
#1919 = CARTESIAN_POINT('',(285.43925,-177.44136,0.));
#1920 = VECTOR('',#1921,1.);
#1921 = DIRECTION('',(0.,-1.,0.));
#1922 = ORIENTED_EDGE('',*,*,#1923,.F.);
#1923 = EDGE_CURVE('',#1924,#1916,#1926,.T.);
#1924 = VERTEX_POINT('',#1925);
#1925 = CARTESIAN_POINT('',(288.83925,-177.44136,0.));
#1926 = LINE('',#1927,#1928);
#1927 = CARTESIAN_POINT('',(288.83925,-177.44136,0.));
#1928 = VECTOR('',#1929,1.);
#1929 = DIRECTION('',(-1.,0.,0.));
#1930 = ORIENTED_EDGE('',*,*,#1931,.F.);
#1931 = EDGE_CURVE('',#1908,#1924,#1932,.T.);
#1932 = LINE('',#1933,#1934);
#1933 = CARTESIAN_POINT('',(288.83925,-180.44136,0.));
#1934 = VECTOR('',#1935,1.);
#1935 = DIRECTION('',(0.,1.,0.));
#1936 = FACE_BOUND('',#1937,.F.);
#1937 = EDGE_LOOP('',(#1938));
#1938 = ORIENTED_EDGE('',*,*,#1939,.T.);
#1939 = EDGE_CURVE('',#1940,#1940,#1942,.T.);
#1940 = VERTEX_POINT('',#1941);
#1941 = CARTESIAN_POINT('',(282.05925,-174.29226,0.));
#1942 = CIRCLE('',#1943,0.8509);
#1943 = AXIS2_PLACEMENT_3D('',#1944,#1945,#1946);
#1944 = CARTESIAN_POINT('',(282.05925,-173.44136,0.));
#1945 = DIRECTION('',(-0.,0.,-1.));
#1946 = DIRECTION('',(-0.,-1.,0.));
#1947 = FACE_BOUND('',#1948,.F.);
#1948 = EDGE_LOOP('',(#1949));
#1949 = ORIENTED_EDGE('',*,*,#1950,.T.);
#1950 = EDGE_CURVE('',#1951,#1951,#1953,.T.);
#1951 = VERTEX_POINT('',#1952);
#1952 = CARTESIAN_POINT('',(287.13925,-175.43526,0.));
#1953 = CIRCLE('',#1954,1.9939);
#1954 = AXIS2_PLACEMENT_3D('',#1955,#1956,#1957);
#1955 = CARTESIAN_POINT('',(287.13925,-173.44136,0.));
#1956 = DIRECTION('',(-0.,0.,-1.));
#1957 = DIRECTION('',(-0.,-1.,0.));
#1958 = FACE_BOUND('',#1959,.F.);
#1959 = EDGE_LOOP('',(#1960));
#1960 = ORIENTED_EDGE('',*,*,#1961,.T.);
#1961 = EDGE_CURVE('',#1962,#1962,#1964,.T.);
#1962 = VERTEX_POINT('',#1963);
#1963 = CARTESIAN_POINT('',(283.32925,-172.40136,0.));
#1964 = CIRCLE('',#1965,1.5);
#1965 = AXIS2_PLACEMENT_3D('',#1966,#1967,#1968);
#1966 = CARTESIAN_POINT('',(283.32925,-170.90136,0.));
#1967 = DIRECTION('',(-0.,0.,-1.));
#1968 = DIRECTION('',(-0.,-1.,0.));
#1969 = FACE_BOUND('',#1970,.F.);
#1970 = EDGE_LOOP('',(#1971));
#1971 = ORIENTED_EDGE('',*,*,#1972,.T.);
#1972 = EDGE_CURVE('',#1973,#1973,#1975,.T.);
#1973 = VERTEX_POINT('',#1974);
#1974 = CARTESIAN_POINT('',(292.21925,-174.29226,0.));
#1975 = CIRCLE('',#1976,0.8509);
#1976 = AXIS2_PLACEMENT_3D('',#1977,#1978,#1979);
#1977 = CARTESIAN_POINT('',(292.21925,-173.44136,0.));
#1978 = DIRECTION('',(-0.,0.,-1.));
#1979 = DIRECTION('',(-0.,-1.,0.));
#1980 = FACE_BOUND('',#1981,.F.);
#1981 = EDGE_LOOP('',(#1982));
#1982 = ORIENTED_EDGE('',*,*,#1983,.T.);
#1983 = EDGE_CURVE('',#1984,#1984,#1986,.T.);
#1984 = VERTEX_POINT('',#1985);
#1985 = CARTESIAN_POINT('',(305.87175,-174.29226,0.));
#1986 = CIRCLE('',#1987,0.8509);
#1987 = AXIS2_PLACEMENT_3D('',#1988,#1989,#1990);
#1988 = CARTESIAN_POINT('',(305.87175,-173.44136,0.));
#1989 = DIRECTION('',(-0.,0.,-1.));
#1990 = DIRECTION('',(-0.,-1.,0.));
#1991 = FACE_BOUND('',#1992,.F.);
#1992 = EDGE_LOOP('',(#1993,#2003,#2011,#2019));
#1993 = ORIENTED_EDGE('',*,*,#1994,.F.);
#1994 = EDGE_CURVE('',#1995,#1997,#1999,.T.);
#1995 = VERTEX_POINT('',#1996);
#1996 = CARTESIAN_POINT('',(309.25175,-180.44136,0.));
#1997 = VERTEX_POINT('',#1998);
#1998 = CARTESIAN_POINT('',(312.65175,-180.44136,0.));
#1999 = LINE('',#2000,#2001);
#2000 = CARTESIAN_POINT('',(309.25175,-180.44136,0.));
#2001 = VECTOR('',#2002,1.);
#2002 = DIRECTION('',(1.,0.,0.));
#2003 = ORIENTED_EDGE('',*,*,#2004,.F.);
#2004 = EDGE_CURVE('',#2005,#1995,#2007,.T.);
#2005 = VERTEX_POINT('',#2006);
#2006 = CARTESIAN_POINT('',(309.25175,-177.44136,0.));
#2007 = LINE('',#2008,#2009);
#2008 = CARTESIAN_POINT('',(309.25175,-177.44136,0.));
#2009 = VECTOR('',#2010,1.);
#2010 = DIRECTION('',(0.,-1.,0.));
#2011 = ORIENTED_EDGE('',*,*,#2012,.F.);
#2012 = EDGE_CURVE('',#2013,#2005,#2015,.T.);
#2013 = VERTEX_POINT('',#2014);
#2014 = CARTESIAN_POINT('',(312.65175,-177.44136,0.));
#2015 = LINE('',#2016,#2017);
#2016 = CARTESIAN_POINT('',(312.65175,-177.44136,0.));
#2017 = VECTOR('',#2018,1.);
#2018 = DIRECTION('',(-1.,0.,0.));
#2019 = ORIENTED_EDGE('',*,*,#2020,.F.);
#2020 = EDGE_CURVE('',#1997,#2013,#2021,.T.);
#2021 = LINE('',#2022,#2023);
#2022 = CARTESIAN_POINT('',(312.65175,-180.44136,0.));
#2023 = VECTOR('',#2024,1.);
#2024 = DIRECTION('',(0.,1.,0.));
#2025 = FACE_BOUND('',#2026,.F.);
#2026 = EDGE_LOOP('',(#2027,#2037,#2045,#2053));
#2027 = ORIENTED_EDGE('',*,*,#2028,.F.);
#2028 = EDGE_CURVE('',#2029,#2031,#2033,.T.);
#2029 = VERTEX_POINT('',#2030);
#2030 = CARTESIAN_POINT('',(333.06425,-180.44136,0.));
#2031 = VERTEX_POINT('',#2032);
#2032 = CARTESIAN_POINT('',(336.46425,-180.44136,0.));
#2033 = LINE('',#2034,#2035);
#2034 = CARTESIAN_POINT('',(333.06425,-180.44136,0.));
#2035 = VECTOR('',#2036,1.);
#2036 = DIRECTION('',(1.,0.,0.));
#2037 = ORIENTED_EDGE('',*,*,#2038,.F.);
#2038 = EDGE_CURVE('',#2039,#2029,#2041,.T.);
#2039 = VERTEX_POINT('',#2040);
#2040 = CARTESIAN_POINT('',(333.06425,-177.44136,0.));
#2041 = LINE('',#2042,#2043);
#2042 = CARTESIAN_POINT('',(333.06425,-177.44136,0.));
#2043 = VECTOR('',#2044,1.);
#2044 = DIRECTION('',(0.,-1.,0.));
#2045 = ORIENTED_EDGE('',*,*,#2046,.F.);
#2046 = EDGE_CURVE('',#2047,#2039,#2049,.T.);
#2047 = VERTEX_POINT('',#2048);
#2048 = CARTESIAN_POINT('',(336.46425,-177.44136,0.));
#2049 = LINE('',#2050,#2051);
#2050 = CARTESIAN_POINT('',(336.46425,-177.44136,0.));
#2051 = VECTOR('',#2052,1.);
#2052 = DIRECTION('',(-1.,0.,0.));
#2053 = ORIENTED_EDGE('',*,*,#2054,.F.);
#2054 = EDGE_CURVE('',#2031,#2047,#2055,.T.);
#2055 = LINE('',#2056,#2057);
#2056 = CARTESIAN_POINT('',(336.46425,-180.44136,0.));
#2057 = VECTOR('',#2058,1.);
#2058 = DIRECTION('',(0.,1.,0.));
#2059 = FACE_BOUND('',#2060,.F.);
#2060 = EDGE_LOOP('',(#2061));
#2061 = ORIENTED_EDGE('',*,*,#2062,.T.);
#2062 = EDGE_CURVE('',#2063,#2063,#2065,.T.);
#2063 = VERTEX_POINT('',#2064);
#2064 = CARTESIAN_POINT('',(310.95175,-175.43526,0.));
#2065 = CIRCLE('',#2066,1.9939);
#2066 = AXIS2_PLACEMENT_3D('',#2067,#2068,#2069);
#2067 = CARTESIAN_POINT('',(310.95175,-173.44136,0.));
#2068 = DIRECTION('',(-0.,0.,-1.));
#2069 = DIRECTION('',(-0.,-1.,0.));
#2070 = FACE_BOUND('',#2071,.F.);
#2071 = EDGE_LOOP('',(#2072));
#2072 = ORIENTED_EDGE('',*,*,#2073,.T.);
#2073 = EDGE_CURVE('',#2074,#2074,#2076,.T.);
#2074 = VERTEX_POINT('',#2075);
#2075 = CARTESIAN_POINT('',(316.03175,-174.29226,0.));
#2076 = CIRCLE('',#2077,0.8509);
#2077 = AXIS2_PLACEMENT_3D('',#2078,#2079,#2080);
#2078 = CARTESIAN_POINT('',(316.03175,-173.44136,0.));
#2079 = DIRECTION('',(-0.,0.,-1.));
#2080 = DIRECTION('',(-0.,-1.,0.));
#2081 = FACE_BOUND('',#2082,.F.);
#2082 = EDGE_LOOP('',(#2083));
#2083 = ORIENTED_EDGE('',*,*,#2084,.T.);
#2084 = EDGE_CURVE('',#2085,#2085,#2087,.T.);
#2085 = VERTEX_POINT('',#2086);
#2086 = CARTESIAN_POINT('',(307.14175,-172.40136,0.));
#2087 = CIRCLE('',#2088,1.5);
#2088 = AXIS2_PLACEMENT_3D('',#2089,#2090,#2091);
#2089 = CARTESIAN_POINT('',(307.14175,-170.90136,0.));
#2090 = DIRECTION('',(-0.,0.,-1.));
#2091 = DIRECTION('',(-0.,-1.,0.));
#2092 = FACE_BOUND('',#2093,.F.);
#2093 = EDGE_LOOP('',(#2094));
#2094 = ORIENTED_EDGE('',*,*,#2095,.T.);
#2095 = EDGE_CURVE('',#2096,#2096,#2098,.T.);
#2096 = VERTEX_POINT('',#2097);
#2097 = CARTESIAN_POINT('',(329.68425,-174.29226,0.));
#2098 = CIRCLE('',#2099,0.8509);
#2099 = AXIS2_PLACEMENT_3D('',#2100,#2101,#2102);
#2100 = CARTESIAN_POINT('',(329.68425,-173.44136,0.));
#2101 = DIRECTION('',(-0.,0.,-1.));
#2102 = DIRECTION('',(-0.,-1.,0.));
#2103 = FACE_BOUND('',#2104,.F.);
#2104 = EDGE_LOOP('',(#2105));
#2105 = ORIENTED_EDGE('',*,*,#2106,.T.);
#2106 = EDGE_CURVE('',#2107,#2107,#2109,.T.);
#2107 = VERTEX_POINT('',#2108);
#2108 = CARTESIAN_POINT('',(334.76425,-175.43526,0.));
#2109 = CIRCLE('',#2110,1.9939);
#2110 = AXIS2_PLACEMENT_3D('',#2111,#2112,#2113);
#2111 = CARTESIAN_POINT('',(334.76425,-173.44136,0.));
#2112 = DIRECTION('',(-0.,0.,-1.));
#2113 = DIRECTION('',(-0.,-1.,0.));
#2114 = FACE_BOUND('',#2115,.F.);
#2115 = EDGE_LOOP('',(#2116));
#2116 = ORIENTED_EDGE('',*,*,#2117,.T.);
#2117 = EDGE_CURVE('',#2118,#2118,#2120,.T.);
#2118 = VERTEX_POINT('',#2119);
#2119 = CARTESIAN_POINT('',(339.84425,-174.29226,0.));
#2120 = CIRCLE('',#2121,0.8509);
#2121 = AXIS2_PLACEMENT_3D('',#2122,#2123,#2124);
#2122 = CARTESIAN_POINT('',(339.84425,-173.44136,0.));
#2123 = DIRECTION('',(-0.,0.,-1.));
#2124 = DIRECTION('',(-0.,-1.,0.));
#2125 = FACE_BOUND('',#2126,.F.);
#2126 = EDGE_LOOP('',(#2127));
#2127 = ORIENTED_EDGE('',*,*,#2128,.T.);
#2128 = EDGE_CURVE('',#2129,#2129,#2131,.T.);
#2129 = VERTEX_POINT('',#2130);
#2130 = CARTESIAN_POINT('',(330.95425,-172.40136,0.));
#2131 = CIRCLE('',#2132,1.5);
#2132 = AXIS2_PLACEMENT_3D('',#2133,#2134,#2135);
#2133 = CARTESIAN_POINT('',(330.95425,-170.90136,0.));
#2134 = DIRECTION('',(-0.,0.,-1.));
#2135 = DIRECTION('',(-0.,-1.,0.));
#2136 = FACE_BOUND('',#2137,.F.);
#2137 = EDGE_LOOP('',(#2138));
#2138 = ORIENTED_EDGE('',*,*,#2139,.T.);
#2139 = EDGE_CURVE('',#2140,#2140,#2142,.T.);
#2140 = VERTEX_POINT('',#2141);
#2141 = CARTESIAN_POINT('',(289.67925,-169.86136,0.));
#2142 = CIRCLE('',#2143,1.5);
#2143 = AXIS2_PLACEMENT_3D('',#2144,#2145,#2146);
#2144 = CARTESIAN_POINT('',(289.67925,-168.36136,0.));
#2145 = DIRECTION('',(-0.,0.,-1.));
#2146 = DIRECTION('',(-0.,-1.,0.));
#2147 = FACE_BOUND('',#2148,.F.);
#2148 = EDGE_LOOP('',(#2149,#2159,#2167,#2175));
#2149 = ORIENTED_EDGE('',*,*,#2150,.F.);
#2150 = EDGE_CURVE('',#2151,#2153,#2155,.T.);
#2151 = VERTEX_POINT('',#2152);
#2152 = CARTESIAN_POINT('',(283.108,-161.39136,0.));
#2153 = VERTEX_POINT('',#2154);
#2154 = CARTESIAN_POINT('',(286.508,-161.39136,0.));
#2155 = LINE('',#2156,#2157);
#2156 = CARTESIAN_POINT('',(283.108,-161.39136,0.));
#2157 = VECTOR('',#2158,1.);
#2158 = DIRECTION('',(1.,0.,0.));
#2159 = ORIENTED_EDGE('',*,*,#2160,.F.);
#2160 = EDGE_CURVE('',#2161,#2151,#2163,.T.);
#2161 = VERTEX_POINT('',#2162);
#2162 = CARTESIAN_POINT('',(283.108,-158.39136,0.));
#2163 = LINE('',#2164,#2165);
#2164 = CARTESIAN_POINT('',(283.108,-158.39136,0.));
#2165 = VECTOR('',#2166,1.);
#2166 = DIRECTION('',(0.,-1.,0.));
#2167 = ORIENTED_EDGE('',*,*,#2168,.F.);
#2168 = EDGE_CURVE('',#2169,#2161,#2171,.T.);
#2169 = VERTEX_POINT('',#2170);
#2170 = CARTESIAN_POINT('',(286.508,-158.39136,0.));
#2171 = LINE('',#2172,#2173);
#2172 = CARTESIAN_POINT('',(286.508,-158.39136,0.));
#2173 = VECTOR('',#2174,1.);
#2174 = DIRECTION('',(-1.,0.,0.));
#2175 = ORIENTED_EDGE('',*,*,#2176,.F.);
#2176 = EDGE_CURVE('',#2153,#2169,#2177,.T.);
#2177 = LINE('',#2178,#2179);
#2178 = CARTESIAN_POINT('',(286.508,-161.39136,0.));
#2179 = VECTOR('',#2180,1.);
#2180 = DIRECTION('',(0.,1.,0.));
#2181 = FACE_BOUND('',#2182,.F.);
#2182 = EDGE_LOOP('',(#2183));
#2183 = ORIENTED_EDGE('',*,*,#2184,.T.);
#2184 = EDGE_CURVE('',#2185,#2185,#2187,.T.);
#2185 = VERTEX_POINT('',#2186);
#2186 = CARTESIAN_POINT('',(313.49175,-169.86136,0.));
#2187 = CIRCLE('',#2188,1.5);
#2188 = AXIS2_PLACEMENT_3D('',#2189,#2190,#2191);
#2189 = CARTESIAN_POINT('',(313.49175,-168.36136,0.));
#2190 = DIRECTION('',(-0.,0.,-1.));
#2191 = DIRECTION('',(-0.,-1.,0.));
#2192 = FACE_BOUND('',#2193,.F.);
#2193 = EDGE_LOOP('',(#2194));
#2194 = ORIENTED_EDGE('',*,*,#2195,.T.);
#2195 = EDGE_CURVE('',#2196,#2196,#2198,.T.);
#2196 = VERTEX_POINT('',#2197);
#2197 = CARTESIAN_POINT('',(322.27,-169.1,0.));
#2198 = CIRCLE('',#2199,1.1);
#2199 = AXIS2_PLACEMENT_3D('',#2200,#2201,#2202);
#2200 = CARTESIAN_POINT('',(322.27,-168.,0.));
#2201 = DIRECTION('',(-0.,0.,-1.));
#2202 = DIRECTION('',(-0.,-1.,0.));
#2203 = FACE_BOUND('',#2204,.F.);
#2204 = EDGE_LOOP('',(#2205));
#2205 = ORIENTED_EDGE('',*,*,#2206,.T.);
#2206 = EDGE_CURVE('',#2207,#2207,#2209,.T.);
#2207 = VERTEX_POINT('',#2208);
#2208 = CARTESIAN_POINT('',(337.30425,-169.86136,0.));
#2209 = CIRCLE('',#2210,1.5);
#2210 = AXIS2_PLACEMENT_3D('',#2211,#2212,#2213);
#2211 = CARTESIAN_POINT('',(337.30425,-168.36136,0.));
#2212 = DIRECTION('',(-0.,0.,-1.));
#2213 = DIRECTION('',(-0.,-1.,0.));
#2214 = FACE_BOUND('',#2215,.F.);
#2215 = EDGE_LOOP('',(#2216));
#2216 = ORIENTED_EDGE('',*,*,#2217,.T.);
#2217 = EDGE_CURVE('',#2218,#2218,#2220,.T.);
#2218 = VERTEX_POINT('',#2219);
#2219 = CARTESIAN_POINT('',(308.53875,-164.64026,0.));
#2220 = CIRCLE('',#2221,1.9939);
#2221 = AXIS2_PLACEMENT_3D('',#2222,#2223,#2224);
#2222 = CARTESIAN_POINT('',(308.53875,-162.64636,0.));
#2223 = DIRECTION('',(-0.,0.,-1.));
#2224 = DIRECTION('',(-0.,-1.,0.));
#2225 = FACE_BOUND('',#2226,.F.);
#2226 = EDGE_LOOP('',(#2227,#2237,#2245,#2253));
#2227 = ORIENTED_EDGE('',*,*,#2228,.F.);
#2228 = EDGE_CURVE('',#2229,#2231,#2233,.T.);
#2229 = VERTEX_POINT('',#2230);
#2230 = CARTESIAN_POINT('',(318.82675,-161.39136,0.));
#2231 = VERTEX_POINT('',#2232);
#2232 = CARTESIAN_POINT('',(322.22675,-161.39136,0.));
#2233 = LINE('',#2234,#2235);
#2234 = CARTESIAN_POINT('',(318.82675,-161.39136,0.));
#2235 = VECTOR('',#2236,1.);
#2236 = DIRECTION('',(1.,0.,0.));
#2237 = ORIENTED_EDGE('',*,*,#2238,.F.);
#2238 = EDGE_CURVE('',#2239,#2229,#2241,.T.);
#2239 = VERTEX_POINT('',#2240);
#2240 = CARTESIAN_POINT('',(318.82675,-158.39136,0.));
#2241 = LINE('',#2242,#2243);
#2242 = CARTESIAN_POINT('',(318.82675,-158.39136,0.));
#2243 = VECTOR('',#2244,1.);
#2244 = DIRECTION('',(0.,-1.,0.));
#2245 = ORIENTED_EDGE('',*,*,#2246,.F.);
#2246 = EDGE_CURVE('',#2247,#2239,#2249,.T.);
#2247 = VERTEX_POINT('',#2248);
#2248 = CARTESIAN_POINT('',(322.22675,-158.39136,0.));
#2249 = LINE('',#2250,#2251);
#2250 = CARTESIAN_POINT('',(322.22675,-158.39136,0.));
#2251 = VECTOR('',#2252,1.);
#2252 = DIRECTION('',(-1.,0.,0.));
#2253 = ORIENTED_EDGE('',*,*,#2254,.F.);
#2254 = EDGE_CURVE('',#2231,#2247,#2255,.T.);
#2255 = LINE('',#2256,#2257);
#2256 = CARTESIAN_POINT('',(322.22675,-161.39136,0.));
#2257 = VECTOR('',#2258,1.);
#2258 = DIRECTION('',(0.,1.,0.));
#2259 = FACE_BOUND('',#2260,.F.);
#2260 = EDGE_LOOP('',(#2261));
#2261 = ORIENTED_EDGE('',*,*,#2262,.T.);
#2262 = EDGE_CURVE('',#2263,#2263,#2265,.T.);
#2263 = VERTEX_POINT('',#2264);
#2264 = CARTESIAN_POINT('',(332.41475,-164.64026,0.));
#2265 = CIRCLE('',#2266,1.9939);
#2266 = AXIS2_PLACEMENT_3D('',#2267,#2268,#2269);
#2267 = CARTESIAN_POINT('',(332.41475,-162.64636,0.));
#2268 = DIRECTION('',(-0.,0.,-1.));
#2269 = DIRECTION('',(-0.,-1.,0.));
#2270 = FACE_BOUND('',#2271,.F.);
#2271 = EDGE_LOOP('',(#2272));
#2272 = ORIENTED_EDGE('',*,*,#2273,.T.);
#2273 = EDGE_CURVE('',#2274,#2274,#2276,.T.);
#2274 = VERTEX_POINT('',#2275);
#2275 = CARTESIAN_POINT('',(203.478,-155.24226,0.));
#2276 = CIRCLE('',#2277,0.8509);
#2277 = AXIS2_PLACEMENT_3D('',#2278,#2279,#2280);
#2278 = CARTESIAN_POINT('',(203.478,-154.39136,0.));
#2279 = DIRECTION('',(-0.,0.,-1.));
#2280 = DIRECTION('',(-0.,-1.,0.));
#2281 = FACE_BOUND('',#2282,.F.);
#2282 = EDGE_LOOP('',(#2283));
#2283 = ORIENTED_EDGE('',*,*,#2284,.T.);
#2284 = EDGE_CURVE('',#2285,#2285,#2287,.T.);
#2285 = VERTEX_POINT('',#2286);
#2286 = CARTESIAN_POINT('',(208.558,-156.38526,0.));
#2287 = CIRCLE('',#2288,1.9939);
#2288 = AXIS2_PLACEMENT_3D('',#2289,#2290,#2291);
#2289 = CARTESIAN_POINT('',(208.558,-154.39136,0.));
#2290 = DIRECTION('',(-0.,0.,-1.));
#2291 = DIRECTION('',(-0.,-1.,0.));
#2292 = FACE_BOUND('',#2293,.F.);
#2293 = EDGE_LOOP('',(#2294));
#2294 = ORIENTED_EDGE('',*,*,#2295,.T.);
#2295 = EDGE_CURVE('',#2296,#2296,#2298,.T.);
#2296 = VERTEX_POINT('',#2297);
#2297 = CARTESIAN_POINT('',(213.638,-155.24226,0.));
#2298 = CIRCLE('',#2299,0.8509);
#2299 = AXIS2_PLACEMENT_3D('',#2300,#2301,#2302);
#2300 = CARTESIAN_POINT('',(213.638,-154.39136,0.));
#2301 = DIRECTION('',(-0.,0.,-1.));
#2302 = DIRECTION('',(-0.,-1.,0.));
#2303 = FACE_BOUND('',#2304,.F.);
#2304 = EDGE_LOOP('',(#2305));
#2305 = ORIENTED_EDGE('',*,*,#2306,.T.);
#2306 = EDGE_CURVE('',#2307,#2307,#2309,.T.);
#2307 = VERTEX_POINT('',#2308);
#2308 = CARTESIAN_POINT('',(222.528,-155.24226,0.));
#2309 = CIRCLE('',#2310,0.8509);
#2310 = AXIS2_PLACEMENT_3D('',#2311,#2312,#2313);
#2311 = CARTESIAN_POINT('',(222.528,-154.39136,0.));
#2312 = DIRECTION('',(-0.,0.,-1.));
#2313 = DIRECTION('',(-0.,-1.,0.));
#2314 = FACE_BOUND('',#2315,.F.);
#2315 = EDGE_LOOP('',(#2316));
#2316 = ORIENTED_EDGE('',*,*,#2317,.T.);
#2317 = EDGE_CURVE('',#2318,#2318,#2320,.T.);
#2318 = VERTEX_POINT('',#2319);
#2319 = CARTESIAN_POINT('',(227.608,-156.38526,0.));
#2320 = CIRCLE('',#2321,1.9939);
#2321 = AXIS2_PLACEMENT_3D('',#2322,#2323,#2324);
#2322 = CARTESIAN_POINT('',(227.608,-154.39136,0.));
#2323 = DIRECTION('',(-0.,0.,-1.));
#2324 = DIRECTION('',(-0.,-1.,0.));
#2325 = FACE_BOUND('',#2326,.F.);
#2326 = EDGE_LOOP('',(#2327));
#2327 = ORIENTED_EDGE('',*,*,#2328,.T.);
#2328 = EDGE_CURVE('',#2329,#2329,#2331,.T.);
#2329 = VERTEX_POINT('',#2330);
#2330 = CARTESIAN_POINT('',(232.688,-155.24226,0.));
#2331 = CIRCLE('',#2332,0.8509);
#2332 = AXIS2_PLACEMENT_3D('',#2333,#2334,#2335);
#2333 = CARTESIAN_POINT('',(232.688,-154.39136,0.));
#2334 = DIRECTION('',(-0.,0.,-1.));
#2335 = DIRECTION('',(-0.,-1.,0.));
#2336 = FACE_BOUND('',#2337,.F.);
#2337 = EDGE_LOOP('',(#2338));
#2338 = ORIENTED_EDGE('',*,*,#2339,.T.);
#2339 = EDGE_CURVE('',#2340,#2340,#2342,.T.);
#2340 = VERTEX_POINT('',#2341);
#2341 = CARTESIAN_POINT('',(204.748,-153.35136,0.));
#2342 = CIRCLE('',#2343,1.5);
#2343 = AXIS2_PLACEMENT_3D('',#2344,#2345,#2346);
#2344 = CARTESIAN_POINT('',(204.748,-151.85136,0.));
#2345 = DIRECTION('',(-0.,0.,-1.));
#2346 = DIRECTION('',(-0.,-1.,0.));
#2347 = FACE_BOUND('',#2348,.F.);
#2348 = EDGE_LOOP('',(#2349));
#2349 = ORIENTED_EDGE('',*,*,#2350,.T.);
#2350 = EDGE_CURVE('',#2351,#2351,#2353,.T.);
#2351 = VERTEX_POINT('',#2352);
#2352 = CARTESIAN_POINT('',(211.098,-150.81136,0.));
#2353 = CIRCLE('',#2354,1.5);
#2354 = AXIS2_PLACEMENT_3D('',#2355,#2356,#2357);
#2355 = CARTESIAN_POINT('',(211.098,-149.31136,0.));
#2356 = DIRECTION('',(-0.,0.,-1.));
#2357 = DIRECTION('',(-0.,-1.,0.));
#2358 = FACE_BOUND('',#2359,.F.);
#2359 = EDGE_LOOP('',(#2360));
#2360 = ORIENTED_EDGE('',*,*,#2361,.T.);
#2361 = EDGE_CURVE('',#2362,#2362,#2364,.T.);
#2362 = VERTEX_POINT('',#2363);
#2363 = CARTESIAN_POINT('',(223.798,-153.35136,0.));
#2364 = CIRCLE('',#2365,1.5);
#2365 = AXIS2_PLACEMENT_3D('',#2366,#2367,#2368);
#2366 = CARTESIAN_POINT('',(223.798,-151.85136,0.));
#2367 = DIRECTION('',(-0.,0.,-1.));
#2368 = DIRECTION('',(-0.,-1.,0.));
#2369 = FACE_BOUND('',#2370,.F.);
#2370 = EDGE_LOOP('',(#2371));
#2371 = ORIENTED_EDGE('',*,*,#2372,.T.);
#2372 = EDGE_CURVE('',#2373,#2373,#2375,.T.);
#2373 = VERTEX_POINT('',#2374);
#2374 = CARTESIAN_POINT('',(230.148,-150.81136,0.));
#2375 = CIRCLE('',#2376,1.5);
#2376 = AXIS2_PLACEMENT_3D('',#2377,#2378,#2379);
#2377 = CARTESIAN_POINT('',(230.148,-149.31136,0.));
#2378 = DIRECTION('',(-0.,0.,-1.));
#2379 = DIRECTION('',(-0.,-1.,0.));
#2380 = FACE_BOUND('',#2381,.F.);
#2381 = EDGE_LOOP('',(#2382));
#2382 = ORIENTED_EDGE('',*,*,#2383,.T.);
#2383 = EDGE_CURVE('',#2384,#2384,#2386,.T.);
#2384 = VERTEX_POINT('',#2385);
#2385 = CARTESIAN_POINT('',(241.578,-155.24226,0.));
#2386 = CIRCLE('',#2387,0.8509);
#2387 = AXIS2_PLACEMENT_3D('',#2388,#2389,#2390);
#2388 = CARTESIAN_POINT('',(241.578,-154.39136,0.));
#2389 = DIRECTION('',(-0.,0.,-1.));
#2390 = DIRECTION('',(-0.,-1.,0.));
#2391 = FACE_BOUND('',#2392,.F.);
#2392 = EDGE_LOOP('',(#2393));
#2393 = ORIENTED_EDGE('',*,*,#2394,.T.);
#2394 = EDGE_CURVE('',#2395,#2395,#2397,.T.);
#2395 = VERTEX_POINT('',#2396);
#2396 = CARTESIAN_POINT('',(246.658,-156.38526,0.));
#2397 = CIRCLE('',#2398,1.9939);
#2398 = AXIS2_PLACEMENT_3D('',#2399,#2400,#2401);
#2399 = CARTESIAN_POINT('',(246.658,-154.39136,0.));
#2400 = DIRECTION('',(-0.,0.,-1.));
#2401 = DIRECTION('',(-1.425433042299E-14,-1.,0.));
#2402 = FACE_BOUND('',#2403,.F.);
#2403 = EDGE_LOOP('',(#2404));
#2404 = ORIENTED_EDGE('',*,*,#2405,.T.);
#2405 = EDGE_CURVE('',#2406,#2406,#2408,.T.);
#2406 = VERTEX_POINT('',#2407);
#2407 = CARTESIAN_POINT('',(251.738,-155.24226,0.));
#2408 = CIRCLE('',#2409,0.8509);
#2409 = AXIS2_PLACEMENT_3D('',#2410,#2411,#2412);
#2410 = CARTESIAN_POINT('',(251.738,-154.39136,0.));
#2411 = DIRECTION('',(-0.,0.,-1.));
#2412 = DIRECTION('',(-0.,-1.,0.));
#2413 = FACE_BOUND('',#2414,.F.);
#2414 = EDGE_LOOP('',(#2415));
#2415 = ORIENTED_EDGE('',*,*,#2416,.T.);
#2416 = EDGE_CURVE('',#2417,#2417,#2419,.T.);
#2417 = VERTEX_POINT('',#2418);
#2418 = CARTESIAN_POINT('',(260.628,-155.24226,0.));
#2419 = CIRCLE('',#2420,0.8509);
#2420 = AXIS2_PLACEMENT_3D('',#2421,#2422,#2423);
#2421 = CARTESIAN_POINT('',(260.628,-154.39136,0.));
#2422 = DIRECTION('',(-0.,0.,-1.));
#2423 = DIRECTION('',(-6.680387690775E-14,-1.,0.));
#2424 = FACE_BOUND('',#2425,.F.);
#2425 = EDGE_LOOP('',(#2426));
#2426 = ORIENTED_EDGE('',*,*,#2427,.T.);
#2427 = EDGE_CURVE('',#2428,#2428,#2430,.T.);
#2428 = VERTEX_POINT('',#2429);
#2429 = CARTESIAN_POINT('',(265.708,-156.38526,0.));
#2430 = CIRCLE('',#2431,1.9939);
#2431 = AXIS2_PLACEMENT_3D('',#2432,#2433,#2434);
#2432 = CARTESIAN_POINT('',(265.708,-154.39136,0.));
#2433 = DIRECTION('',(-0.,0.,-1.));
#2434 = DIRECTION('',(2.850866084598E-14,-1.,-0.));
#2435 = FACE_BOUND('',#2436,.F.);
#2436 = EDGE_LOOP('',(#2437));
#2437 = ORIENTED_EDGE('',*,*,#2438,.T.);
#2438 = EDGE_CURVE('',#2439,#2439,#2441,.T.);
#2439 = VERTEX_POINT('',#2440);
#2440 = CARTESIAN_POINT('',(270.788,-155.24226,0.));
#2441 = CIRCLE('',#2442,0.8509);
#2442 = AXIS2_PLACEMENT_3D('',#2443,#2444,#2445);
#2443 = CARTESIAN_POINT('',(270.788,-154.39136,0.));
#2444 = DIRECTION('',(-0.,0.,-1.));
#2445 = DIRECTION('',(-0.,-1.,0.));
#2446 = FACE_BOUND('',#2447,.F.);
#2447 = EDGE_LOOP('',(#2448));
#2448 = ORIENTED_EDGE('',*,*,#2449,.T.);
#2449 = EDGE_CURVE('',#2450,#2450,#2452,.T.);
#2450 = VERTEX_POINT('',#2451);
#2451 = CARTESIAN_POINT('',(242.848,-153.35136,0.));
#2452 = CIRCLE('',#2453,1.5);
#2453 = AXIS2_PLACEMENT_3D('',#2454,#2455,#2456);
#2454 = CARTESIAN_POINT('',(242.848,-151.85136,0.));
#2455 = DIRECTION('',(-0.,0.,-1.));
#2456 = DIRECTION('',(-0.,-1.,0.));
#2457 = FACE_BOUND('',#2458,.F.);
#2458 = EDGE_LOOP('',(#2459));
#2459 = ORIENTED_EDGE('',*,*,#2460,.T.);
#2460 = EDGE_CURVE('',#2461,#2461,#2463,.T.);
#2461 = VERTEX_POINT('',#2462);
#2462 = CARTESIAN_POINT('',(249.198,-150.81136,0.));
#2463 = CIRCLE('',#2464,1.5);
#2464 = AXIS2_PLACEMENT_3D('',#2465,#2466,#2467);
#2465 = CARTESIAN_POINT('',(249.198,-149.31136,0.));
#2466 = DIRECTION('',(-0.,0.,-1.));
#2467 = DIRECTION('',(-0.,-1.,0.));
#2468 = FACE_BOUND('',#2469,.F.);
#2469 = EDGE_LOOP('',(#2470));
#2470 = ORIENTED_EDGE('',*,*,#2471,.T.);
#2471 = EDGE_CURVE('',#2472,#2472,#2474,.T.);
#2472 = VERTEX_POINT('',#2473);
#2473 = CARTESIAN_POINT('',(261.898,-153.35136,0.));
#2474 = CIRCLE('',#2475,1.5);
#2475 = AXIS2_PLACEMENT_3D('',#2476,#2477,#2478);
#2476 = CARTESIAN_POINT('',(261.898,-151.85136,0.));
#2477 = DIRECTION('',(-0.,0.,-1.));
#2478 = DIRECTION('',(-0.,-1.,0.));
#2479 = FACE_BOUND('',#2480,.F.);
#2480 = EDGE_LOOP('',(#2481));
#2481 = ORIENTED_EDGE('',*,*,#2482,.T.);
#2482 = EDGE_CURVE('',#2483,#2483,#2485,.T.);
#2483 = VERTEX_POINT('',#2484);
#2484 = CARTESIAN_POINT('',(268.248,-150.81136,0.));
#2485 = CIRCLE('',#2486,1.5);
#2486 = AXIS2_PLACEMENT_3D('',#2487,#2488,#2489);
#2487 = CARTESIAN_POINT('',(268.248,-149.31136,0.));
#2488 = DIRECTION('',(-0.,0.,-1.));
#2489 = DIRECTION('',(-0.,-1.,0.));
#2490 = FACE_BOUND('',#2491,.F.);
#2491 = EDGE_LOOP('',(#2492,#2502,#2510,#2518));
#2492 = ORIENTED_EDGE('',*,*,#2493,.F.);
#2493 = EDGE_CURVE('',#2494,#2496,#2498,.T.);
#2494 = VERTEX_POINT('',#2495);
#2495 = CARTESIAN_POINT('',(216.383,-142.34136,0.));
#2496 = VERTEX_POINT('',#2497);
#2497 = CARTESIAN_POINT('',(219.783,-142.34136,0.));
#2498 = LINE('',#2499,#2500);
#2499 = CARTESIAN_POINT('',(216.383,-142.34136,0.));
#2500 = VECTOR('',#2501,1.);
#2501 = DIRECTION('',(1.,0.,0.));
#2502 = ORIENTED_EDGE('',*,*,#2503,.F.);
#2503 = EDGE_CURVE('',#2504,#2494,#2506,.T.);
#2504 = VERTEX_POINT('',#2505);
#2505 = CARTESIAN_POINT('',(216.383,-139.34136,0.));
#2506 = LINE('',#2507,#2508);
#2507 = CARTESIAN_POINT('',(216.383,-139.34136,0.));
#2508 = VECTOR('',#2509,1.);
#2509 = DIRECTION('',(0.,-1.,0.));
#2510 = ORIENTED_EDGE('',*,*,#2511,.F.);
#2511 = EDGE_CURVE('',#2512,#2504,#2514,.T.);
#2512 = VERTEX_POINT('',#2513);
#2513 = CARTESIAN_POINT('',(219.783,-139.34136,0.));
#2514 = LINE('',#2515,#2516);
#2515 = CARTESIAN_POINT('',(219.783,-139.34136,0.));
#2516 = VECTOR('',#2517,1.);
#2517 = DIRECTION('',(-1.,0.,0.));
#2518 = ORIENTED_EDGE('',*,*,#2519,.F.);
#2519 = EDGE_CURVE('',#2496,#2512,#2520,.T.);
#2520 = LINE('',#2521,#2522);
#2521 = CARTESIAN_POINT('',(219.783,-142.34136,0.));
#2522 = VECTOR('',#2523,1.);
#2523 = DIRECTION('',(0.,1.,0.));
#2524 = FACE_BOUND('',#2525,.F.);
#2525 = EDGE_LOOP('',(#2526));
#2526 = ORIENTED_EDGE('',*,*,#2527,.T.);
#2527 = EDGE_CURVE('',#2528,#2528,#2530,.T.);
#2528 = VERTEX_POINT('',#2529);
#2529 = CARTESIAN_POINT('',(204.113,-136.19226,0.));
#2530 = CIRCLE('',#2531,0.8509);
#2531 = AXIS2_PLACEMENT_3D('',#2532,#2533,#2534);
#2532 = CARTESIAN_POINT('',(204.113,-135.34136,0.));
#2533 = DIRECTION('',(-0.,0.,-1.));
#2534 = DIRECTION('',(-0.,-1.,0.));
#2535 = FACE_BOUND('',#2536,.F.);
#2536 = EDGE_LOOP('',(#2537));
#2537 = ORIENTED_EDGE('',*,*,#2538,.T.);
#2538 = EDGE_CURVE('',#2539,#2539,#2541,.T.);
#2539 = VERTEX_POINT('',#2540);
#2540 = CARTESIAN_POINT('',(218.083,-137.33526,0.));
#2541 = CIRCLE('',#2542,1.9939);
#2542 = AXIS2_PLACEMENT_3D('',#2543,#2544,#2545);
#2543 = CARTESIAN_POINT('',(218.083,-135.34136,0.));
#2544 = DIRECTION('',(-0.,0.,-1.));
#2545 = DIRECTION('',(-0.,-1.,0.));
#2546 = FACE_BOUND('',#2547,.F.);
#2547 = EDGE_LOOP('',(#2548,#2558,#2566,#2574));
#2548 = ORIENTED_EDGE('',*,*,#2549,.F.);
#2549 = EDGE_CURVE('',#2550,#2552,#2554,.T.);
#2550 = VERTEX_POINT('',#2551);
#2551 = CARTESIAN_POINT('',(235.433,-142.34136,0.));
#2552 = VERTEX_POINT('',#2553);
#2553 = CARTESIAN_POINT('',(238.833,-142.34136,0.));
#2554 = LINE('',#2555,#2556);
#2555 = CARTESIAN_POINT('',(235.433,-142.34136,0.));
#2556 = VECTOR('',#2557,1.);
#2557 = DIRECTION('',(1.,0.,0.));
#2558 = ORIENTED_EDGE('',*,*,#2559,.F.);
#2559 = EDGE_CURVE('',#2560,#2550,#2562,.T.);
#2560 = VERTEX_POINT('',#2561);
#2561 = CARTESIAN_POINT('',(235.433,-139.34136,0.));
#2562 = LINE('',#2563,#2564);
#2563 = CARTESIAN_POINT('',(235.433,-139.34136,0.));
#2564 = VECTOR('',#2565,1.);
#2565 = DIRECTION('',(0.,-1.,0.));
#2566 = ORIENTED_EDGE('',*,*,#2567,.F.);
#2567 = EDGE_CURVE('',#2568,#2560,#2570,.T.);
#2568 = VERTEX_POINT('',#2569);
#2569 = CARTESIAN_POINT('',(238.833,-139.34136,0.));
#2570 = LINE('',#2571,#2572);
#2571 = CARTESIAN_POINT('',(238.833,-139.34136,0.));
#2572 = VECTOR('',#2573,1.);
#2573 = DIRECTION('',(-1.,0.,0.));
#2574 = ORIENTED_EDGE('',*,*,#2575,.F.);
#2575 = EDGE_CURVE('',#2552,#2568,#2576,.T.);
#2576 = LINE('',#2577,#2578);
#2577 = CARTESIAN_POINT('',(238.833,-142.34136,0.));
#2578 = VECTOR('',#2579,1.);
#2579 = DIRECTION('',(0.,1.,0.));
#2580 = FACE_BOUND('',#2581,.F.);
#2581 = EDGE_LOOP('',(#2582));
#2582 = ORIENTED_EDGE('',*,*,#2583,.T.);
#2583 = EDGE_CURVE('',#2584,#2584,#2586,.T.);
#2584 = VERTEX_POINT('',#2585);
#2585 = CARTESIAN_POINT('',(223.163,-136.19226,0.));
#2586 = CIRCLE('',#2587,0.8509);
#2587 = AXIS2_PLACEMENT_3D('',#2588,#2589,#2590);
#2588 = CARTESIAN_POINT('',(223.163,-135.34136,0.));
#2589 = DIRECTION('',(-0.,0.,-1.));
#2590 = DIRECTION('',(-0.,-1.,0.));
#2591 = FACE_BOUND('',#2592,.F.);
#2592 = EDGE_LOOP('',(#2593));
#2593 = ORIENTED_EDGE('',*,*,#2594,.T.);
#2594 = EDGE_CURVE('',#2595,#2595,#2597,.T.);
#2595 = VERTEX_POINT('',#2596);
#2596 = CARTESIAN_POINT('',(232.053,-136.19226,0.));
#2597 = CIRCLE('',#2598,0.8509);
#2598 = AXIS2_PLACEMENT_3D('',#2599,#2600,#2601);
#2599 = CARTESIAN_POINT('',(232.053,-135.34136,0.));
#2600 = DIRECTION('',(-0.,0.,-1.));
#2601 = DIRECTION('',(-0.,-1.,0.));
#2602 = FACE_BOUND('',#2603,.F.);
#2603 = EDGE_LOOP('',(#2604));
#2604 = ORIENTED_EDGE('',*,*,#2605,.T.);
#2605 = EDGE_CURVE('',#2606,#2606,#2608,.T.);
#2606 = VERTEX_POINT('',#2607);
#2607 = CARTESIAN_POINT('',(237.133,-137.33526,0.));
#2608 = CIRCLE('',#2609,1.9939);
#2609 = AXIS2_PLACEMENT_3D('',#2610,#2611,#2612);
#2610 = CARTESIAN_POINT('',(237.133,-135.34136,0.));
#2611 = DIRECTION('',(-0.,0.,-1.));
#2612 = DIRECTION('',(-0.,-1.,0.));
#2613 = FACE_BOUND('',#2614,.F.);
#2614 = EDGE_LOOP('',(#2615));
#2615 = ORIENTED_EDGE('',*,*,#2616,.T.);
#2616 = EDGE_CURVE('',#2617,#2617,#2619,.T.);
#2617 = VERTEX_POINT('',#2618);
#2618 = CARTESIAN_POINT('',(242.213,-136.19226,0.));
#2619 = CIRCLE('',#2620,0.8509);
#2620 = AXIS2_PLACEMENT_3D('',#2621,#2622,#2623);
#2621 = CARTESIAN_POINT('',(242.213,-135.34136,0.));
#2622 = DIRECTION('',(-0.,0.,-1.));
#2623 = DIRECTION('',(-0.,-1.,0.));
#2624 = FACE_BOUND('',#2625,.F.);
#2625 = EDGE_LOOP('',(#2626));
#2626 = ORIENTED_EDGE('',*,*,#2627,.T.);
#2627 = EDGE_CURVE('',#2628,#2628,#2630,.T.);
#2628 = VERTEX_POINT('',#2629);
#2629 = CARTESIAN_POINT('',(251.103,-136.19226,0.));
#2630 = CIRCLE('',#2631,0.8509);
#2631 = AXIS2_PLACEMENT_3D('',#2632,#2633,#2634);
#2632 = CARTESIAN_POINT('',(251.103,-135.34136,0.));
#2633 = DIRECTION('',(-0.,0.,-1.));
#2634 = DIRECTION('',(-0.,-1.,0.));
#2635 = FACE_BOUND('',#2636,.F.);
#2636 = EDGE_LOOP('',(#2637,#2647,#2655,#2663));
#2637 = ORIENTED_EDGE('',*,*,#2638,.F.);
#2638 = EDGE_CURVE('',#2639,#2641,#2643,.T.);
#2639 = VERTEX_POINT('',#2640);
#2640 = CARTESIAN_POINT('',(254.483,-142.34136,0.));
#2641 = VERTEX_POINT('',#2642);
#2642 = CARTESIAN_POINT('',(257.883,-142.34136,0.));
#2643 = LINE('',#2644,#2645);
#2644 = CARTESIAN_POINT('',(254.483,-142.34136,0.));
#2645 = VECTOR('',#2646,1.);
#2646 = DIRECTION('',(1.,0.,0.));
#2647 = ORIENTED_EDGE('',*,*,#2648,.F.);
#2648 = EDGE_CURVE('',#2649,#2639,#2651,.T.);
#2649 = VERTEX_POINT('',#2650);
#2650 = CARTESIAN_POINT('',(254.483,-139.34136,0.));
#2651 = LINE('',#2652,#2653);
#2652 = CARTESIAN_POINT('',(254.483,-139.34136,0.));
#2653 = VECTOR('',#2654,1.);
#2654 = DIRECTION('',(0.,-1.,0.));
#2655 = ORIENTED_EDGE('',*,*,#2656,.F.);
#2656 = EDGE_CURVE('',#2657,#2649,#2659,.T.);
#2657 = VERTEX_POINT('',#2658);
#2658 = CARTESIAN_POINT('',(257.883,-139.34136,0.));
#2659 = LINE('',#2660,#2661);
#2660 = CARTESIAN_POINT('',(257.883,-139.34136,0.));
#2661 = VECTOR('',#2662,1.);
#2662 = DIRECTION('',(-1.,0.,0.));
#2663 = ORIENTED_EDGE('',*,*,#2664,.F.);
#2664 = EDGE_CURVE('',#2641,#2657,#2665,.T.);
#2665 = LINE('',#2666,#2667);
#2666 = CARTESIAN_POINT('',(257.883,-142.34136,0.));
#2667 = VECTOR('',#2668,1.);
#2668 = DIRECTION('',(0.,1.,0.));
#2669 = FACE_BOUND('',#2670,.F.);
#2670 = EDGE_LOOP('',(#2671));
#2671 = ORIENTED_EDGE('',*,*,#2672,.T.);
#2672 = EDGE_CURVE('',#2673,#2673,#2675,.T.);
#2673 = VERTEX_POINT('',#2674);
#2674 = CARTESIAN_POINT('',(256.183,-137.33526,0.));
#2675 = CIRCLE('',#2676,1.9939);
#2676 = AXIS2_PLACEMENT_3D('',#2677,#2678,#2679);
#2677 = CARTESIAN_POINT('',(256.183,-135.34136,0.));
#2678 = DIRECTION('',(-0.,0.,-1.));
#2679 = DIRECTION('',(-0.,-1.,0.));
#2680 = FACE_BOUND('',#2681,.F.);
#2681 = EDGE_LOOP('',(#2682));
#2682 = ORIENTED_EDGE('',*,*,#2683,.T.);
#2683 = EDGE_CURVE('',#2684,#2684,#2686,.T.);
#2684 = VERTEX_POINT('',#2685);
#2685 = CARTESIAN_POINT('',(261.263,-136.19226,0.));
#2686 = CIRCLE('',#2687,0.8509);
#2687 = AXIS2_PLACEMENT_3D('',#2688,#2689,#2690);
#2688 = CARTESIAN_POINT('',(261.263,-135.34136,0.));
#2689 = DIRECTION('',(-0.,0.,-1.));
#2690 = DIRECTION('',(-6.680387690776E-14,-1.,0.));
#2691 = FACE_BOUND('',#2692,.F.);
#2692 = EDGE_LOOP('',(#2693));
#2693 = ORIENTED_EDGE('',*,*,#2694,.T.);
#2694 = EDGE_CURVE('',#2695,#2695,#2697,.T.);
#2695 = VERTEX_POINT('',#2696);
#2696 = CARTESIAN_POINT('',(270.153,-136.19226,0.));
#2697 = CIRCLE('',#2698,0.8509);
#2698 = AXIS2_PLACEMENT_3D('',#2699,#2700,#2701);
#2699 = CARTESIAN_POINT('',(270.153,-135.34136,0.));
#2700 = DIRECTION('',(-0.,0.,-1.));
#2701 = DIRECTION('',(-0.,-1.,0.));
#2702 = FACE_BOUND('',#2703,.F.);
#2703 = EDGE_LOOP('',(#2704));
#2704 = ORIENTED_EDGE('',*,*,#2705,.T.);
#2705 = EDGE_CURVE('',#2706,#2706,#2708,.T.);
#2706 = VERTEX_POINT('',#2707);
#2707 = CARTESIAN_POINT('',(279.678,-155.24226,0.));
#2708 = CIRCLE('',#2709,0.8509);
#2709 = AXIS2_PLACEMENT_3D('',#2710,#2711,#2712);
#2710 = CARTESIAN_POINT('',(279.678,-154.39136,0.));
#2711 = DIRECTION('',(-0.,0.,-1.));
#2712 = DIRECTION('',(-0.,-1.,0.));
#2713 = FACE_BOUND('',#2714,.F.);
#2714 = EDGE_LOOP('',(#2715));
#2715 = ORIENTED_EDGE('',*,*,#2716,.T.);
#2716 = EDGE_CURVE('',#2717,#2717,#2719,.T.);
#2717 = VERTEX_POINT('',#2718);
#2718 = CARTESIAN_POINT('',(284.758,-156.38526,0.));
#2719 = CIRCLE('',#2720,1.9939);
#2720 = AXIS2_PLACEMENT_3D('',#2721,#2722,#2723);
#2721 = CARTESIAN_POINT('',(284.758,-154.39136,0.));
#2722 = DIRECTION('',(-0.,0.,-1.));
#2723 = DIRECTION('',(-0.,-1.,0.));
#2724 = FACE_BOUND('',#2725,.F.);
#2725 = EDGE_LOOP('',(#2726));
#2726 = ORIENTED_EDGE('',*,*,#2727,.T.);
#2727 = EDGE_CURVE('',#2728,#2728,#2730,.T.);
#2728 = VERTEX_POINT('',#2729);
#2729 = CARTESIAN_POINT('',(289.838,-155.24226,0.));
#2730 = CIRCLE('',#2731,0.8509);
#2731 = AXIS2_PLACEMENT_3D('',#2732,#2733,#2734);
#2732 = CARTESIAN_POINT('',(289.838,-154.39136,0.));
#2733 = DIRECTION('',(-0.,0.,-1.));
#2734 = DIRECTION('',(6.680387690775E-14,-1.,-0.));
#2735 = FACE_BOUND('',#2736,.F.);
#2736 = EDGE_LOOP('',(#2737));
#2737 = ORIENTED_EDGE('',*,*,#2738,.T.);
#2738 = EDGE_CURVE('',#2739,#2739,#2741,.T.);
#2739 = VERTEX_POINT('',#2740);
#2740 = CARTESIAN_POINT('',(280.948,-153.35136,0.));
#2741 = CIRCLE('',#2742,1.5);
#2742 = AXIS2_PLACEMENT_3D('',#2743,#2744,#2745);
#2743 = CARTESIAN_POINT('',(280.948,-151.85136,0.));
#2744 = DIRECTION('',(-0.,0.,-1.));
#2745 = DIRECTION('',(-0.,-1.,0.));
#2746 = FACE_BOUND('',#2747,.F.);
#2747 = EDGE_LOOP('',(#2748));
#2748 = ORIENTED_EDGE('',*,*,#2749,.T.);
#2749 = EDGE_CURVE('',#2750,#2750,#2752,.T.);
#2750 = VERTEX_POINT('',#2751);
#2751 = CARTESIAN_POINT('',(287.298,-150.81136,0.));
#2752 = CIRCLE('',#2753,1.5);
#2753 = AXIS2_PLACEMENT_3D('',#2754,#2755,#2756);
#2754 = CARTESIAN_POINT('',(287.298,-149.31136,0.));
#2755 = DIRECTION('',(-0.,0.,-1.));
#2756 = DIRECTION('',(-0.,-1.,0.));
#2757 = FACE_BOUND('',#2758,.F.);
#2758 = EDGE_LOOP('',(#2759));
#2759 = ORIENTED_EDGE('',*,*,#2760,.T.);
#2760 = EDGE_CURVE('',#2761,#2761,#2763,.T.);
#2761 = VERTEX_POINT('',#2762);
#2762 = CARTESIAN_POINT('',(315.39675,-155.24226,0.));
#2763 = CIRCLE('',#2764,0.8509);
#2764 = AXIS2_PLACEMENT_3D('',#2765,#2766,#2767);
#2765 = CARTESIAN_POINT('',(315.39675,-154.39136,0.));
#2766 = DIRECTION('',(-0.,0.,-1.));
#2767 = DIRECTION('',(-0.,-1.,0.));
#2768 = FACE_BOUND('',#2769,.F.);
#2769 = EDGE_LOOP('',(#2770));
#2770 = ORIENTED_EDGE('',*,*,#2771,.T.);
#2771 = EDGE_CURVE('',#2772,#2772,#2774,.T.);
#2772 = VERTEX_POINT('',#2773);
#2773 = CARTESIAN_POINT('',(320.47675,-156.38526,0.));
#2774 = CIRCLE('',#2775,1.9939);
#2775 = AXIS2_PLACEMENT_3D('',#2776,#2777,#2778);
#2776 = CARTESIAN_POINT('',(320.47675,-154.39136,0.));
#2777 = DIRECTION('',(-0.,0.,-1.));
#2778 = DIRECTION('',(-0.,-1.,0.));
#2779 = FACE_BOUND('',#2780,.F.);
#2780 = EDGE_LOOP('',(#2781));
#2781 = ORIENTED_EDGE('',*,*,#2782,.T.);
#2782 = EDGE_CURVE('',#2783,#2783,#2785,.T.);
#2783 = VERTEX_POINT('',#2784);
#2784 = CARTESIAN_POINT('',(325.55675,-155.24226,0.));
#2785 = CIRCLE('',#2786,0.8509);
#2786 = AXIS2_PLACEMENT_3D('',#2787,#2788,#2789);
#2787 = CARTESIAN_POINT('',(325.55675,-154.39136,0.));
#2788 = DIRECTION('',(-0.,0.,-1.));
#2789 = DIRECTION('',(6.680387690775E-14,-1.,-0.));
#2790 = FACE_BOUND('',#2791,.F.);
#2791 = EDGE_LOOP('',(#2792));
#2792 = ORIENTED_EDGE('',*,*,#2793,.T.);
#2793 = EDGE_CURVE('',#2794,#2794,#2796,.T.);
#2794 = VERTEX_POINT('',#2795);
#2795 = CARTESIAN_POINT('',(316.66675,-153.35136,0.));
#2796 = CIRCLE('',#2797,1.5);
#2797 = AXIS2_PLACEMENT_3D('',#2798,#2799,#2800);
#2798 = CARTESIAN_POINT('',(316.66675,-151.85136,0.));
#2799 = DIRECTION('',(-0.,0.,-1.));
#2800 = DIRECTION('',(-0.,-1.,0.));
#2801 = FACE_BOUND('',#2802,.F.);
#2802 = EDGE_LOOP('',(#2803));
#2803 = ORIENTED_EDGE('',*,*,#2804,.T.);
#2804 = EDGE_CURVE('',#2805,#2805,#2807,.T.);
#2805 = VERTEX_POINT('',#2806);
#2806 = CARTESIAN_POINT('',(308.53875,-148.93036,0.));
#2807 = CIRCLE('',#2808,1.524);
#2808 = AXIS2_PLACEMENT_3D('',#2809,#2810,#2811);
#2809 = CARTESIAN_POINT('',(308.53875,-147.40636,0.));
#2810 = DIRECTION('',(-0.,0.,-1.));
#2811 = DIRECTION('',(-0.,-1.,0.));
#2812 = FACE_BOUND('',#2813,.F.);
#2813 = EDGE_LOOP('',(#2814));
#2814 = ORIENTED_EDGE('',*,*,#2815,.T.);
#2815 = EDGE_CURVE('',#2816,#2816,#2818,.T.);
#2816 = VERTEX_POINT('',#2817);
#2817 = CARTESIAN_POINT('',(323.01675,-150.81136,0.));
#2818 = CIRCLE('',#2819,1.5);
#2819 = AXIS2_PLACEMENT_3D('',#2820,#2821,#2822);
#2820 = CARTESIAN_POINT('',(323.01675,-149.31136,0.));
#2821 = DIRECTION('',(-0.,0.,-1.));
#2822 = DIRECTION('',(-0.,-1.,0.));
#2823 = FACE_BOUND('',#2824,.F.);
#2824 = EDGE_LOOP('',(#2825));
#2825 = ORIENTED_EDGE('',*,*,#2826,.T.);
#2826 = EDGE_CURVE('',#2827,#2827,#2829,.T.);
#2827 = VERTEX_POINT('',#2828);
#2828 = CARTESIAN_POINT('',(332.41475,-148.93036,0.));
#2829 = CIRCLE('',#2830,1.524);
#2830 = AXIS2_PLACEMENT_3D('',#2831,#2832,#2833);
#2831 = CARTESIAN_POINT('',(332.41475,-147.40636,0.));
#2832 = DIRECTION('',(-0.,0.,-1.));
#2833 = DIRECTION('',(-0.,-1.,0.));
#2834 = FACE_BOUND('',#2835,.F.);
#2835 = EDGE_LOOP('',(#2836,#2846,#2854,#2862));
#2836 = ORIENTED_EDGE('',*,*,#2837,.F.);
#2837 = EDGE_CURVE('',#2838,#2840,#2842,.T.);
#2838 = VERTEX_POINT('',#2839);
#2839 = CARTESIAN_POINT('',(273.533,-142.34136,0.));
#2840 = VERTEX_POINT('',#2841);
#2841 = CARTESIAN_POINT('',(276.933,-142.34136,0.));
#2842 = LINE('',#2843,#2844);
#2843 = CARTESIAN_POINT('',(273.533,-142.34136,0.));
#2844 = VECTOR('',#2845,1.);
#2845 = DIRECTION('',(1.,0.,0.));
#2846 = ORIENTED_EDGE('',*,*,#2847,.F.);
#2847 = EDGE_CURVE('',#2848,#2838,#2850,.T.);
#2848 = VERTEX_POINT('',#2849);
#2849 = CARTESIAN_POINT('',(273.533,-139.34136,0.));
#2850 = LINE('',#2851,#2852);
#2851 = CARTESIAN_POINT('',(273.533,-139.34136,0.));
#2852 = VECTOR('',#2853,1.);
#2853 = DIRECTION('',(0.,-1.,0.));
#2854 = ORIENTED_EDGE('',*,*,#2855,.F.);
#2855 = EDGE_CURVE('',#2856,#2848,#2858,.T.);
#2856 = VERTEX_POINT('',#2857);
#2857 = CARTESIAN_POINT('',(276.933,-139.34136,0.));
#2858 = LINE('',#2859,#2860);
#2859 = CARTESIAN_POINT('',(276.933,-139.34136,0.));
#2860 = VECTOR('',#2861,1.);
#2861 = DIRECTION('',(-1.,0.,0.));
#2862 = ORIENTED_EDGE('',*,*,#2863,.F.);
#2863 = EDGE_CURVE('',#2840,#2856,#2864,.T.);
#2864 = LINE('',#2865,#2866);
#2865 = CARTESIAN_POINT('',(276.933,-142.34136,0.));
#2866 = VECTOR('',#2867,1.);
#2867 = DIRECTION('',(0.,1.,0.));
#2868 = FACE_BOUND('',#2869,.F.);
#2869 = EDGE_LOOP('',(#2870,#2880,#2888,#2896));
#2870 = ORIENTED_EDGE('',*,*,#2871,.F.);
#2871 = EDGE_CURVE('',#2872,#2874,#2876,.T.);
#2872 = VERTEX_POINT('',#2873);
#2873 = CARTESIAN_POINT('',(292.583,-142.34136,0.));
#2874 = VERTEX_POINT('',#2875);
#2875 = CARTESIAN_POINT('',(295.983,-142.34136,0.));
#2876 = LINE('',#2877,#2878);
#2877 = CARTESIAN_POINT('',(292.583,-142.34136,0.));
#2878 = VECTOR('',#2879,1.);
#2879 = DIRECTION('',(1.,0.,0.));
#2880 = ORIENTED_EDGE('',*,*,#2881,.F.);
#2881 = EDGE_CURVE('',#2882,#2872,#2884,.T.);
#2882 = VERTEX_POINT('',#2883);
#2883 = CARTESIAN_POINT('',(292.583,-139.34136,0.));
#2884 = LINE('',#2885,#2886);
#2885 = CARTESIAN_POINT('',(292.583,-139.34136,0.));
#2886 = VECTOR('',#2887,1.);
#2887 = DIRECTION('',(0.,-1.,0.));
#2888 = ORIENTED_EDGE('',*,*,#2889,.F.);
#2889 = EDGE_CURVE('',#2890,#2882,#2892,.T.);
#2890 = VERTEX_POINT('',#2891);
#2891 = CARTESIAN_POINT('',(295.983,-139.34136,0.));
#2892 = LINE('',#2893,#2894);
#2893 = CARTESIAN_POINT('',(295.983,-139.34136,0.));
#2894 = VECTOR('',#2895,1.);
#2895 = DIRECTION('',(-1.,0.,0.));
#2896 = ORIENTED_EDGE('',*,*,#2897,.F.);
#2897 = EDGE_CURVE('',#2874,#2890,#2898,.T.);
#2898 = LINE('',#2899,#2900);
#2899 = CARTESIAN_POINT('',(295.983,-142.34136,0.));
#2900 = VECTOR('',#2901,1.);
#2901 = DIRECTION('',(0.,1.,0.));
#2902 = FACE_BOUND('',#2903,.F.);
#2903 = EDGE_LOOP('',(#2904));
#2904 = ORIENTED_EDGE('',*,*,#2905,.T.);
#2905 = EDGE_CURVE('',#2906,#2906,#2908,.T.);
#2906 = VERTEX_POINT('',#2907);
#2907 = CARTESIAN_POINT('',(294.283,-137.33526,0.));
#2908 = CIRCLE('',#2909,1.9939);
#2909 = AXIS2_PLACEMENT_3D('',#2910,#2911,#2912);
#2910 = CARTESIAN_POINT('',(294.283,-135.34136,0.));
#2911 = DIRECTION('',(-0.,0.,-1.));
#2912 = DIRECTION('',(-0.,-1.,0.));
#2913 = FACE_BOUND('',#2914,.F.);
#2914 = EDGE_LOOP('',(#2915));
#2915 = ORIENTED_EDGE('',*,*,#2916,.T.);
#2916 = EDGE_CURVE('',#2917,#2917,#2919,.T.);
#2917 = VERTEX_POINT('',#2918);
#2918 = CARTESIAN_POINT('',(313.30125,-145.59026,0.));
#2919 = CIRCLE('',#2920,1.9939);
#2920 = AXIS2_PLACEMENT_3D('',#2921,#2922,#2923);
#2921 = CARTESIAN_POINT('',(313.30125,-143.59636,0.));
#2922 = DIRECTION('',(-0.,0.,-1.));
#2923 = DIRECTION('',(-0.,-1.,0.));
#2924 = FACE_BOUND('',#2925,.F.);
#2925 = EDGE_LOOP('',(#2926));
#2926 = ORIENTED_EDGE('',*,*,#2927,.T.);
#2927 = EDGE_CURVE('',#2928,#2928,#2930,.T.);
#2928 = VERTEX_POINT('',#2929);
#2929 = CARTESIAN_POINT('',(337.17725,-145.59026,0.));
#2930 = CIRCLE('',#2931,1.9939);
#2931 = AXIS2_PLACEMENT_3D('',#2932,#2933,#2934);
#2932 = CARTESIAN_POINT('',(337.17725,-143.59636,0.));
#2933 = DIRECTION('',(-0.,0.,-1.));
#2934 = DIRECTION('',(-0.,-1.,0.));
#2935 = FACE_BOUND('',#2936,.F.);
#2936 = EDGE_LOOP('',(#2937));
#2937 = ORIENTED_EDGE('',*,*,#2938,.T.);
#2938 = EDGE_CURVE('',#2939,#2939,#2941,.T.);
#2939 = VERTEX_POINT('',#2940);
#2940 = CARTESIAN_POINT('',(320.15925,-136.19226,0.));
#2941 = CIRCLE('',#2942,0.8509);
#2942 = AXIS2_PLACEMENT_3D('',#2943,#2944,#2945);
#2943 = CARTESIAN_POINT('',(320.15925,-135.34136,0.));
#2944 = DIRECTION('',(-0.,0.,-1.));
#2945 = DIRECTION('',(-6.680387690776E-14,-1.,0.));
#2946 = FACE_BOUND('',#2947,.F.);
#2947 = EDGE_LOOP('',(#2948,#2958,#2966,#2974));
#2948 = ORIENTED_EDGE('',*,*,#2949,.F.);
#2949 = EDGE_CURVE('',#2950,#2952,#2954,.T.);
#2950 = VERTEX_POINT('',#2951);
#2951 = CARTESIAN_POINT('',(323.53925,-142.34136,0.));
#2952 = VERTEX_POINT('',#2953);
#2953 = CARTESIAN_POINT('',(326.93925,-142.34136,0.));
#2954 = LINE('',#2955,#2956);
#2955 = CARTESIAN_POINT('',(323.53925,-142.34136,0.));
#2956 = VECTOR('',#2957,1.);
#2957 = DIRECTION('',(1.,0.,0.));
#2958 = ORIENTED_EDGE('',*,*,#2959,.F.);
#2959 = EDGE_CURVE('',#2960,#2950,#2962,.T.);
#2960 = VERTEX_POINT('',#2961);
#2961 = CARTESIAN_POINT('',(323.53925,-139.34136,0.));
#2962 = LINE('',#2963,#2964);
#2963 = CARTESIAN_POINT('',(323.53925,-139.34136,0.));
#2964 = VECTOR('',#2965,1.);
#2965 = DIRECTION('',(0.,-1.,0.));
#2966 = ORIENTED_EDGE('',*,*,#2967,.F.);
#2967 = EDGE_CURVE('',#2968,#2960,#2970,.T.);
#2968 = VERTEX_POINT('',#2969);
#2969 = CARTESIAN_POINT('',(326.93925,-139.34136,0.));
#2970 = LINE('',#2971,#2972);
#2971 = CARTESIAN_POINT('',(326.93925,-139.34136,0.));
#2972 = VECTOR('',#2973,1.);
#2973 = DIRECTION('',(-1.,0.,0.));
#2974 = ORIENTED_EDGE('',*,*,#2975,.F.);
#2975 = EDGE_CURVE('',#2952,#2968,#2976,.T.);
#2976 = LINE('',#2977,#2978);
#2977 = CARTESIAN_POINT('',(326.93925,-142.34136,0.));
#2978 = VECTOR('',#2979,1.);
#2979 = DIRECTION('',(0.,1.,0.));
#2980 = FACE_BOUND('',#2981,.F.);
#2981 = EDGE_LOOP('',(#2982));
#2982 = ORIENTED_EDGE('',*,*,#2983,.T.);
#2983 = EDGE_CURVE('',#2984,#2984,#2986,.T.);
#2984 = VERTEX_POINT('',#2985);
#2985 = CARTESIAN_POINT('',(330.31925,-136.19226,0.));
#2986 = CIRCLE('',#2987,0.8509);
#2987 = AXIS2_PLACEMENT_3D('',#2988,#2989,#2990);
#2988 = CARTESIAN_POINT('',(330.31925,-135.34136,0.));
#2989 = DIRECTION('',(-0.,0.,-1.));
#2990 = DIRECTION('',(-0.,-1.,0.));
#2991 = FACE_BOUND('',#2992,.F.);
#2992 = EDGE_LOOP('',(#2993));
#2993 = ORIENTED_EDGE('',*,*,#2994,.T.);
#2994 = EDGE_CURVE('',#2995,#2995,#2997,.T.);
#2995 = VERTEX_POINT('',#2996);
#2996 = CARTESIAN_POINT('',(77.58925,-137.33526,0.));
#2997 = CIRCLE('',#2998,1.9939);
#2998 = AXIS2_PLACEMENT_3D('',#2999,#3000,#3001);
#2999 = CARTESIAN_POINT('',(77.58925,-135.34136,0.));
#3000 = DIRECTION('',(-0.,0.,-1.));
#3001 = DIRECTION('',(7.127165211496E-15,-1.,-0.));
#3002 = FACE_BOUND('',#3003,.F.);
#3003 = EDGE_LOOP('',(#3004));
#3004 = ORIENTED_EDGE('',*,*,#3005,.T.);
#3005 = EDGE_CURVE('',#3006,#3006,#3008,.T.);
#3006 = VERTEX_POINT('',#3007);
#3007 = CARTESIAN_POINT('',(73.77925,-134.30136,0.));
#3008 = CIRCLE('',#3009,1.5);
#3009 = AXIS2_PLACEMENT_3D('',#3010,#3011,#3012);
#3010 = CARTESIAN_POINT('',(73.77925,-132.80136,0.));
#3011 = DIRECTION('',(-0.,0.,-1.));
#3012 = DIRECTION('',(-0.,-1.,0.));
#3013 = FACE_BOUND('',#3014,.F.);
#3014 = EDGE_LOOP('',(#3015));
#3015 = ORIENTED_EDGE('',*,*,#3016,.T.);
#3016 = EDGE_CURVE('',#3017,#3017,#3019,.T.);
#3017 = VERTEX_POINT('',#3018);
#3018 = CARTESIAN_POINT('',(80.12925,-131.76136,0.));
#3019 = CIRCLE('',#3020,1.5);
#3020 = AXIS2_PLACEMENT_3D('',#3021,#3022,#3023);
#3021 = CARTESIAN_POINT('',(80.12925,-130.26136,0.));
#3022 = DIRECTION('',(-0.,0.,-1.));
#3023 = DIRECTION('',(-0.,-1.,0.));
#3024 = FACE_BOUND('',#3025,.F.);
#3025 = EDGE_LOOP('',(#3026));
#3026 = ORIENTED_EDGE('',*,*,#3027,.T.);
#3027 = EDGE_CURVE('',#3028,#3028,#3030,.T.);
#3028 = VERTEX_POINT('',#3029);
#3029 = CARTESIAN_POINT('',(99.973,-134.30136,0.));
#3030 = CIRCLE('',#3031,1.5);
#3031 = AXIS2_PLACEMENT_3D('',#3032,#3033,#3034);
#3032 = CARTESIAN_POINT('',(99.973,-132.80136,0.));
#3033 = DIRECTION('',(-0.,0.,-1.));
#3034 = DIRECTION('',(-0.,-1.,0.));
#3035 = FACE_BOUND('',#3036,.F.);
#3036 = EDGE_LOOP('',(#3037));
#3037 = ORIENTED_EDGE('',*,*,#3038,.T.);
#3038 = EDGE_CURVE('',#3039,#3039,#3041,.T.);
#3039 = VERTEX_POINT('',#3040);
#3040 = CARTESIAN_POINT('',(106.323,-131.76136,0.));
#3041 = CIRCLE('',#3042,1.5);
#3042 = AXIS2_PLACEMENT_3D('',#3043,#3044,#3045);
#3043 = CARTESIAN_POINT('',(106.323,-130.26136,0.));
#3044 = DIRECTION('',(-0.,0.,-1.));
#3045 = DIRECTION('',(-0.,-1.,0.));
#3046 = FACE_BOUND('',#3047,.F.);
#3047 = EDGE_LOOP('',(#3048));
#3048 = ORIENTED_EDGE('',*,*,#3049,.T.);
#3049 = EDGE_CURVE('',#3050,#3050,#3052,.T.);
#3050 = VERTEX_POINT('',#3051);
#3051 = CARTESIAN_POINT('',(119.023,-134.30136,0.));
#3052 = CIRCLE('',#3053,1.5);
#3053 = AXIS2_PLACEMENT_3D('',#3054,#3055,#3056);
#3054 = CARTESIAN_POINT('',(119.023,-132.80136,0.));
#3055 = DIRECTION('',(-0.,0.,-1.));
#3056 = DIRECTION('',(-0.,-1.,0.));
#3057 = FACE_BOUND('',#3058,.F.);
#3058 = EDGE_LOOP('',(#3059));
#3059 = ORIENTED_EDGE('',*,*,#3060,.T.);
#3060 = EDGE_CURVE('',#3061,#3061,#3063,.T.);
#3061 = VERTEX_POINT('',#3062);
#3062 = CARTESIAN_POINT('',(125.373,-131.76136,0.));
#3063 = CIRCLE('',#3064,1.5);
#3064 = AXIS2_PLACEMENT_3D('',#3065,#3066,#3067);
#3065 = CARTESIAN_POINT('',(125.373,-130.26136,0.));
#3066 = DIRECTION('',(-0.,0.,-1.));
#3067 = DIRECTION('',(-0.,-1.,0.));
#3068 = FACE_BOUND('',#3069,.F.);
#3069 = EDGE_LOOP('',(#3070,#3080,#3088,#3096));
#3070 = ORIENTED_EDGE('',*,*,#3071,.F.);
#3071 = EDGE_CURVE('',#3072,#3074,#3076,.T.);
#3072 = VERTEX_POINT('',#3073);
#3073 = CARTESIAN_POINT('',(73.508,-123.29136,0.));
#3074 = VERTEX_POINT('',#3075);
#3075 = CARTESIAN_POINT('',(76.908,-123.29136,0.));
#3076 = LINE('',#3077,#3078);
#3077 = CARTESIAN_POINT('',(73.508,-123.29136,0.));
#3078 = VECTOR('',#3079,1.);
#3079 = DIRECTION('',(1.,0.,0.));
#3080 = ORIENTED_EDGE('',*,*,#3081,.F.);
#3081 = EDGE_CURVE('',#3082,#3072,#3084,.T.);
#3082 = VERTEX_POINT('',#3083);
#3083 = CARTESIAN_POINT('',(73.508,-120.29136,0.));
#3084 = LINE('',#3085,#3086);
#3085 = CARTESIAN_POINT('',(73.508,-120.29136,0.));
#3086 = VECTOR('',#3087,1.);
#3087 = DIRECTION('',(0.,-1.,0.));
#3088 = ORIENTED_EDGE('',*,*,#3089,.F.);
#3089 = EDGE_CURVE('',#3090,#3082,#3092,.T.);
#3090 = VERTEX_POINT('',#3091);
#3091 = CARTESIAN_POINT('',(76.908,-120.29136,0.));
#3092 = LINE('',#3093,#3094);
#3093 = CARTESIAN_POINT('',(76.908,-120.29136,0.));
#3094 = VECTOR('',#3095,1.);
#3095 = DIRECTION('',(-1.,0.,0.));
#3096 = ORIENTED_EDGE('',*,*,#3097,.F.);
#3097 = EDGE_CURVE('',#3074,#3090,#3098,.T.);
#3098 = LINE('',#3099,#3100);
#3099 = CARTESIAN_POINT('',(76.908,-123.29136,0.));
#3100 = VECTOR('',#3101,1.);
#3101 = DIRECTION('',(0.,1.,0.));
#3102 = FACE_BOUND('',#3103,.F.);
#3103 = EDGE_LOOP('',(#3104,#3114,#3122,#3130));
#3104 = ORIENTED_EDGE('',*,*,#3105,.F.);
#3105 = EDGE_CURVE('',#3106,#3108,#3110,.T.);
#3106 = VERTEX_POINT('',#3107);
#3107 = CARTESIAN_POINT('',(97.3205,-123.29136,0.));
#3108 = VERTEX_POINT('',#3109);
#3109 = CARTESIAN_POINT('',(100.7205,-123.29136,0.));
#3110 = LINE('',#3111,#3112);
#3111 = CARTESIAN_POINT('',(97.3205,-123.29136,0.));
#3112 = VECTOR('',#3113,1.);
#3113 = DIRECTION('',(1.,0.,0.));
#3114 = ORIENTED_EDGE('',*,*,#3115,.F.);
#3115 = EDGE_CURVE('',#3116,#3106,#3118,.T.);
#3116 = VERTEX_POINT('',#3117);
#3117 = CARTESIAN_POINT('',(97.3205,-120.29136,0.));
#3118 = LINE('',#3119,#3120);
#3119 = CARTESIAN_POINT('',(97.3205,-120.29136,0.));
#3120 = VECTOR('',#3121,1.);
#3121 = DIRECTION('',(0.,-1.,0.));
#3122 = ORIENTED_EDGE('',*,*,#3123,.F.);
#3123 = EDGE_CURVE('',#3124,#3116,#3126,.T.);
#3124 = VERTEX_POINT('',#3125);
#3125 = CARTESIAN_POINT('',(100.7205,-120.29136,0.));
#3126 = LINE('',#3127,#3128);
#3127 = CARTESIAN_POINT('',(100.7205,-120.29136,0.));
#3128 = VECTOR('',#3129,1.);
#3129 = DIRECTION('',(-1.,0.,0.));
#3130 = ORIENTED_EDGE('',*,*,#3131,.F.);
#3131 = EDGE_CURVE('',#3108,#3124,#3132,.T.);
#3132 = LINE('',#3133,#3134);
#3133 = CARTESIAN_POINT('',(100.7205,-123.29136,0.));
#3134 = VECTOR('',#3135,1.);
#3135 = DIRECTION('',(0.,1.,0.));
#3136 = FACE_BOUND('',#3137,.F.);
#3137 = EDGE_LOOP('',(#3138));
#3138 = ORIENTED_EDGE('',*,*,#3139,.T.);
#3139 = EDGE_CURVE('',#3140,#3140,#3142,.T.);
#3140 = VERTEX_POINT('',#3141);
#3141 = CARTESIAN_POINT('',(70.128,-117.14226,0.));
#3142 = CIRCLE('',#3143,0.8509);
#3143 = AXIS2_PLACEMENT_3D('',#3144,#3145,#3146);
#3144 = CARTESIAN_POINT('',(70.128,-116.29136,0.));
#3145 = DIRECTION('',(-0.,0.,-1.));
#3146 = DIRECTION('',(-0.,-1.,0.));
#3147 = FACE_BOUND('',#3148,.F.);
#3148 = EDGE_LOOP('',(#3149));
#3149 = ORIENTED_EDGE('',*,*,#3150,.T.);
#3150 = EDGE_CURVE('',#3151,#3151,#3153,.T.);
#3151 = VERTEX_POINT('',#3152);
#3152 = CARTESIAN_POINT('',(75.208,-118.28526,0.));
#3153 = CIRCLE('',#3154,1.9939);
#3154 = AXIS2_PLACEMENT_3D('',#3155,#3156,#3157);
#3155 = CARTESIAN_POINT('',(75.208,-116.29136,0.));
#3156 = DIRECTION('',(-0.,0.,-1.));
#3157 = DIRECTION('',(-0.,-1.,0.));
#3158 = FACE_BOUND('',#3159,.F.);
#3159 = EDGE_LOOP('',(#3160));
#3160 = ORIENTED_EDGE('',*,*,#3161,.T.);
#3161 = EDGE_CURVE('',#3162,#3162,#3164,.T.);
#3162 = VERTEX_POINT('',#3163);
#3163 = CARTESIAN_POINT('',(80.288,-117.14226,0.));
#3164 = CIRCLE('',#3165,0.8509);
#3165 = AXIS2_PLACEMENT_3D('',#3166,#3167,#3168);
#3166 = CARTESIAN_POINT('',(80.288,-116.29136,0.));
#3167 = DIRECTION('',(-0.,0.,-1.));
#3168 = DIRECTION('',(-1.670096922694E-14,-1.,0.));
#3169 = FACE_BOUND('',#3170,.F.);
#3170 = EDGE_LOOP('',(#3171));
#3171 = ORIENTED_EDGE('',*,*,#3172,.T.);
#3172 = EDGE_CURVE('',#3173,#3173,#3175,.T.);
#3173 = VERTEX_POINT('',#3174);
#3174 = CARTESIAN_POINT('',(71.398,-115.25136,0.));
#3175 = CIRCLE('',#3176,1.5);
#3176 = AXIS2_PLACEMENT_3D('',#3177,#3178,#3179);
#3177 = CARTESIAN_POINT('',(71.398,-113.75136,0.));
#3178 = DIRECTION('',(-0.,0.,-1.));
#3179 = DIRECTION('',(-0.,-1.,0.));
#3180 = FACE_BOUND('',#3181,.F.);
#3181 = EDGE_LOOP('',(#3182));
#3182 = ORIENTED_EDGE('',*,*,#3183,.T.);
#3183 = EDGE_CURVE('',#3184,#3184,#3186,.T.);
#3184 = VERTEX_POINT('',#3185);
#3185 = CARTESIAN_POINT('',(93.9405,-117.14226,0.));
#3186 = CIRCLE('',#3187,0.8509);
#3187 = AXIS2_PLACEMENT_3D('',#3188,#3189,#3190);
#3188 = CARTESIAN_POINT('',(93.9405,-116.29136,0.));
#3189 = DIRECTION('',(-0.,0.,-1.));
#3190 = DIRECTION('',(-0.,-1.,0.));
#3191 = FACE_BOUND('',#3192,.F.);
#3192 = EDGE_LOOP('',(#3193));
#3193 = ORIENTED_EDGE('',*,*,#3194,.T.);
#3194 = EDGE_CURVE('',#3195,#3195,#3197,.T.);
#3195 = VERTEX_POINT('',#3196);
#3196 = CARTESIAN_POINT('',(99.0205,-118.28526,0.));
#3197 = CIRCLE('',#3198,1.9939);
#3198 = AXIS2_PLACEMENT_3D('',#3199,#3200,#3201);
#3199 = CARTESIAN_POINT('',(99.0205,-116.29136,0.));
#3200 = DIRECTION('',(-0.,0.,-1.));
#3201 = DIRECTION('',(-0.,-1.,0.));
#3202 = FACE_BOUND('',#3203,.F.);
#3203 = EDGE_LOOP('',(#3204));
#3204 = ORIENTED_EDGE('',*,*,#3205,.T.);
#3205 = EDGE_CURVE('',#3206,#3206,#3208,.T.);
#3206 = VERTEX_POINT('',#3207);
#3207 = CARTESIAN_POINT('',(95.2105,-115.25136,0.));
#3208 = CIRCLE('',#3209,1.5);
#3209 = AXIS2_PLACEMENT_3D('',#3210,#3211,#3212);
#3210 = CARTESIAN_POINT('',(95.2105,-113.75136,0.));
#3211 = DIRECTION('',(-0.,0.,-1.));
#3212 = DIRECTION('',(-0.,-1.,0.));
#3213 = FACE_BOUND('',#3214,.F.);
#3214 = EDGE_LOOP('',(#3215,#3225,#3233,#3241));
#3215 = ORIENTED_EDGE('',*,*,#3216,.F.);
#3216 = EDGE_CURVE('',#3217,#3219,#3221,.T.);
#3217 = VERTEX_POINT('',#3218);
#3218 = CARTESIAN_POINT('',(116.3705,-123.29136,0.));
#3219 = VERTEX_POINT('',#3220);
#3220 = CARTESIAN_POINT('',(119.7705,-123.29136,0.));
#3221 = LINE('',#3222,#3223);
#3222 = CARTESIAN_POINT('',(116.3705,-123.29136,0.));
#3223 = VECTOR('',#3224,1.);
#3224 = DIRECTION('',(1.,0.,0.));
#3225 = ORIENTED_EDGE('',*,*,#3226,.F.);
#3226 = EDGE_CURVE('',#3227,#3217,#3229,.T.);
#3227 = VERTEX_POINT('',#3228);
#3228 = CARTESIAN_POINT('',(116.3705,-120.29136,0.));
#3229 = LINE('',#3230,#3231);
#3230 = CARTESIAN_POINT('',(116.3705,-120.29136,0.));
#3231 = VECTOR('',#3232,1.);
#3232 = DIRECTION('',(0.,-1.,0.));
#3233 = ORIENTED_EDGE('',*,*,#3234,.F.);
#3234 = EDGE_CURVE('',#3235,#3227,#3237,.T.);
#3235 = VERTEX_POINT('',#3236);
#3236 = CARTESIAN_POINT('',(119.7705,-120.29136,0.));
#3237 = LINE('',#3238,#3239);
#3238 = CARTESIAN_POINT('',(119.7705,-120.29136,0.));
#3239 = VECTOR('',#3240,1.);
#3240 = DIRECTION('',(-1.,0.,0.));
#3241 = ORIENTED_EDGE('',*,*,#3242,.F.);
#3242 = EDGE_CURVE('',#3219,#3235,#3243,.T.);
#3243 = LINE('',#3244,#3245);
#3244 = CARTESIAN_POINT('',(119.7705,-123.29136,0.));
#3245 = VECTOR('',#3246,1.);
#3246 = DIRECTION('',(0.,1.,0.));
#3247 = FACE_BOUND('',#3248,.F.);
#3248 = EDGE_LOOP('',(#3249));
#3249 = ORIENTED_EDGE('',*,*,#3250,.T.);
#3250 = EDGE_CURVE('',#3251,#3251,#3253,.T.);
#3251 = VERTEX_POINT('',#3252);
#3252 = CARTESIAN_POINT('',(104.1005,-117.14226,0.));
#3253 = CIRCLE('',#3254,0.8509);
#3254 = AXIS2_PLACEMENT_3D('',#3255,#3256,#3257);
#3255 = CARTESIAN_POINT('',(104.1005,-116.29136,0.));
#3256 = DIRECTION('',(-0.,0.,-1.));
#3257 = DIRECTION('',(-1.670096922694E-14,-1.,0.));
#3258 = FACE_BOUND('',#3259,.F.);
#3259 = EDGE_LOOP('',(#3260));
#3260 = ORIENTED_EDGE('',*,*,#3261,.T.);
#3261 = EDGE_CURVE('',#3262,#3262,#3264,.T.);
#3262 = VERTEX_POINT('',#3263);
#3263 = CARTESIAN_POINT('',(112.9905,-117.14226,0.));
#3264 = CIRCLE('',#3265,0.8509);
#3265 = AXIS2_PLACEMENT_3D('',#3266,#3267,#3268);
#3266 = CARTESIAN_POINT('',(112.9905,-116.29136,0.));
#3267 = DIRECTION('',(-0.,0.,-1.));
#3268 = DIRECTION('',(-0.,-1.,0.));
#3269 = FACE_BOUND('',#3270,.F.);
#3270 = EDGE_LOOP('',(#3271));
#3271 = ORIENTED_EDGE('',*,*,#3272,.T.);
#3272 = EDGE_CURVE('',#3273,#3273,#3275,.T.);
#3273 = VERTEX_POINT('',#3274);
#3274 = CARTESIAN_POINT('',(114.2605,-115.25136,0.));
#3275 = CIRCLE('',#3276,1.5);
#3276 = AXIS2_PLACEMENT_3D('',#3277,#3278,#3279);
#3277 = CARTESIAN_POINT('',(114.2605,-113.75136,0.));
#3278 = DIRECTION('',(-0.,0.,-1.));
#3279 = DIRECTION('',(-0.,-1.,0.));
#3280 = FACE_BOUND('',#3281,.F.);
#3281 = EDGE_LOOP('',(#3282));
#3282 = ORIENTED_EDGE('',*,*,#3283,.T.);
#3283 = EDGE_CURVE('',#3284,#3284,#3286,.T.);
#3284 = VERTEX_POINT('',#3285);
#3285 = CARTESIAN_POINT('',(118.0705,-118.28526,0.));
#3286 = CIRCLE('',#3287,1.9939);
#3287 = AXIS2_PLACEMENT_3D('',#3288,#3289,#3290);
#3288 = CARTESIAN_POINT('',(118.0705,-116.29136,0.));
#3289 = DIRECTION('',(-0.,0.,-1.));
#3290 = DIRECTION('',(-7.127165211496E-15,-1.,0.));
#3291 = FACE_BOUND('',#3292,.F.);
#3292 = EDGE_LOOP('',(#3293));
#3293 = ORIENTED_EDGE('',*,*,#3294,.T.);
#3294 = EDGE_CURVE('',#3295,#3295,#3297,.T.);
#3295 = VERTEX_POINT('',#3296);
#3296 = CARTESIAN_POINT('',(123.1505,-117.14226,0.));
#3297 = CIRCLE('',#3298,0.8509);
#3298 = AXIS2_PLACEMENT_3D('',#3299,#3300,#3301);
#3299 = CARTESIAN_POINT('',(123.1505,-116.29136,0.));
#3300 = DIRECTION('',(-0.,0.,-1.));
#3301 = DIRECTION('',(-0.,-1.,0.));
#3302 = FACE_BOUND('',#3303,.F.);
#3303 = EDGE_LOOP('',(#3304));
#3304 = ORIENTED_EDGE('',*,*,#3305,.T.);
#3305 = EDGE_CURVE('',#3306,#3306,#3308,.T.);
#3306 = VERTEX_POINT('',#3307);
#3307 = CARTESIAN_POINT('',(132.0405,-117.14226,0.));
#3308 = CIRCLE('',#3309,0.8509);
#3309 = AXIS2_PLACEMENT_3D('',#3310,#3311,#3312);
#3310 = CARTESIAN_POINT('',(132.0405,-116.29136,0.));
#3311 = DIRECTION('',(-0.,0.,-1.));
#3312 = DIRECTION('',(-0.,-1.,0.));
#3313 = FACE_BOUND('',#3314,.F.);
#3314 = EDGE_LOOP('',(#3315));
#3315 = ORIENTED_EDGE('',*,*,#3316,.T.);
#3316 = EDGE_CURVE('',#3317,#3317,#3319,.T.);
#3317 = VERTEX_POINT('',#3318);
#3318 = CARTESIAN_POINT('',(133.3105,-115.25136,0.));
#3319 = CIRCLE('',#3320,1.5);
#3320 = AXIS2_PLACEMENT_3D('',#3321,#3322,#3323);
#3321 = CARTESIAN_POINT('',(133.3105,-113.75136,0.));
#3322 = DIRECTION('',(-0.,0.,-1.));
#3323 = DIRECTION('',(-0.,-1.,0.));
#3324 = FACE_BOUND('',#3325,.F.);
#3325 = EDGE_LOOP('',(#3326));
#3326 = ORIENTED_EDGE('',*,*,#3327,.T.);
#3327 = EDGE_CURVE('',#3328,#3328,#3330,.T.);
#3328 = VERTEX_POINT('',#3329);
#3329 = CARTESIAN_POINT('',(138.073,-134.30136,0.));
#3330 = CIRCLE('',#3331,1.5);
#3331 = AXIS2_PLACEMENT_3D('',#3332,#3333,#3334);
#3332 = CARTESIAN_POINT('',(138.073,-132.80136,0.));
#3333 = DIRECTION('',(-0.,0.,-1.));
#3334 = DIRECTION('',(-0.,-1.,0.));
#3335 = FACE_BOUND('',#3336,.F.);
#3336 = EDGE_LOOP('',(#3337));
#3337 = ORIENTED_EDGE('',*,*,#3338,.T.);
#3338 = EDGE_CURVE('',#3339,#3339,#3341,.T.);
#3339 = VERTEX_POINT('',#3340);
#3340 = CARTESIAN_POINT('',(144.423,-131.76136,0.));
#3341 = CIRCLE('',#3342,1.5);
#3342 = AXIS2_PLACEMENT_3D('',#3343,#3344,#3345);
#3343 = CARTESIAN_POINT('',(144.423,-130.26136,0.));
#3344 = DIRECTION('',(-0.,0.,-1.));
#3345 = DIRECTION('',(-0.,-1.,0.));
#3346 = FACE_BOUND('',#3347,.F.);
#3347 = EDGE_LOOP('',(#3348));
#3348 = ORIENTED_EDGE('',*,*,#3349,.T.);
#3349 = EDGE_CURVE('',#3350,#3350,#3352,.T.);
#3350 = VERTEX_POINT('',#3351);
#3351 = CARTESIAN_POINT('',(157.123,-134.30136,0.));
#3352 = CIRCLE('',#3353,1.5);
#3353 = AXIS2_PLACEMENT_3D('',#3354,#3355,#3356);
#3354 = CARTESIAN_POINT('',(157.123,-132.80136,0.));
#3355 = DIRECTION('',(-0.,0.,-1.));
#3356 = DIRECTION('',(-0.,-1.,0.));
#3357 = FACE_BOUND('',#3358,.F.);
#3358 = EDGE_LOOP('',(#3359));
#3359 = ORIENTED_EDGE('',*,*,#3360,.T.);
#3360 = EDGE_CURVE('',#3361,#3361,#3363,.T.);
#3361 = VERTEX_POINT('',#3362);
#3362 = CARTESIAN_POINT('',(163.473,-131.76136,0.));
#3363 = CIRCLE('',#3364,1.5);
#3364 = AXIS2_PLACEMENT_3D('',#3365,#3366,#3367);
#3365 = CARTESIAN_POINT('',(163.473,-130.26136,0.));
#3366 = DIRECTION('',(-0.,0.,-1.));
#3367 = DIRECTION('',(-0.,-1.,0.));
#3368 = FACE_BOUND('',#3369,.F.);
#3369 = EDGE_LOOP('',(#3370));
#3370 = ORIENTED_EDGE('',*,*,#3371,.T.);
#3371 = EDGE_CURVE('',#3372,#3372,#3374,.T.);
#3372 = VERTEX_POINT('',#3373);
#3373 = CARTESIAN_POINT('',(151.82,-128.1,0.));
#3374 = CIRCLE('',#3375,1.1);
#3375 = AXIS2_PLACEMENT_3D('',#3376,#3377,#3378);
#3376 = CARTESIAN_POINT('',(151.82,-127.,0.));
#3377 = DIRECTION('',(-0.,0.,-1.));
#3378 = DIRECTION('',(-0.,-1.,0.));
#3379 = FACE_BOUND('',#3380,.F.);
#3380 = EDGE_LOOP('',(#3381));
#3381 = ORIENTED_EDGE('',*,*,#3382,.T.);
#3382 = EDGE_CURVE('',#3383,#3383,#3385,.T.);
#3383 = VERTEX_POINT('',#3384);
#3384 = CARTESIAN_POINT('',(176.173,-134.30136,0.));
#3385 = CIRCLE('',#3386,1.5);
#3386 = AXIS2_PLACEMENT_3D('',#3387,#3388,#3389);
#3387 = CARTESIAN_POINT('',(176.173,-132.80136,0.));
#3388 = DIRECTION('',(-0.,0.,-1.));
#3389 = DIRECTION('',(-0.,-1.,0.));
#3390 = FACE_BOUND('',#3391,.F.);
#3391 = EDGE_LOOP('',(#3392));
#3392 = ORIENTED_EDGE('',*,*,#3393,.T.);
#3393 = EDGE_CURVE('',#3394,#3394,#3396,.T.);
#3394 = VERTEX_POINT('',#3395);
#3395 = CARTESIAN_POINT('',(185.063,-136.19226,0.));
#3396 = CIRCLE('',#3397,0.8509);
#3397 = AXIS2_PLACEMENT_3D('',#3398,#3399,#3400);
#3398 = CARTESIAN_POINT('',(185.063,-135.34136,0.));
#3399 = DIRECTION('',(-0.,0.,-1.));
#3400 = DIRECTION('',(-0.,-1.,0.));
#3401 = FACE_BOUND('',#3402,.F.);
#3402 = EDGE_LOOP('',(#3403));
#3403 = ORIENTED_EDGE('',*,*,#3404,.T.);
#3404 = EDGE_CURVE('',#3405,#3405,#3407,.T.);
#3405 = VERTEX_POINT('',#3406);
#3406 = CARTESIAN_POINT('',(182.523,-131.76136,0.));
#3407 = CIRCLE('',#3408,1.5);
#3408 = AXIS2_PLACEMENT_3D('',#3409,#3410,#3411);
#3409 = CARTESIAN_POINT('',(182.523,-130.26136,0.));
#3410 = DIRECTION('',(-0.,0.,-1.));
#3411 = DIRECTION('',(-0.,-1.,0.));
#3412 = FACE_BOUND('',#3413,.F.);
#3413 = EDGE_LOOP('',(#3414));
#3414 = ORIENTED_EDGE('',*,*,#3415,.T.);
#3415 = EDGE_CURVE('',#3416,#3416,#3418,.T.);
#3416 = VERTEX_POINT('',#3417);
#3417 = CARTESIAN_POINT('',(195.223,-134.30136,0.));
#3418 = CIRCLE('',#3419,1.5);
#3419 = AXIS2_PLACEMENT_3D('',#3420,#3421,#3422);
#3420 = CARTESIAN_POINT('',(195.223,-132.80136,0.));
#3421 = DIRECTION('',(-0.,0.,-1.));
#3422 = DIRECTION('',(-0.,-1.,0.));
#3423 = FACE_BOUND('',#3424,.F.);
#3424 = EDGE_LOOP('',(#3425));
#3425 = ORIENTED_EDGE('',*,*,#3426,.T.);
#3426 = EDGE_CURVE('',#3427,#3427,#3429,.T.);
#3427 = VERTEX_POINT('',#3428);
#3428 = CARTESIAN_POINT('',(201.573,-131.76136,0.));
#3429 = CIRCLE('',#3430,1.5);
#3430 = AXIS2_PLACEMENT_3D('',#3431,#3432,#3433);
#3431 = CARTESIAN_POINT('',(201.573,-130.26136,0.));
#3432 = DIRECTION('',(-0.,0.,-1.));
#3433 = DIRECTION('',(-0.,-1.,0.));
#3434 = FACE_BOUND('',#3435,.F.);
#3435 = EDGE_LOOP('',(#3436,#3446,#3454,#3462));
#3436 = ORIENTED_EDGE('',*,*,#3437,.F.);
#3437 = EDGE_CURVE('',#3438,#3440,#3442,.T.);
#3438 = VERTEX_POINT('',#3439);
#3439 = CARTESIAN_POINT('',(135.4205,-123.29136,0.));
#3440 = VERTEX_POINT('',#3441);
#3441 = CARTESIAN_POINT('',(138.8205,-123.29136,0.));
#3442 = LINE('',#3443,#3444);
#3443 = CARTESIAN_POINT('',(135.4205,-123.29136,0.));
#3444 = VECTOR('',#3445,1.);
#3445 = DIRECTION('',(1.,0.,0.));
#3446 = ORIENTED_EDGE('',*,*,#3447,.F.);
#3447 = EDGE_CURVE('',#3448,#3438,#3450,.T.);
#3448 = VERTEX_POINT('',#3449);
#3449 = CARTESIAN_POINT('',(135.4205,-120.29136,0.));
#3450 = LINE('',#3451,#3452);
#3451 = CARTESIAN_POINT('',(135.4205,-120.29136,0.));
#3452 = VECTOR('',#3453,1.);
#3453 = DIRECTION('',(0.,-1.,0.));
#3454 = ORIENTED_EDGE('',*,*,#3455,.F.);
#3455 = EDGE_CURVE('',#3456,#3448,#3458,.T.);
#3456 = VERTEX_POINT('',#3457);
#3457 = CARTESIAN_POINT('',(138.8205,-120.29136,0.));
#3458 = LINE('',#3459,#3460);
#3459 = CARTESIAN_POINT('',(138.8205,-120.29136,0.));
#3460 = VECTOR('',#3461,1.);
#3461 = DIRECTION('',(-1.,0.,0.));
#3462 = ORIENTED_EDGE('',*,*,#3463,.F.);
#3463 = EDGE_CURVE('',#3440,#3456,#3464,.T.);
#3464 = LINE('',#3465,#3466);
#3465 = CARTESIAN_POINT('',(138.8205,-123.29136,0.));
#3466 = VECTOR('',#3467,1.);
#3467 = DIRECTION('',(0.,1.,0.));
#3468 = FACE_BOUND('',#3469,.F.);
#3469 = EDGE_LOOP('',(#3470,#3480,#3488,#3496));
#3470 = ORIENTED_EDGE('',*,*,#3471,.F.);
#3471 = EDGE_CURVE('',#3472,#3474,#3476,.T.);
#3472 = VERTEX_POINT('',#3473);
#3473 = CARTESIAN_POINT('',(154.4705,-123.29136,0.));
#3474 = VERTEX_POINT('',#3475);
#3475 = CARTESIAN_POINT('',(157.8705,-123.29136,0.));
#3476 = LINE('',#3477,#3478);
#3477 = CARTESIAN_POINT('',(154.4705,-123.29136,0.));
#3478 = VECTOR('',#3479,1.);
#3479 = DIRECTION('',(1.,0.,0.));
#3480 = ORIENTED_EDGE('',*,*,#3481,.F.);
#3481 = EDGE_CURVE('',#3482,#3472,#3484,.T.);
#3482 = VERTEX_POINT('',#3483);
#3483 = CARTESIAN_POINT('',(154.4705,-120.29136,0.));
#3484 = LINE('',#3485,#3486);
#3485 = CARTESIAN_POINT('',(154.4705,-120.29136,0.));
#3486 = VECTOR('',#3487,1.);
#3487 = DIRECTION('',(0.,-1.,0.));
#3488 = ORIENTED_EDGE('',*,*,#3489,.F.);
#3489 = EDGE_CURVE('',#3490,#3482,#3492,.T.);
#3490 = VERTEX_POINT('',#3491);
#3491 = CARTESIAN_POINT('',(157.8705,-120.29136,0.));
#3492 = LINE('',#3493,#3494);
#3493 = CARTESIAN_POINT('',(157.8705,-120.29136,0.));
#3494 = VECTOR('',#3495,1.);
#3495 = DIRECTION('',(-1.,0.,0.));
#3496 = ORIENTED_EDGE('',*,*,#3497,.F.);
#3497 = EDGE_CURVE('',#3474,#3490,#3498,.T.);
#3498 = LINE('',#3499,#3500);
#3499 = CARTESIAN_POINT('',(157.8705,-123.29136,0.));
#3500 = VECTOR('',#3501,1.);
#3501 = DIRECTION('',(0.,1.,0.));
#3502 = FACE_BOUND('',#3503,.F.);
#3503 = EDGE_LOOP('',(#3504));
#3504 = ORIENTED_EDGE('',*,*,#3505,.T.);
#3505 = EDGE_CURVE('',#3506,#3506,#3508,.T.);
#3506 = VERTEX_POINT('',#3507);
#3507 = CARTESIAN_POINT('',(137.1205,-118.28526,0.));
#3508 = CIRCLE('',#3509,1.9939);
#3509 = AXIS2_PLACEMENT_3D('',#3510,#3511,#3512);
#3510 = CARTESIAN_POINT('',(137.1205,-116.29136,0.));
#3511 = DIRECTION('',(-0.,0.,-1.));
#3512 = DIRECTION('',(-0.,-1.,0.));
#3513 = FACE_BOUND('',#3514,.F.);
#3514 = EDGE_LOOP('',(#3515));
#3515 = ORIENTED_EDGE('',*,*,#3516,.T.);
#3516 = EDGE_CURVE('',#3517,#3517,#3519,.T.);
#3517 = VERTEX_POINT('',#3518);
#3518 = CARTESIAN_POINT('',(142.2005,-117.14226,0.));
#3519 = CIRCLE('',#3520,0.8509);
#3520 = AXIS2_PLACEMENT_3D('',#3521,#3522,#3523);
#3521 = CARTESIAN_POINT('',(142.2005,-116.29136,0.));
#3522 = DIRECTION('',(-0.,0.,-1.));
#3523 = DIRECTION('',(-0.,-1.,0.));
#3524 = FACE_BOUND('',#3525,.F.);
#3525 = EDGE_LOOP('',(#3526));
#3526 = ORIENTED_EDGE('',*,*,#3527,.T.);
#3527 = EDGE_CURVE('',#3528,#3528,#3530,.T.);
#3528 = VERTEX_POINT('',#3529);
#3529 = CARTESIAN_POINT('',(151.0905,-117.14226,0.));
#3530 = CIRCLE('',#3531,0.8509);
#3531 = AXIS2_PLACEMENT_3D('',#3532,#3533,#3534);
#3532 = CARTESIAN_POINT('',(151.0905,-116.29136,0.));
#3533 = DIRECTION('',(-0.,0.,-1.));
#3534 = DIRECTION('',(-0.,-1.,0.));
#3535 = FACE_BOUND('',#3536,.F.);
#3536 = EDGE_LOOP('',(#3537));
#3537 = ORIENTED_EDGE('',*,*,#3538,.T.);
#3538 = EDGE_CURVE('',#3539,#3539,#3541,.T.);
#3539 = VERTEX_POINT('',#3540);
#3540 = CARTESIAN_POINT('',(156.1705,-118.28526,0.));
#3541 = CIRCLE('',#3542,1.9939);
#3542 = AXIS2_PLACEMENT_3D('',#3543,#3544,#3545);
#3543 = CARTESIAN_POINT('',(156.1705,-116.29136,0.));
#3544 = DIRECTION('',(-0.,0.,-1.));
#3545 = DIRECTION('',(-0.,-1.,0.));
#3546 = FACE_BOUND('',#3547,.F.);
#3547 = EDGE_LOOP('',(#3548));
#3548 = ORIENTED_EDGE('',*,*,#3549,.T.);
#3549 = EDGE_CURVE('',#3550,#3550,#3552,.T.);
#3550 = VERTEX_POINT('',#3551);
#3551 = CARTESIAN_POINT('',(161.2505,-117.14226,0.));
#3552 = CIRCLE('',#3553,0.8509);
#3553 = AXIS2_PLACEMENT_3D('',#3554,#3555,#3556);
#3554 = CARTESIAN_POINT('',(161.2505,-116.29136,0.));
#3555 = DIRECTION('',(-0.,0.,-1.));
#3556 = DIRECTION('',(-0.,-1.,0.));
#3557 = FACE_BOUND('',#3558,.F.);
#3558 = EDGE_LOOP('',(#3559));
#3559 = ORIENTED_EDGE('',*,*,#3560,.T.);
#3560 = EDGE_CURVE('',#3561,#3561,#3563,.T.);
#3561 = VERTEX_POINT('',#3562);
#3562 = CARTESIAN_POINT('',(152.3605,-115.25136,0.));
#3563 = CIRCLE('',#3564,1.5);
#3564 = AXIS2_PLACEMENT_3D('',#3565,#3566,#3567);
#3565 = CARTESIAN_POINT('',(152.3605,-113.75136,0.));
#3566 = DIRECTION('',(-0.,0.,-1.));
#3567 = DIRECTION('',(-0.,-1.,0.));
#3568 = FACE_BOUND('',#3569,.F.);
#3569 = EDGE_LOOP('',(#3570,#3580,#3588,#3596));
#3570 = ORIENTED_EDGE('',*,*,#3571,.F.);
#3571 = EDGE_CURVE('',#3572,#3574,#3576,.T.);
#3572 = VERTEX_POINT('',#3573);
#3573 = CARTESIAN_POINT('',(173.5205,-123.29136,0.));
#3574 = VERTEX_POINT('',#3575);
#3575 = CARTESIAN_POINT('',(176.9205,-123.29136,0.));
#3576 = LINE('',#3577,#3578);
#3577 = CARTESIAN_POINT('',(173.5205,-123.29136,0.));
#3578 = VECTOR('',#3579,1.);
#3579 = DIRECTION('',(1.,0.,0.));
#3580 = ORIENTED_EDGE('',*,*,#3581,.F.);
#3581 = EDGE_CURVE('',#3582,#3572,#3584,.T.);
#3582 = VERTEX_POINT('',#3583);
#3583 = CARTESIAN_POINT('',(173.5205,-120.29136,0.));
#3584 = LINE('',#3585,#3586);
#3585 = CARTESIAN_POINT('',(173.5205,-120.29136,0.));
#3586 = VECTOR('',#3587,1.);
#3587 = DIRECTION('',(0.,-1.,0.));
#3588 = ORIENTED_EDGE('',*,*,#3589,.F.);
#3589 = EDGE_CURVE('',#3590,#3582,#3592,.T.);
#3590 = VERTEX_POINT('',#3591);
#3591 = CARTESIAN_POINT('',(176.9205,-120.29136,0.));
#3592 = LINE('',#3593,#3594);
#3593 = CARTESIAN_POINT('',(176.9205,-120.29136,0.));
#3594 = VECTOR('',#3595,1.);
#3595 = DIRECTION('',(-1.,0.,0.));
#3596 = ORIENTED_EDGE('',*,*,#3597,.F.);
#3597 = EDGE_CURVE('',#3574,#3590,#3598,.T.);
#3598 = LINE('',#3599,#3600);
#3599 = CARTESIAN_POINT('',(176.9205,-123.29136,0.));
#3600 = VECTOR('',#3601,1.);
#3601 = DIRECTION('',(0.,1.,0.));
#3602 = FACE_BOUND('',#3603,.F.);
#3603 = EDGE_LOOP('',(#3604,#3614,#3622,#3630));
#3604 = ORIENTED_EDGE('',*,*,#3605,.F.);
#3605 = EDGE_CURVE('',#3606,#3608,#3610,.T.);
#3606 = VERTEX_POINT('',#3607);
#3607 = CARTESIAN_POINT('',(192.5705,-123.29136,0.));
#3608 = VERTEX_POINT('',#3609);
#3609 = CARTESIAN_POINT('',(195.9705,-123.29136,0.));
#3610 = LINE('',#3611,#3612);
#3611 = CARTESIAN_POINT('',(192.5705,-123.29136,0.));
#3612 = VECTOR('',#3613,1.);
#3613 = DIRECTION('',(1.,0.,0.));
#3614 = ORIENTED_EDGE('',*,*,#3615,.F.);
#3615 = EDGE_CURVE('',#3616,#3606,#3618,.T.);
#3616 = VERTEX_POINT('',#3617);
#3617 = CARTESIAN_POINT('',(192.5705,-120.29136,0.));
#3618 = LINE('',#3619,#3620);
#3619 = CARTESIAN_POINT('',(192.5705,-120.29136,0.));
#3620 = VECTOR('',#3621,1.);
#3621 = DIRECTION('',(0.,-1.,0.));
#3622 = ORIENTED_EDGE('',*,*,#3623,.F.);
#3623 = EDGE_CURVE('',#3624,#3616,#3626,.T.);
#3624 = VERTEX_POINT('',#3625);
#3625 = CARTESIAN_POINT('',(195.9705,-120.29136,0.));
#3626 = LINE('',#3627,#3628);
#3627 = CARTESIAN_POINT('',(195.9705,-120.29136,0.));
#3628 = VECTOR('',#3629,1.);
#3629 = DIRECTION('',(-1.,0.,0.));
#3630 = ORIENTED_EDGE('',*,*,#3631,.F.);
#3631 = EDGE_CURVE('',#3608,#3624,#3632,.T.);
#3632 = LINE('',#3633,#3634);
#3633 = CARTESIAN_POINT('',(195.9705,-123.29136,0.));
#3634 = VECTOR('',#3635,1.);
#3635 = DIRECTION('',(0.,1.,0.));
#3636 = FACE_BOUND('',#3637,.F.);
#3637 = EDGE_LOOP('',(#3638));
#3638 = ORIENTED_EDGE('',*,*,#3639,.T.);
#3639 = EDGE_CURVE('',#3640,#3640,#3642,.T.);
#3640 = VERTEX_POINT('',#3641);
#3641 = CARTESIAN_POINT('',(170.1405,-117.14226,0.));
#3642 = CIRCLE('',#3643,0.8509);
#3643 = AXIS2_PLACEMENT_3D('',#3644,#3645,#3646);
#3644 = CARTESIAN_POINT('',(170.1405,-116.29136,0.));
#3645 = DIRECTION('',(-0.,0.,-1.));
#3646 = DIRECTION('',(-0.,-1.,0.));
#3647 = FACE_BOUND('',#3648,.F.);
#3648 = EDGE_LOOP('',(#3649));
#3649 = ORIENTED_EDGE('',*,*,#3650,.T.);
#3650 = EDGE_CURVE('',#3651,#3651,#3653,.T.);
#3651 = VERTEX_POINT('',#3652);
#3652 = CARTESIAN_POINT('',(175.2205,-118.28526,0.));
#3653 = CIRCLE('',#3654,1.9939);
#3654 = AXIS2_PLACEMENT_3D('',#3655,#3656,#3657);
#3655 = CARTESIAN_POINT('',(175.2205,-116.29136,0.));
#3656 = DIRECTION('',(-0.,0.,-1.));
#3657 = DIRECTION('',(-1.425433042299E-14,-1.,0.));
#3658 = FACE_BOUND('',#3659,.F.);
#3659 = EDGE_LOOP('',(#3660));
#3660 = ORIENTED_EDGE('',*,*,#3661,.T.);
#3661 = EDGE_CURVE('',#3662,#3662,#3664,.T.);
#3662 = VERTEX_POINT('',#3663);
#3663 = CARTESIAN_POINT('',(180.3005,-117.14226,0.));
#3664 = CIRCLE('',#3665,0.8509);
#3665 = AXIS2_PLACEMENT_3D('',#3666,#3667,#3668);
#3666 = CARTESIAN_POINT('',(180.3005,-116.29136,0.));
#3667 = DIRECTION('',(-0.,0.,-1.));
#3668 = DIRECTION('',(-0.,-1.,0.));
#3669 = FACE_BOUND('',#3670,.F.);
#3670 = EDGE_LOOP('',(#3671));
#3671 = ORIENTED_EDGE('',*,*,#3672,.T.);
#3672 = EDGE_CURVE('',#3673,#3673,#3675,.T.);
#3673 = VERTEX_POINT('',#3674);
#3674 = CARTESIAN_POINT('',(171.4105,-115.25136,0.));
#3675 = CIRCLE('',#3676,1.5);
#3676 = AXIS2_PLACEMENT_3D('',#3677,#3678,#3679);
#3677 = CARTESIAN_POINT('',(171.4105,-113.75136,0.));
#3678 = DIRECTION('',(-0.,0.,-1.));
#3679 = DIRECTION('',(-0.,-1.,0.));
#3680 = FACE_BOUND('',#3681,.F.);
#3681 = EDGE_LOOP('',(#3682));
#3682 = ORIENTED_EDGE('',*,*,#3683,.T.);
#3683 = EDGE_CURVE('',#3684,#3684,#3686,.T.);
#3684 = VERTEX_POINT('',#3685);
#3685 = CARTESIAN_POINT('',(189.1905,-117.14226,0.));
#3686 = CIRCLE('',#3687,0.8509);
#3687 = AXIS2_PLACEMENT_3D('',#3688,#3689,#3690);
#3688 = CARTESIAN_POINT('',(189.1905,-116.29136,0.));
#3689 = DIRECTION('',(-0.,0.,-1.));
#3690 = DIRECTION('',(-0.,-1.,0.));
#3691 = FACE_BOUND('',#3692,.F.);
#3692 = EDGE_LOOP('',(#3693));
#3693 = ORIENTED_EDGE('',*,*,#3694,.T.);
#3694 = EDGE_CURVE('',#3695,#3695,#3697,.T.);
#3695 = VERTEX_POINT('',#3696);
#3696 = CARTESIAN_POINT('',(194.2705,-118.28526,0.));
#3697 = CIRCLE('',#3698,1.9939);
#3698 = AXIS2_PLACEMENT_3D('',#3699,#3700,#3701);
#3699 = CARTESIAN_POINT('',(194.2705,-116.29136,0.));
#3700 = DIRECTION('',(-0.,0.,-1.));
#3701 = DIRECTION('',(-0.,-1.,0.));
#3702 = FACE_BOUND('',#3703,.F.);
#3703 = EDGE_LOOP('',(#3704));
#3704 = ORIENTED_EDGE('',*,*,#3705,.T.);
#3705 = EDGE_CURVE('',#3706,#3706,#3708,.T.);
#3706 = VERTEX_POINT('',#3707);
#3707 = CARTESIAN_POINT('',(199.3505,-117.14226,0.));
#3708 = CIRCLE('',#3709,0.8509);
#3709 = AXIS2_PLACEMENT_3D('',#3710,#3711,#3712);
#3710 = CARTESIAN_POINT('',(199.3505,-116.29136,0.));
#3711 = DIRECTION('',(-0.,0.,-1.));
#3712 = DIRECTION('',(-0.,-1.,0.));
#3713 = FACE_BOUND('',#3714,.F.);
#3714 = EDGE_LOOP('',(#3715));
#3715 = ORIENTED_EDGE('',*,*,#3716,.T.);
#3716 = EDGE_CURVE('',#3717,#3717,#3719,.T.);
#3717 = VERTEX_POINT('',#3718);
#3718 = CARTESIAN_POINT('',(190.4605,-115.25136,0.));
#3719 = CIRCLE('',#3720,1.5);
#3720 = AXIS2_PLACEMENT_3D('',#3721,#3722,#3723);
#3721 = CARTESIAN_POINT('',(190.4605,-113.75136,0.));
#3722 = DIRECTION('',(-0.,0.,-1.));
#3723 = DIRECTION('',(-0.,-1.,0.));
#3724 = FACE_BOUND('',#3725,.F.);
#3725 = EDGE_LOOP('',(#3726));
#3726 = ORIENTED_EDGE('',*,*,#3727,.T.);
#3727 = EDGE_CURVE('',#3728,#3728,#3730,.T.);
#3728 = VERTEX_POINT('',#3729);
#3729 = CARTESIAN_POINT('',(77.748,-112.71136,0.));
#3730 = CIRCLE('',#3731,1.5);
#3731 = AXIS2_PLACEMENT_3D('',#3732,#3733,#3734);
#3732 = CARTESIAN_POINT('',(77.748,-111.21136,0.));
#3733 = DIRECTION('',(-0.,0.,-1.));
#3734 = DIRECTION('',(-0.,-1.,0.));
#3735 = FACE_BOUND('',#3736,.F.);
#3736 = EDGE_LOOP('',(#3737));
#3737 = ORIENTED_EDGE('',*,*,#3738,.T.);
#3738 = EDGE_CURVE('',#3739,#3739,#3741,.T.);
#3739 = VERTEX_POINT('',#3740);
#3740 = CARTESIAN_POINT('',(87.02,-110.1,0.));
#3741 = CIRCLE('',#3742,1.1);
#3742 = AXIS2_PLACEMENT_3D('',#3743,#3744,#3745);
#3743 = CARTESIAN_POINT('',(87.02,-109.,0.));
#3744 = DIRECTION('',(-0.,0.,-1.));
#3745 = DIRECTION('',(-1.2918958832E-14,-1.,0.));
#3746 = FACE_BOUND('',#3747,.F.);
#3747 = EDGE_LOOP('',(#3748,#3758,#3766,#3774));
#3748 = ORIENTED_EDGE('',*,*,#3749,.F.);
#3749 = EDGE_CURVE('',#3750,#3752,#3754,.T.);
#3750 = VERTEX_POINT('',#3751);
#3751 = CARTESIAN_POINT('',(68.7455,-104.24136,0.));
#3752 = VERTEX_POINT('',#3753);
#3753 = CARTESIAN_POINT('',(72.1455,-104.24136,0.));
#3754 = LINE('',#3755,#3756);
#3755 = CARTESIAN_POINT('',(68.7455,-104.24136,0.));
#3756 = VECTOR('',#3757,1.);
#3757 = DIRECTION('',(1.,0.,0.));
#3758 = ORIENTED_EDGE('',*,*,#3759,.F.);
#3759 = EDGE_CURVE('',#3760,#3750,#3762,.T.);
#3760 = VERTEX_POINT('',#3761);
#3761 = CARTESIAN_POINT('',(68.7455,-101.24136,0.));
#3762 = LINE('',#3763,#3764);
#3763 = CARTESIAN_POINT('',(68.7455,-101.24136,0.));
#3764 = VECTOR('',#3765,1.);
#3765 = DIRECTION('',(0.,-1.,0.));
#3766 = ORIENTED_EDGE('',*,*,#3767,.F.);
#3767 = EDGE_CURVE('',#3768,#3760,#3770,.T.);
#3768 = VERTEX_POINT('',#3769);
#3769 = CARTESIAN_POINT('',(72.1455,-101.24136,0.));
#3770 = LINE('',#3771,#3772);
#3771 = CARTESIAN_POINT('',(72.1455,-101.24136,0.));
#3772 = VECTOR('',#3773,1.);
#3773 = DIRECTION('',(-1.,0.,0.));
#3774 = ORIENTED_EDGE('',*,*,#3775,.F.);
#3775 = EDGE_CURVE('',#3752,#3768,#3776,.T.);
#3776 = LINE('',#3777,#3778);
#3777 = CARTESIAN_POINT('',(72.1455,-104.24136,0.));
#3778 = VECTOR('',#3779,1.);
#3779 = DIRECTION('',(0.,1.,0.));
#3780 = FACE_BOUND('',#3781,.F.);
#3781 = EDGE_LOOP('',(#3782,#3792,#3800,#3808));
#3782 = ORIENTED_EDGE('',*,*,#3783,.F.);
#3783 = EDGE_CURVE('',#3784,#3786,#3788,.T.);
#3784 = VERTEX_POINT('',#3785);
#3785 = CARTESIAN_POINT('',(87.7955,-104.24136,0.));
#3786 = VERTEX_POINT('',#3787);
#3787 = CARTESIAN_POINT('',(91.1955,-104.24136,0.));
#3788 = LINE('',#3789,#3790);
#3789 = CARTESIAN_POINT('',(87.7955,-104.24136,0.));
#3790 = VECTOR('',#3791,1.);
#3791 = DIRECTION('',(1.,0.,0.));
#3792 = ORIENTED_EDGE('',*,*,#3793,.F.);
#3793 = EDGE_CURVE('',#3794,#3784,#3796,.T.);
#3794 = VERTEX_POINT('',#3795);
#3795 = CARTESIAN_POINT('',(87.7955,-101.24136,0.));
#3796 = LINE('',#3797,#3798);
#3797 = CARTESIAN_POINT('',(87.7955,-101.24136,0.));
#3798 = VECTOR('',#3799,1.);
#3799 = DIRECTION('',(0.,-1.,0.));
#3800 = ORIENTED_EDGE('',*,*,#3801,.F.);
#3801 = EDGE_CURVE('',#3802,#3794,#3804,.T.);
#3802 = VERTEX_POINT('',#3803);
#3803 = CARTESIAN_POINT('',(91.1955,-101.24136,0.));
#3804 = LINE('',#3805,#3806);
#3805 = CARTESIAN_POINT('',(91.1955,-101.24136,0.));
#3806 = VECTOR('',#3807,1.);
#3807 = DIRECTION('',(-1.,0.,0.));
#3808 = ORIENTED_EDGE('',*,*,#3809,.F.);
#3809 = EDGE_CURVE('',#3786,#3802,#3810,.T.);
#3810 = LINE('',#3811,#3812);
#3811 = CARTESIAN_POINT('',(91.1955,-104.24136,0.));
#3812 = VECTOR('',#3813,1.);
#3813 = DIRECTION('',(0.,1.,0.));
#3814 = FACE_BOUND('',#3815,.F.);
#3815 = EDGE_LOOP('',(#3816));
#3816 = ORIENTED_EDGE('',*,*,#3817,.T.);
#3817 = EDGE_CURVE('',#3818,#3818,#3820,.T.);
#3818 = VERTEX_POINT('',#3819);
#3819 = CARTESIAN_POINT('',(101.5605,-112.71136,0.));
#3820 = CIRCLE('',#3821,1.5);
#3821 = AXIS2_PLACEMENT_3D('',#3822,#3823,#3824);
#3822 = CARTESIAN_POINT('',(101.5605,-111.21136,0.));
#3823 = DIRECTION('',(-0.,0.,-1.));
#3824 = DIRECTION('',(-0.,-1.,0.));
#3825 = FACE_BOUND('',#3826,.F.);
#3826 = EDGE_LOOP('',(#3827));
#3827 = ORIENTED_EDGE('',*,*,#3828,.T.);
#3828 = EDGE_CURVE('',#3829,#3829,#3831,.T.);
#3829 = VERTEX_POINT('',#3830);
#3830 = CARTESIAN_POINT('',(120.6105,-112.71136,0.));
#3831 = CIRCLE('',#3832,1.5);
#3832 = AXIS2_PLACEMENT_3D('',#3833,#3834,#3835);
#3833 = CARTESIAN_POINT('',(120.6105,-111.21136,0.));
#3834 = DIRECTION('',(-0.,0.,-1.));
#3835 = DIRECTION('',(-0.,-1.,0.));
#3836 = FACE_BOUND('',#3837,.F.);
#3837 = EDGE_LOOP('',(#3838,#3848,#3856,#3864));
#3838 = ORIENTED_EDGE('',*,*,#3839,.F.);
#3839 = EDGE_CURVE('',#3840,#3842,#3844,.T.);
#3840 = VERTEX_POINT('',#3841);
#3841 = CARTESIAN_POINT('',(106.8455,-104.24136,0.));
#3842 = VERTEX_POINT('',#3843);
#3843 = CARTESIAN_POINT('',(110.2455,-104.24136,0.));
#3844 = LINE('',#3845,#3846);
#3845 = CARTESIAN_POINT('',(106.8455,-104.24136,0.));
#3846 = VECTOR('',#3847,1.);
#3847 = DIRECTION('',(1.,0.,0.));
#3848 = ORIENTED_EDGE('',*,*,#3849,.F.);
#3849 = EDGE_CURVE('',#3850,#3840,#3852,.T.);
#3850 = VERTEX_POINT('',#3851);
#3851 = CARTESIAN_POINT('',(106.8455,-101.24136,0.));
#3852 = LINE('',#3853,#3854);
#3853 = CARTESIAN_POINT('',(106.8455,-101.24136,0.));
#3854 = VECTOR('',#3855,1.);
#3855 = DIRECTION('',(0.,-1.,0.));
#3856 = ORIENTED_EDGE('',*,*,#3857,.F.);
#3857 = EDGE_CURVE('',#3858,#3850,#3860,.T.);
#3858 = VERTEX_POINT('',#3859);
#3859 = CARTESIAN_POINT('',(110.2455,-101.24136,0.));
#3860 = LINE('',#3861,#3862);
#3861 = CARTESIAN_POINT('',(110.2455,-101.24136,0.));
#3862 = VECTOR('',#3863,1.);
#3863 = DIRECTION('',(-1.,0.,0.));
#3864 = ORIENTED_EDGE('',*,*,#3865,.F.);
#3865 = EDGE_CURVE('',#3842,#3858,#3866,.T.);
#3866 = LINE('',#3867,#3868);
#3867 = CARTESIAN_POINT('',(110.2455,-104.24136,0.));
#3868 = VECTOR('',#3869,1.);
#3869 = DIRECTION('',(0.,1.,0.));
#3870 = FACE_BOUND('',#3871,.F.);
#3871 = EDGE_LOOP('',(#3872,#3882,#3890,#3898));
#3872 = ORIENTED_EDGE('',*,*,#3873,.F.);
#3873 = EDGE_CURVE('',#3874,#3876,#3878,.T.);
#3874 = VERTEX_POINT('',#3875);
#3875 = CARTESIAN_POINT('',(125.8955,-104.24136,0.));
#3876 = VERTEX_POINT('',#3877);
#3877 = CARTESIAN_POINT('',(129.2955,-104.24136,0.));
#3878 = LINE('',#3879,#3880);
#3879 = CARTESIAN_POINT('',(125.8955,-104.24136,0.));
#3880 = VECTOR('',#3881,1.);
#3881 = DIRECTION('',(1.,0.,0.));
#3882 = ORIENTED_EDGE('',*,*,#3883,.F.);
#3883 = EDGE_CURVE('',#3884,#3874,#3886,.T.);
#3884 = VERTEX_POINT('',#3885);
#3885 = CARTESIAN_POINT('',(125.8955,-101.24136,0.));
#3886 = LINE('',#3887,#3888);
#3887 = CARTESIAN_POINT('',(125.8955,-101.24136,0.));
#3888 = VECTOR('',#3889,1.);
#3889 = DIRECTION('',(0.,-1.,0.));
#3890 = ORIENTED_EDGE('',*,*,#3891,.F.);
#3891 = EDGE_CURVE('',#3892,#3884,#3894,.T.);
#3892 = VERTEX_POINT('',#3893);
#3893 = CARTESIAN_POINT('',(129.2955,-101.24136,0.));
#3894 = LINE('',#3895,#3896);
#3895 = CARTESIAN_POINT('',(129.2955,-101.24136,0.));
#3896 = VECTOR('',#3897,1.);
#3897 = DIRECTION('',(-1.,0.,0.));
#3898 = ORIENTED_EDGE('',*,*,#3899,.F.);
#3899 = EDGE_CURVE('',#3876,#3892,#3900,.T.);
#3900 = LINE('',#3901,#3902);
#3901 = CARTESIAN_POINT('',(129.2955,-104.24136,0.));
#3902 = VECTOR('',#3903,1.);
#3903 = DIRECTION('',(0.,1.,0.));
#3904 = FACE_BOUND('',#3905,.F.);
#3905 = EDGE_LOOP('',(#3906));
#3906 = ORIENTED_EDGE('',*,*,#3907,.T.);
#3907 = EDGE_CURVE('',#3908,#3908,#3910,.T.);
#3908 = VERTEX_POINT('',#3909);
#3909 = CARTESIAN_POINT('',(65.3655,-98.09226,0.));
#3910 = CIRCLE('',#3911,0.8509);
#3911 = AXIS2_PLACEMENT_3D('',#3912,#3913,#3914);
#3912 = CARTESIAN_POINT('',(65.3655,-97.24136,0.));
#3913 = DIRECTION('',(-0.,0.,-1.));
#3914 = DIRECTION('',(-0.,-1.,0.));
#3915 = FACE_BOUND('',#3916,.F.);
#3916 = EDGE_LOOP('',(#3917));
#3917 = ORIENTED_EDGE('',*,*,#3918,.T.);
#3918 = EDGE_CURVE('',#3919,#3919,#3921,.T.);
#3919 = VERTEX_POINT('',#3920);
#3920 = CARTESIAN_POINT('',(70.4455,-99.23526,0.));
#3921 = CIRCLE('',#3922,1.9939);
#3922 = AXIS2_PLACEMENT_3D('',#3923,#3924,#3925);
#3923 = CARTESIAN_POINT('',(70.4455,-97.24136,0.));
#3924 = DIRECTION('',(-0.,0.,-1.));
#3925 = DIRECTION('',(-7.127165211496E-15,-1.,0.));
#3926 = FACE_BOUND('',#3927,.F.);
#3927 = EDGE_LOOP('',(#3928));
#3928 = ORIENTED_EDGE('',*,*,#3929,.T.);
#3929 = EDGE_CURVE('',#3930,#3930,#3932,.T.);
#3930 = VERTEX_POINT('',#3931);
#3931 = CARTESIAN_POINT('',(66.6355,-96.20136,0.));
#3932 = CIRCLE('',#3933,1.5);
#3933 = AXIS2_PLACEMENT_3D('',#3934,#3935,#3936);
#3934 = CARTESIAN_POINT('',(66.6355,-94.70136,0.));
#3935 = DIRECTION('',(-0.,0.,-1.));
#3936 = DIRECTION('',(-0.,-1.,0.));
#3937 = FACE_BOUND('',#3938,.F.);
#3938 = EDGE_LOOP('',(#3939));
#3939 = ORIENTED_EDGE('',*,*,#3940,.T.);
#3940 = EDGE_CURVE('',#3941,#3941,#3943,.T.);
#3941 = VERTEX_POINT('',#3942);
#3942 = CARTESIAN_POINT('',(75.5255,-98.09226,0.));
#3943 = CIRCLE('',#3944,0.8509);
#3944 = AXIS2_PLACEMENT_3D('',#3945,#3946,#3947);
#3945 = CARTESIAN_POINT('',(75.5255,-97.24136,0.));
#3946 = DIRECTION('',(-0.,0.,-1.));
#3947 = DIRECTION('',(-0.,-1.,0.));
#3948 = FACE_BOUND('',#3949,.F.);
#3949 = EDGE_LOOP('',(#3950));
#3950 = ORIENTED_EDGE('',*,*,#3951,.T.);
#3951 = EDGE_CURVE('',#3952,#3952,#3954,.T.);
#3952 = VERTEX_POINT('',#3953);
#3953 = CARTESIAN_POINT('',(84.4155,-98.09226,0.));
#3954 = CIRCLE('',#3955,0.8509);
#3955 = AXIS2_PLACEMENT_3D('',#3956,#3957,#3958);
#3956 = CARTESIAN_POINT('',(84.4155,-97.24136,0.));
#3957 = DIRECTION('',(-0.,0.,-1.));
#3958 = DIRECTION('',(-1.670096922694E-14,-1.,0.));
#3959 = FACE_BOUND('',#3960,.F.);
#3960 = EDGE_LOOP('',(#3961));
#3961 = ORIENTED_EDGE('',*,*,#3962,.T.);
#3962 = EDGE_CURVE('',#3963,#3963,#3965,.T.);
#3963 = VERTEX_POINT('',#3964);
#3964 = CARTESIAN_POINT('',(89.4955,-99.23526,0.));
#3965 = CIRCLE('',#3966,1.9939);
#3966 = AXIS2_PLACEMENT_3D('',#3967,#3968,#3969);
#3967 = CARTESIAN_POINT('',(89.4955,-97.24136,0.));
#3968 = DIRECTION('',(-0.,0.,-1.));
#3969 = DIRECTION('',(7.127165211496E-15,-1.,-0.));
#3970 = FACE_BOUND('',#3971,.F.);
#3971 = EDGE_LOOP('',(#3972));
#3972 = ORIENTED_EDGE('',*,*,#3973,.T.);
#3973 = EDGE_CURVE('',#3974,#3974,#3976,.T.);
#3974 = VERTEX_POINT('',#3975);
#3975 = CARTESIAN_POINT('',(85.6855,-96.20136,0.));
#3976 = CIRCLE('',#3977,1.5);
#3977 = AXIS2_PLACEMENT_3D('',#3978,#3979,#3980);
#3978 = CARTESIAN_POINT('',(85.6855,-94.70136,0.));
#3979 = DIRECTION('',(-0.,0.,-1.));
#3980 = DIRECTION('',(-0.,-1.,0.));
#3981 = FACE_BOUND('',#3982,.F.);
#3982 = EDGE_LOOP('',(#3983));
#3983 = ORIENTED_EDGE('',*,*,#3984,.T.);
#3984 = EDGE_CURVE('',#3985,#3985,#3987,.T.);
#3985 = VERTEX_POINT('',#3986);
#3986 = CARTESIAN_POINT('',(94.5755,-98.09226,0.));
#3987 = CIRCLE('',#3988,0.8509);
#3988 = AXIS2_PLACEMENT_3D('',#3989,#3990,#3991);
#3989 = CARTESIAN_POINT('',(94.5755,-97.24136,0.));
#3990 = DIRECTION('',(-0.,0.,-1.));
#3991 = DIRECTION('',(-0.,-1.,0.));
#3992 = FACE_BOUND('',#3993,.F.);
#3993 = EDGE_LOOP('',(#3994));
#3994 = ORIENTED_EDGE('',*,*,#3995,.T.);
#3995 = EDGE_CURVE('',#3996,#3996,#3998,.T.);
#3996 = VERTEX_POINT('',#3997);
#3997 = CARTESIAN_POINT('',(72.9855,-93.66136,0.));
#3998 = CIRCLE('',#3999,1.5);
#3999 = AXIS2_PLACEMENT_3D('',#4000,#4001,#4002);
#4000 = CARTESIAN_POINT('',(72.9855,-92.16136,0.));
#4001 = DIRECTION('',(-0.,0.,-1.));
#4002 = DIRECTION('',(-0.,-1.,0.));
#4003 = FACE_BOUND('',#4004,.F.);
#4004 = EDGE_LOOP('',(#4005));
#4005 = ORIENTED_EDGE('',*,*,#4006,.T.);
#4006 = EDGE_CURVE('',#4007,#4007,#4009,.T.);
#4007 = VERTEX_POINT('',#4008);
#4008 = CARTESIAN_POINT('',(92.0355,-93.66136,0.));
#4009 = CIRCLE('',#4010,1.5);
#4010 = AXIS2_PLACEMENT_3D('',#4011,#4012,#4013);
#4011 = CARTESIAN_POINT('',(92.0355,-92.16136,0.));
#4012 = DIRECTION('',(-0.,0.,-1.));
#4013 = DIRECTION('',(-0.,-1.,0.));
#4014 = FACE_BOUND('',#4015,.F.);
#4015 = EDGE_LOOP('',(#4016));
#4016 = ORIENTED_EDGE('',*,*,#4017,.T.);
#4017 = EDGE_CURVE('',#4018,#4018,#4020,.T.);
#4018 = VERTEX_POINT('',#4019);
#4019 = CARTESIAN_POINT('',(103.4655,-98.09226,0.));
#4020 = CIRCLE('',#4021,0.8509);
#4021 = AXIS2_PLACEMENT_3D('',#4022,#4023,#4024);
#4022 = CARTESIAN_POINT('',(103.4655,-97.24136,0.));
#4023 = DIRECTION('',(-0.,0.,-1.));
#4024 = DIRECTION('',(1.670096922694E-14,-1.,-0.));
#4025 = FACE_BOUND('',#4026,.F.);
#4026 = EDGE_LOOP('',(#4027));
#4027 = ORIENTED_EDGE('',*,*,#4028,.T.);
#4028 = EDGE_CURVE('',#4029,#4029,#4031,.T.);
#4029 = VERTEX_POINT('',#4030);
#4030 = CARTESIAN_POINT('',(104.7355,-96.20136,0.));
#4031 = CIRCLE('',#4032,1.5);
#4032 = AXIS2_PLACEMENT_3D('',#4033,#4034,#4035);
#4033 = CARTESIAN_POINT('',(104.7355,-94.70136,0.));
#4034 = DIRECTION('',(-0.,0.,-1.));
#4035 = DIRECTION('',(-0.,-1.,0.));
#4036 = FACE_BOUND('',#4037,.F.);
#4037 = EDGE_LOOP('',(#4038));
#4038 = ORIENTED_EDGE('',*,*,#4039,.T.);
#4039 = EDGE_CURVE('',#4040,#4040,#4042,.T.);
#4040 = VERTEX_POINT('',#4041);
#4041 = CARTESIAN_POINT('',(108.5455,-99.23526,0.));
#4042 = CIRCLE('',#4043,1.9939);
#4043 = AXIS2_PLACEMENT_3D('',#4044,#4045,#4046);
#4044 = CARTESIAN_POINT('',(108.5455,-97.24136,0.));
#4045 = DIRECTION('',(-0.,0.,-1.));
#4046 = DIRECTION('',(-0.,-1.,0.));
#4047 = FACE_BOUND('',#4048,.F.);
#4048 = EDGE_LOOP('',(#4049));
#4049 = ORIENTED_EDGE('',*,*,#4050,.T.);
#4050 = EDGE_CURVE('',#4051,#4051,#4053,.T.);
#4051 = VERTEX_POINT('',#4052);
#4052 = CARTESIAN_POINT('',(113.6255,-98.09226,0.));
#4053 = CIRCLE('',#4054,0.8509);
#4054 = AXIS2_PLACEMENT_3D('',#4055,#4056,#4057);
#4055 = CARTESIAN_POINT('',(113.6255,-97.24136,0.));
#4056 = DIRECTION('',(-0.,0.,-1.));
#4057 = DIRECTION('',(-0.,-1.,0.));
#4058 = FACE_BOUND('',#4059,.F.);
#4059 = EDGE_LOOP('',(#4060));
#4060 = ORIENTED_EDGE('',*,*,#4061,.T.);
#4061 = EDGE_CURVE('',#4062,#4062,#4064,.T.);
#4062 = VERTEX_POINT('',#4063);
#4063 = CARTESIAN_POINT('',(122.5155,-98.09226,0.));
#4064 = CIRCLE('',#4065,0.8509);
#4065 = AXIS2_PLACEMENT_3D('',#4066,#4067,#4068);
#4066 = CARTESIAN_POINT('',(122.5155,-97.24136,0.));
#4067 = DIRECTION('',(-0.,0.,-1.));
#4068 = DIRECTION('',(-0.,-1.,0.));
#4069 = FACE_BOUND('',#4070,.F.);
#4070 = EDGE_LOOP('',(#4071));
#4071 = ORIENTED_EDGE('',*,*,#4072,.T.);
#4072 = EDGE_CURVE('',#4073,#4073,#4075,.T.);
#4073 = VERTEX_POINT('',#4074);
#4074 = CARTESIAN_POINT('',(123.7855,-96.20136,0.));
#4075 = CIRCLE('',#4076,1.5);
#4076 = AXIS2_PLACEMENT_3D('',#4077,#4078,#4079);
#4077 = CARTESIAN_POINT('',(123.7855,-94.70136,0.));
#4078 = DIRECTION('',(-0.,0.,-1.));
#4079 = DIRECTION('',(-0.,-1.,0.));
#4080 = FACE_BOUND('',#4081,.F.);
#4081 = EDGE_LOOP('',(#4082));
#4082 = ORIENTED_EDGE('',*,*,#4083,.T.);
#4083 = EDGE_CURVE('',#4084,#4084,#4086,.T.);
#4084 = VERTEX_POINT('',#4085);
#4085 = CARTESIAN_POINT('',(127.5955,-99.23526,0.));
#4086 = CIRCLE('',#4087,1.9939);
#4087 = AXIS2_PLACEMENT_3D('',#4088,#4089,#4090);
#4088 = CARTESIAN_POINT('',(127.5955,-97.24136,0.));
#4089 = DIRECTION('',(-0.,0.,-1.));
#4090 = DIRECTION('',(-7.127165211496E-15,-1.,0.));
#4091 = FACE_BOUND('',#4092,.F.);
#4092 = EDGE_LOOP('',(#4093));
#4093 = ORIENTED_EDGE('',*,*,#4094,.T.);
#4094 = EDGE_CURVE('',#4095,#4095,#4097,.T.);
#4095 = VERTEX_POINT('',#4096);
#4096 = CARTESIAN_POINT('',(132.6755,-98.09226,0.));
#4097 = CIRCLE('',#4098,0.8509);
#4098 = AXIS2_PLACEMENT_3D('',#4099,#4100,#4101);
#4099 = CARTESIAN_POINT('',(132.6755,-97.24136,0.));
#4100 = DIRECTION('',(-0.,0.,-1.));
#4101 = DIRECTION('',(-0.,-1.,0.));
#4102 = FACE_BOUND('',#4103,.F.);
#4103 = EDGE_LOOP('',(#4104));
#4104 = ORIENTED_EDGE('',*,*,#4105,.T.);
#4105 = EDGE_CURVE('',#4106,#4106,#4108,.T.);
#4106 = VERTEX_POINT('',#4107);
#4107 = CARTESIAN_POINT('',(111.0855,-93.66136,0.));
#4108 = CIRCLE('',#4109,1.5);
#4109 = AXIS2_PLACEMENT_3D('',#4110,#4111,#4112);
#4110 = CARTESIAN_POINT('',(111.0855,-92.16136,0.));
#4111 = DIRECTION('',(-0.,0.,-1.));
#4112 = DIRECTION('',(-0.,-1.,0.));
#4113 = FACE_BOUND('',#4114,.F.);
#4114 = EDGE_LOOP('',(#4115));
#4115 = ORIENTED_EDGE('',*,*,#4116,.T.);
#4116 = EDGE_CURVE('',#4117,#4117,#4119,.T.);
#4117 = VERTEX_POINT('',#4118);
#4118 = CARTESIAN_POINT('',(130.1355,-93.66136,0.));
#4119 = CIRCLE('',#4120,1.5);
#4120 = AXIS2_PLACEMENT_3D('',#4121,#4122,#4123);
#4121 = CARTESIAN_POINT('',(130.1355,-92.16136,0.));
#4122 = DIRECTION('',(-0.,0.,-1.));
#4123 = DIRECTION('',(-0.,-1.,0.));
#4124 = FACE_BOUND('',#4125,.F.);
#4125 = EDGE_LOOP('',(#4126));
#4126 = ORIENTED_EDGE('',*,*,#4127,.T.);
#4127 = EDGE_CURVE('',#4128,#4128,#4130,.T.);
#4128 = VERTEX_POINT('',#4129);
#4129 = CARTESIAN_POINT('',(139.6605,-112.71136,0.));
#4130 = CIRCLE('',#4131,1.5);
#4131 = AXIS2_PLACEMENT_3D('',#4132,#4133,#4134);
#4132 = CARTESIAN_POINT('',(139.6605,-111.21136,0.));
#4133 = DIRECTION('',(-0.,0.,-1.));
#4134 = DIRECTION('',(-0.,-1.,0.));
#4135 = FACE_BOUND('',#4136,.F.);
#4136 = EDGE_LOOP('',(#4137));
#4137 = ORIENTED_EDGE('',*,*,#4138,.T.);
#4138 = EDGE_CURVE('',#4139,#4139,#4141,.T.);
#4139 = VERTEX_POINT('',#4140);
#4140 = CARTESIAN_POINT('',(158.7105,-112.71136,0.));
#4141 = CIRCLE('',#4142,1.5);
#4142 = AXIS2_PLACEMENT_3D('',#4143,#4144,#4145);
#4143 = CARTESIAN_POINT('',(158.7105,-111.21136,0.));
#4144 = DIRECTION('',(-0.,0.,-1.));
#4145 = DIRECTION('',(-0.,-1.,0.));
#4146 = FACE_BOUND('',#4147,.F.);
#4147 = EDGE_LOOP('',(#4148,#4158,#4166,#4174));
#4148 = ORIENTED_EDGE('',*,*,#4149,.F.);
#4149 = EDGE_CURVE('',#4150,#4152,#4154,.T.);
#4150 = VERTEX_POINT('',#4151);
#4151 = CARTESIAN_POINT('',(144.9455,-104.24136,0.));
#4152 = VERTEX_POINT('',#4153);
#4153 = CARTESIAN_POINT('',(148.3455,-104.24136,0.));
#4154 = LINE('',#4155,#4156);
#4155 = CARTESIAN_POINT('',(144.9455,-104.24136,0.));
#4156 = VECTOR('',#4157,1.);
#4157 = DIRECTION('',(1.,0.,0.));
#4158 = ORIENTED_EDGE('',*,*,#4159,.F.);
#4159 = EDGE_CURVE('',#4160,#4150,#4162,.T.);
#4160 = VERTEX_POINT('',#4161);
#4161 = CARTESIAN_POINT('',(144.9455,-101.24136,0.));
#4162 = LINE('',#4163,#4164);
#4163 = CARTESIAN_POINT('',(144.9455,-101.24136,0.));
#4164 = VECTOR('',#4165,1.);
#4165 = DIRECTION('',(0.,-1.,0.));
#4166 = ORIENTED_EDGE('',*,*,#4167,.F.);
#4167 = EDGE_CURVE('',#4168,#4160,#4170,.T.);
#4168 = VERTEX_POINT('',#4169);
#4169 = CARTESIAN_POINT('',(148.3455,-101.24136,0.));
#4170 = LINE('',#4171,#4172);
#4171 = CARTESIAN_POINT('',(148.3455,-101.24136,0.));
#4172 = VECTOR('',#4173,1.);
#4173 = DIRECTION('',(-1.,0.,0.));
#4174 = ORIENTED_EDGE('',*,*,#4175,.F.);
#4175 = EDGE_CURVE('',#4152,#4168,#4176,.T.);
#4176 = LINE('',#4177,#4178);
#4177 = CARTESIAN_POINT('',(148.3455,-104.24136,0.));
#4178 = VECTOR('',#4179,1.);
#4179 = DIRECTION('',(0.,1.,0.));
#4180 = FACE_BOUND('',#4181,.F.);
#4181 = EDGE_LOOP('',(#4182,#4192,#4200,#4208));
#4182 = ORIENTED_EDGE('',*,*,#4183,.F.);
#4183 = EDGE_CURVE('',#4184,#4186,#4188,.T.);
#4184 = VERTEX_POINT('',#4185);
#4185 = CARTESIAN_POINT('',(163.9955,-104.24136,0.));
#4186 = VERTEX_POINT('',#4187);
#4187 = CARTESIAN_POINT('',(167.3955,-104.24136,0.));
#4188 = LINE('',#4189,#4190);
#4189 = CARTESIAN_POINT('',(163.9955,-104.24136,0.));
#4190 = VECTOR('',#4191,1.);
#4191 = DIRECTION('',(1.,0.,0.));
#4192 = ORIENTED_EDGE('',*,*,#4193,.F.);
#4193 = EDGE_CURVE('',#4194,#4184,#4196,.T.);
#4194 = VERTEX_POINT('',#4195);
#4195 = CARTESIAN_POINT('',(163.9955,-101.24136,0.));
#4196 = LINE('',#4197,#4198);
#4197 = CARTESIAN_POINT('',(163.9955,-101.24136,0.));
#4198 = VECTOR('',#4199,1.);
#4199 = DIRECTION('',(0.,-1.,0.));
#4200 = ORIENTED_EDGE('',*,*,#4201,.F.);
#4201 = EDGE_CURVE('',#4202,#4194,#4204,.T.);
#4202 = VERTEX_POINT('',#4203);
#4203 = CARTESIAN_POINT('',(167.3955,-101.24136,0.));
#4204 = LINE('',#4205,#4206);
#4205 = CARTESIAN_POINT('',(167.3955,-101.24136,0.));
#4206 = VECTOR('',#4207,1.);
#4207 = DIRECTION('',(-1.,0.,0.));
#4208 = ORIENTED_EDGE('',*,*,#4209,.F.);
#4209 = EDGE_CURVE('',#4186,#4202,#4210,.T.);
#4210 = LINE('',#4211,#4212);
#4211 = CARTESIAN_POINT('',(167.3955,-104.24136,0.));
#4212 = VECTOR('',#4213,1.);
#4213 = DIRECTION('',(0.,1.,0.));
#4214 = FACE_BOUND('',#4215,.F.);
#4215 = EDGE_LOOP('',(#4216));
#4216 = ORIENTED_EDGE('',*,*,#4217,.T.);
#4217 = EDGE_CURVE('',#4218,#4218,#4220,.T.);
#4218 = VERTEX_POINT('',#4219);
#4219 = CARTESIAN_POINT('',(177.7605,-112.71136,0.));
#4220 = CIRCLE('',#4221,1.5);
#4221 = AXIS2_PLACEMENT_3D('',#4222,#4223,#4224);
#4222 = CARTESIAN_POINT('',(177.7605,-111.21136,0.));
#4223 = DIRECTION('',(-0.,0.,-1.));
#4224 = DIRECTION('',(-0.,-1.,0.));
#4225 = FACE_BOUND('',#4226,.F.);
#4226 = EDGE_LOOP('',(#4227));
#4227 = ORIENTED_EDGE('',*,*,#4228,.T.);
#4228 = EDGE_CURVE('',#4229,#4229,#4231,.T.);
#4229 = VERTEX_POINT('',#4230);
#4230 = CARTESIAN_POINT('',(196.8105,-112.71136,0.));
#4231 = CIRCLE('',#4232,1.5);
#4232 = AXIS2_PLACEMENT_3D('',#4233,#4234,#4235);
#4233 = CARTESIAN_POINT('',(196.8105,-111.21136,0.));
#4234 = DIRECTION('',(-0.,0.,-1.));
#4235 = DIRECTION('',(-0.,-1.,0.));
#4236 = FACE_BOUND('',#4237,.F.);
#4237 = EDGE_LOOP('',(#4238,#4248,#4256,#4264));
#4238 = ORIENTED_EDGE('',*,*,#4239,.F.);
#4239 = EDGE_CURVE('',#4240,#4242,#4244,.T.);
#4240 = VERTEX_POINT('',#4241);
#4241 = CARTESIAN_POINT('',(183.0455,-104.24136,0.));
#4242 = VERTEX_POINT('',#4243);
#4243 = CARTESIAN_POINT('',(186.4455,-104.24136,0.));
#4244 = LINE('',#4245,#4246);
#4245 = CARTESIAN_POINT('',(183.0455,-104.24136,0.));
#4246 = VECTOR('',#4247,1.);
#4247 = DIRECTION('',(1.,0.,0.));
#4248 = ORIENTED_EDGE('',*,*,#4249,.F.);
#4249 = EDGE_CURVE('',#4250,#4240,#4252,.T.);
#4250 = VERTEX_POINT('',#4251);
#4251 = CARTESIAN_POINT('',(183.0455,-101.24136,0.));
#4252 = LINE('',#4253,#4254);
#4253 = CARTESIAN_POINT('',(183.0455,-101.24136,0.));
#4254 = VECTOR('',#4255,1.);
#4255 = DIRECTION('',(0.,-1.,0.));
#4256 = ORIENTED_EDGE('',*,*,#4257,.F.);
#4257 = EDGE_CURVE('',#4258,#4250,#4260,.T.);
#4258 = VERTEX_POINT('',#4259);
#4259 = CARTESIAN_POINT('',(186.4455,-101.24136,0.));
#4260 = LINE('',#4261,#4262);
#4261 = CARTESIAN_POINT('',(186.4455,-101.24136,0.));
#4262 = VECTOR('',#4263,1.);
#4263 = DIRECTION('',(-1.,0.,0.));
#4264 = ORIENTED_EDGE('',*,*,#4265,.F.);
#4265 = EDGE_CURVE('',#4242,#4258,#4266,.T.);
#4266 = LINE('',#4267,#4268);
#4267 = CARTESIAN_POINT('',(186.4455,-104.24136,0.));
#4268 = VECTOR('',#4269,1.);
#4269 = DIRECTION('',(0.,1.,0.));
#4270 = FACE_BOUND('',#4271,.F.);
#4271 = EDGE_LOOP('',(#4272));
#4272 = ORIENTED_EDGE('',*,*,#4273,.T.);
#4273 = EDGE_CURVE('',#4274,#4274,#4276,.T.);
#4274 = VERTEX_POINT('',#4275);
#4275 = CARTESIAN_POINT('',(141.5655,-98.09226,0.));
#4276 = CIRCLE('',#4277,0.8509);
#4277 = AXIS2_PLACEMENT_3D('',#4278,#4279,#4280);
#4278 = CARTESIAN_POINT('',(141.5655,-97.24136,0.));
#4279 = DIRECTION('',(-0.,0.,-1.));
#4280 = DIRECTION('',(-0.,-1.,0.));
#4281 = FACE_BOUND('',#4282,.F.);
#4282 = EDGE_LOOP('',(#4283));
#4283 = ORIENTED_EDGE('',*,*,#4284,.T.);
#4284 = EDGE_CURVE('',#4285,#4285,#4287,.T.);
#4285 = VERTEX_POINT('',#4286);
#4286 = CARTESIAN_POINT('',(146.6455,-99.23526,0.));
#4287 = CIRCLE('',#4288,1.9939);
#4288 = AXIS2_PLACEMENT_3D('',#4289,#4290,#4291);
#4289 = CARTESIAN_POINT('',(146.6455,-97.24136,0.));
#4290 = DIRECTION('',(-0.,0.,-1.));
#4291 = DIRECTION('',(-0.,-1.,0.));
#4292 = FACE_BOUND('',#4293,.F.);
#4293 = EDGE_LOOP('',(#4294));
#4294 = ORIENTED_EDGE('',*,*,#4295,.T.);
#4295 = EDGE_CURVE('',#4296,#4296,#4298,.T.);
#4296 = VERTEX_POINT('',#4297);
#4297 = CARTESIAN_POINT('',(142.8355,-96.20136,0.));
#4298 = CIRCLE('',#4299,1.5);
#4299 = AXIS2_PLACEMENT_3D('',#4300,#4301,#4302);
#4300 = CARTESIAN_POINT('',(142.8355,-94.70136,0.));
#4301 = DIRECTION('',(-0.,0.,-1.));
#4302 = DIRECTION('',(-0.,-1.,0.));
#4303 = FACE_BOUND('',#4304,.F.);
#4304 = EDGE_LOOP('',(#4305));
#4305 = ORIENTED_EDGE('',*,*,#4306,.T.);
#4306 = EDGE_CURVE('',#4307,#4307,#4309,.T.);
#4307 = VERTEX_POINT('',#4308);
#4308 = CARTESIAN_POINT('',(151.7255,-98.09226,0.));
#4309 = CIRCLE('',#4310,0.8509);
#4310 = AXIS2_PLACEMENT_3D('',#4311,#4312,#4313);
#4311 = CARTESIAN_POINT('',(151.7255,-97.24136,0.));
#4312 = DIRECTION('',(-0.,0.,-1.));
#4313 = DIRECTION('',(-0.,-1.,0.));
#4314 = FACE_BOUND('',#4315,.F.);
#4315 = EDGE_LOOP('',(#4316));
#4316 = ORIENTED_EDGE('',*,*,#4317,.T.);
#4317 = EDGE_CURVE('',#4318,#4318,#4320,.T.);
#4318 = VERTEX_POINT('',#4319);
#4319 = CARTESIAN_POINT('',(160.6155,-98.09226,0.));
#4320 = CIRCLE('',#4321,0.8509);
#4321 = AXIS2_PLACEMENT_3D('',#4322,#4323,#4324);
#4322 = CARTESIAN_POINT('',(160.6155,-97.24136,0.));
#4323 = DIRECTION('',(-0.,0.,-1.));
#4324 = DIRECTION('',(-0.,-1.,0.));
#4325 = FACE_BOUND('',#4326,.F.);
#4326 = EDGE_LOOP('',(#4327));
#4327 = ORIENTED_EDGE('',*,*,#4328,.T.);
#4328 = EDGE_CURVE('',#4329,#4329,#4331,.T.);
#4329 = VERTEX_POINT('',#4330);
#4330 = CARTESIAN_POINT('',(165.6955,-99.23526,0.));
#4331 = CIRCLE('',#4332,1.9939);
#4332 = AXIS2_PLACEMENT_3D('',#4333,#4334,#4335);
#4333 = CARTESIAN_POINT('',(165.6955,-97.24136,0.));
#4334 = DIRECTION('',(-0.,0.,-1.));
#4335 = DIRECTION('',(-0.,-1.,0.));
#4336 = FACE_BOUND('',#4337,.F.);
#4337 = EDGE_LOOP('',(#4338));
#4338 = ORIENTED_EDGE('',*,*,#4339,.T.);
#4339 = EDGE_CURVE('',#4340,#4340,#4342,.T.);
#4340 = VERTEX_POINT('',#4341);
#4341 = CARTESIAN_POINT('',(161.8855,-96.20136,0.));
#4342 = CIRCLE('',#4343,1.5);
#4343 = AXIS2_PLACEMENT_3D('',#4344,#4345,#4346);
#4344 = CARTESIAN_POINT('',(161.8855,-94.70136,0.));
#4345 = DIRECTION('',(-0.,0.,-1.));
#4346 = DIRECTION('',(-0.,-1.,0.));
#4347 = FACE_BOUND('',#4348,.F.);
#4348 = EDGE_LOOP('',(#4349));
#4349 = ORIENTED_EDGE('',*,*,#4350,.T.);
#4350 = EDGE_CURVE('',#4351,#4351,#4353,.T.);
#4351 = VERTEX_POINT('',#4352);
#4352 = CARTESIAN_POINT('',(149.1855,-93.66136,0.));
#4353 = CIRCLE('',#4354,1.5);
#4354 = AXIS2_PLACEMENT_3D('',#4355,#4356,#4357);
#4355 = CARTESIAN_POINT('',(149.1855,-92.16136,0.));
#4356 = DIRECTION('',(-0.,0.,-1.));
#4357 = DIRECTION('',(-0.,-1.,0.));
#4358 = FACE_BOUND('',#4359,.F.);
#4359 = EDGE_LOOP('',(#4360));
#4360 = ORIENTED_EDGE('',*,*,#4361,.T.);
#4361 = EDGE_CURVE('',#4362,#4362,#4364,.T.);
#4362 = VERTEX_POINT('',#4363);
#4363 = CARTESIAN_POINT('',(168.2355,-93.66136,0.));
#4364 = CIRCLE('',#4365,1.5);
#4365 = AXIS2_PLACEMENT_3D('',#4366,#4367,#4368);
#4366 = CARTESIAN_POINT('',(168.2355,-92.16136,0.));
#4367 = DIRECTION('',(-0.,0.,-1.));
#4368 = DIRECTION('',(-0.,-1.,0.));
#4369 = FACE_BOUND('',#4370,.F.);
#4370 = EDGE_LOOP('',(#4371));
#4371 = ORIENTED_EDGE('',*,*,#4372,.T.);
#4372 = EDGE_CURVE('',#4373,#4373,#4375,.T.);
#4373 = VERTEX_POINT('',#4374);
#4374 = CARTESIAN_POINT('',(170.7755,-98.09226,0.));
#4375 = CIRCLE('',#4376,0.8509);
#4376 = AXIS2_PLACEMENT_3D('',#4377,#4378,#4379);
#4377 = CARTESIAN_POINT('',(170.7755,-97.24136,0.));
#4378 = DIRECTION('',(-0.,0.,-1.));
#4379 = DIRECTION('',(-0.,-1.,0.));
#4380 = FACE_BOUND('',#4381,.F.);
#4381 = EDGE_LOOP('',(#4382));
#4382 = ORIENTED_EDGE('',*,*,#4383,.T.);
#4383 = EDGE_CURVE('',#4384,#4384,#4386,.T.);
#4384 = VERTEX_POINT('',#4385);
#4385 = CARTESIAN_POINT('',(179.6655,-98.09226,0.));
#4386 = CIRCLE('',#4387,0.8509);
#4387 = AXIS2_PLACEMENT_3D('',#4388,#4389,#4390);
#4388 = CARTESIAN_POINT('',(179.6655,-97.24136,0.));
#4389 = DIRECTION('',(-0.,0.,-1.));
#4390 = DIRECTION('',(-0.,-1.,0.));
#4391 = FACE_BOUND('',#4392,.F.);
#4392 = EDGE_LOOP('',(#4393));
#4393 = ORIENTED_EDGE('',*,*,#4394,.T.);
#4394 = EDGE_CURVE('',#4395,#4395,#4397,.T.);
#4395 = VERTEX_POINT('',#4396);
#4396 = CARTESIAN_POINT('',(184.7455,-99.23526,0.));
#4397 = CIRCLE('',#4398,1.9939);
#4398 = AXIS2_PLACEMENT_3D('',#4399,#4400,#4401);
#4399 = CARTESIAN_POINT('',(184.7455,-97.24136,0.));
#4400 = DIRECTION('',(-0.,0.,-1.));
#4401 = DIRECTION('',(-0.,-1.,0.));
#4402 = FACE_BOUND('',#4403,.F.);
#4403 = EDGE_LOOP('',(#4404));
#4404 = ORIENTED_EDGE('',*,*,#4405,.T.);
#4405 = EDGE_CURVE('',#4406,#4406,#4408,.T.);
#4406 = VERTEX_POINT('',#4407);
#4407 = CARTESIAN_POINT('',(180.9355,-96.20136,0.));
#4408 = CIRCLE('',#4409,1.5);
#4409 = AXIS2_PLACEMENT_3D('',#4410,#4411,#4412);
#4410 = CARTESIAN_POINT('',(180.9355,-94.70136,0.));
#4411 = DIRECTION('',(-0.,0.,-1.));
#4412 = DIRECTION('',(-0.,-1.,0.));
#4413 = FACE_BOUND('',#4414,.F.);
#4414 = EDGE_LOOP('',(#4415));
#4415 = ORIENTED_EDGE('',*,*,#4416,.T.);
#4416 = EDGE_CURVE('',#4417,#4417,#4419,.T.);
#4417 = VERTEX_POINT('',#4418);
#4418 = CARTESIAN_POINT('',(189.8255,-98.09226,0.));
#4419 = CIRCLE('',#4420,0.8509);
#4420 = AXIS2_PLACEMENT_3D('',#4421,#4422,#4423);
#4421 = CARTESIAN_POINT('',(189.8255,-97.24136,0.));
#4422 = DIRECTION('',(-0.,0.,-1.));
#4423 = DIRECTION('',(-0.,-1.,0.));
#4424 = FACE_BOUND('',#4425,.F.);
#4425 = EDGE_LOOP('',(#4426));
#4426 = ORIENTED_EDGE('',*,*,#4427,.T.);
#4427 = EDGE_CURVE('',#4428,#4428,#4430,.T.);
#4428 = VERTEX_POINT('',#4429);
#4429 = CARTESIAN_POINT('',(198.7155,-98.09226,0.));
#4430 = CIRCLE('',#4431,0.8509);
#4431 = AXIS2_PLACEMENT_3D('',#4432,#4433,#4434);
#4432 = CARTESIAN_POINT('',(198.7155,-97.24136,0.));
#4433 = DIRECTION('',(-0.,0.,-1.));
#4434 = DIRECTION('',(-0.,-1.,0.));
#4435 = FACE_BOUND('',#4436,.F.);
#4436 = EDGE_LOOP('',(#4437));
#4437 = ORIENTED_EDGE('',*,*,#4438,.T.);
#4438 = EDGE_CURVE('',#4439,#4439,#4441,.T.);
#4439 = VERTEX_POINT('',#4440);
#4440 = CARTESIAN_POINT('',(199.9855,-96.20136,0.));
#4441 = CIRCLE('',#4442,1.5);
#4442 = AXIS2_PLACEMENT_3D('',#4443,#4444,#4445);
#4443 = CARTESIAN_POINT('',(199.9855,-94.70136,0.));
#4444 = DIRECTION('',(-0.,0.,-1.));
#4445 = DIRECTION('',(-0.,-1.,0.));
#4446 = FACE_BOUND('',#4447,.F.);
#4447 = EDGE_LOOP('',(#4448));
#4448 = ORIENTED_EDGE('',*,*,#4449,.T.);
#4449 = EDGE_CURVE('',#4450,#4450,#4452,.T.);
#4450 = VERTEX_POINT('',#4451);
#4451 = CARTESIAN_POINT('',(187.2855,-93.66136,0.));
#4452 = CIRCLE('',#4453,1.5);
#4453 = AXIS2_PLACEMENT_3D('',#4454,#4455,#4456);
#4454 = CARTESIAN_POINT('',(187.2855,-92.16136,0.));
#4455 = DIRECTION('',(-0.,0.,-1.));
#4456 = DIRECTION('',(-0.,-1.,0.));
#4457 = FACE_BOUND('',#4458,.F.);
#4458 = EDGE_LOOP('',(#4459));
#4459 = ORIENTED_EDGE('',*,*,#4460,.T.);
#4460 = EDGE_CURVE('',#4461,#4461,#4463,.T.);
#4461 = VERTEX_POINT('',#4462);
#4462 = CARTESIAN_POINT('',(213.003,-136.19226,0.));
#4463 = CIRCLE('',#4464,0.8509);
#4464 = AXIS2_PLACEMENT_3D('',#4465,#4466,#4467);
#4465 = CARTESIAN_POINT('',(213.003,-135.34136,0.));
#4466 = DIRECTION('',(-0.,0.,-1.));
#4467 = DIRECTION('',(-0.,-1.,0.));
#4468 = FACE_BOUND('',#4469,.F.);
#4469 = EDGE_LOOP('',(#4470));
#4470 = ORIENTED_EDGE('',*,*,#4471,.T.);
#4471 = EDGE_CURVE('',#4472,#4472,#4474,.T.);
#4472 = VERTEX_POINT('',#4473);
#4473 = CARTESIAN_POINT('',(214.273,-134.30136,0.));
#4474 = CIRCLE('',#4475,1.5);
#4475 = AXIS2_PLACEMENT_3D('',#4476,#4477,#4478);
#4476 = CARTESIAN_POINT('',(214.273,-132.80136,0.));
#4477 = DIRECTION('',(-0.,0.,-1.));
#4478 = DIRECTION('',(-0.,-1.,0.));
#4479 = FACE_BOUND('',#4480,.F.);
#4480 = EDGE_LOOP('',(#4481));
#4481 = ORIENTED_EDGE('',*,*,#4482,.T.);
#4482 = EDGE_CURVE('',#4483,#4483,#4485,.T.);
#4483 = VERTEX_POINT('',#4484);
#4484 = CARTESIAN_POINT('',(233.323,-134.30136,0.));
#4485 = CIRCLE('',#4486,1.5);
#4486 = AXIS2_PLACEMENT_3D('',#4487,#4488,#4489);
#4487 = CARTESIAN_POINT('',(233.323,-132.80136,0.));
#4488 = DIRECTION('',(-0.,0.,-1.));
#4489 = DIRECTION('',(-0.,-1.,0.));
#4490 = FACE_BOUND('',#4491,.F.);
#4491 = EDGE_LOOP('',(#4492));
#4492 = ORIENTED_EDGE('',*,*,#4493,.T.);
#4493 = EDGE_CURVE('',#4494,#4494,#4496,.T.);
#4494 = VERTEX_POINT('',#4495);
#4495 = CARTESIAN_POINT('',(220.623,-131.76136,0.));
#4496 = CIRCLE('',#4497,1.5);
#4497 = AXIS2_PLACEMENT_3D('',#4498,#4499,#4500);
#4498 = CARTESIAN_POINT('',(220.623,-130.26136,0.));
#4499 = DIRECTION('',(-0.,0.,-1.));
#4500 = DIRECTION('',(-0.,-1.,0.));
#4501 = FACE_BOUND('',#4502,.F.);
#4502 = EDGE_LOOP('',(#4503));
#4503 = ORIENTED_EDGE('',*,*,#4504,.T.);
#4504 = EDGE_CURVE('',#4505,#4505,#4507,.T.);
#4505 = VERTEX_POINT('',#4506);
#4506 = CARTESIAN_POINT('',(228.12,-128.1,0.));
#4507 = CIRCLE('',#4508,1.1);
#4508 = AXIS2_PLACEMENT_3D('',#4509,#4510,#4511);
#4509 = CARTESIAN_POINT('',(228.12,-127.,0.));
#4510 = DIRECTION('',(-0.,0.,-1.));
#4511 = DIRECTION('',(-0.,-1.,0.));
#4512 = FACE_BOUND('',#4513,.F.);
#4513 = EDGE_LOOP('',(#4514));
#4514 = ORIENTED_EDGE('',*,*,#4515,.T.);
#4515 = EDGE_CURVE('',#4516,#4516,#4518,.T.);
#4516 = VERTEX_POINT('',#4517);
#4517 = CARTESIAN_POINT('',(252.373,-134.30136,0.));
#4518 = CIRCLE('',#4519,1.5);
#4519 = AXIS2_PLACEMENT_3D('',#4520,#4521,#4522);
#4520 = CARTESIAN_POINT('',(252.373,-132.80136,0.));
#4521 = DIRECTION('',(-0.,0.,-1.));
#4522 = DIRECTION('',(-0.,-1.,0.));
#4523 = FACE_BOUND('',#4524,.F.);
#4524 = EDGE_LOOP('',(#4525));
#4525 = ORIENTED_EDGE('',*,*,#4526,.T.);
#4526 = EDGE_CURVE('',#4527,#4527,#4529,.T.);
#4527 = VERTEX_POINT('',#4528);
#4528 = CARTESIAN_POINT('',(239.673,-131.76136,0.));
#4529 = CIRCLE('',#4530,1.5);
#4530 = AXIS2_PLACEMENT_3D('',#4531,#4532,#4533);
#4531 = CARTESIAN_POINT('',(239.673,-130.26136,0.));
#4532 = DIRECTION('',(-0.,0.,-1.));
#4533 = DIRECTION('',(-0.,-1.,0.));
#4534 = FACE_BOUND('',#4535,.F.);
#4535 = EDGE_LOOP('',(#4536));
#4536 = ORIENTED_EDGE('',*,*,#4537,.T.);
#4537 = EDGE_CURVE('',#4538,#4538,#4540,.T.);
#4538 = VERTEX_POINT('',#4539);
#4539 = CARTESIAN_POINT('',(271.423,-134.30136,0.));
#4540 = CIRCLE('',#4541,1.5);
#4541 = AXIS2_PLACEMENT_3D('',#4542,#4543,#4544);
#4542 = CARTESIAN_POINT('',(271.423,-132.80136,0.));
#4543 = DIRECTION('',(-0.,0.,-1.));
#4544 = DIRECTION('',(-0.,-1.,0.));
#4545 = FACE_BOUND('',#4546,.F.);
#4546 = EDGE_LOOP('',(#4547));
#4547 = ORIENTED_EDGE('',*,*,#4548,.T.);
#4548 = EDGE_CURVE('',#4549,#4549,#4551,.T.);
#4549 = VERTEX_POINT('',#4550);
#4550 = CARTESIAN_POINT('',(258.723,-131.76136,0.));
#4551 = CIRCLE('',#4552,1.5);
#4552 = AXIS2_PLACEMENT_3D('',#4553,#4554,#4555);
#4553 = CARTESIAN_POINT('',(258.723,-130.26136,0.));
#4554 = DIRECTION('',(-0.,0.,-1.));
#4555 = DIRECTION('',(-0.,-1.,0.));
#4556 = FACE_BOUND('',#4557,.F.);
#4557 = EDGE_LOOP('',(#4558,#4568,#4576,#4584));
#4558 = ORIENTED_EDGE('',*,*,#4559,.F.);
#4559 = EDGE_CURVE('',#4560,#4562,#4564,.T.);
#4560 = VERTEX_POINT('',#4561);
#4561 = CARTESIAN_POINT('',(211.6205,-123.29136,0.));
#4562 = VERTEX_POINT('',#4563);
#4563 = CARTESIAN_POINT('',(215.0205,-123.29136,0.));
#4564 = LINE('',#4565,#4566);
#4565 = CARTESIAN_POINT('',(211.6205,-123.29136,0.));
#4566 = VECTOR('',#4567,1.);
#4567 = DIRECTION('',(1.,0.,0.));
#4568 = ORIENTED_EDGE('',*,*,#4569,.F.);
#4569 = EDGE_CURVE('',#4570,#4560,#4572,.T.);
#4570 = VERTEX_POINT('',#4571);
#4571 = CARTESIAN_POINT('',(211.6205,-120.29136,0.));
#4572 = LINE('',#4573,#4574);
#4573 = CARTESIAN_POINT('',(211.6205,-120.29136,0.));
#4574 = VECTOR('',#4575,1.);
#4575 = DIRECTION('',(0.,-1.,0.));
#4576 = ORIENTED_EDGE('',*,*,#4577,.F.);
#4577 = EDGE_CURVE('',#4578,#4570,#4580,.T.);
#4578 = VERTEX_POINT('',#4579);
#4579 = CARTESIAN_POINT('',(215.0205,-120.29136,0.));
#4580 = LINE('',#4581,#4582);
#4581 = CARTESIAN_POINT('',(215.0205,-120.29136,0.));
#4582 = VECTOR('',#4583,1.);
#4583 = DIRECTION('',(-1.,0.,0.));
#4584 = ORIENTED_EDGE('',*,*,#4585,.F.);
#4585 = EDGE_CURVE('',#4562,#4578,#4586,.T.);
#4586 = LINE('',#4587,#4588);
#4587 = CARTESIAN_POINT('',(215.0205,-123.29136,0.));
#4588 = VECTOR('',#4589,1.);
#4589 = DIRECTION('',(0.,1.,0.));
#4590 = FACE_BOUND('',#4591,.F.);
#4591 = EDGE_LOOP('',(#4592,#4602,#4610,#4618));
#4592 = ORIENTED_EDGE('',*,*,#4593,.F.);
#4593 = EDGE_CURVE('',#4594,#4596,#4598,.T.);
#4594 = VERTEX_POINT('',#4595);
#4595 = CARTESIAN_POINT('',(230.6705,-123.29136,0.));
#4596 = VERTEX_POINT('',#4597);
#4597 = CARTESIAN_POINT('',(234.0705,-123.29136,0.));
#4598 = LINE('',#4599,#4600);
#4599 = CARTESIAN_POINT('',(230.6705,-123.29136,0.));
#4600 = VECTOR('',#4601,1.);
#4601 = DIRECTION('',(1.,0.,0.));
#4602 = ORIENTED_EDGE('',*,*,#4603,.F.);
#4603 = EDGE_CURVE('',#4604,#4594,#4606,.T.);
#4604 = VERTEX_POINT('',#4605);
#4605 = CARTESIAN_POINT('',(230.6705,-120.29136,0.));
#4606 = LINE('',#4607,#4608);
#4607 = CARTESIAN_POINT('',(230.6705,-120.29136,0.));
#4608 = VECTOR('',#4609,1.);
#4609 = DIRECTION('',(0.,-1.,0.));
#4610 = ORIENTED_EDGE('',*,*,#4611,.F.);
#4611 = EDGE_CURVE('',#4612,#4604,#4614,.T.);
#4612 = VERTEX_POINT('',#4613);
#4613 = CARTESIAN_POINT('',(234.0705,-120.29136,0.));
#4614 = LINE('',#4615,#4616);
#4615 = CARTESIAN_POINT('',(234.0705,-120.29136,0.));
#4616 = VECTOR('',#4617,1.);
#4617 = DIRECTION('',(-1.,0.,0.));
#4618 = ORIENTED_EDGE('',*,*,#4619,.F.);
#4619 = EDGE_CURVE('',#4596,#4612,#4620,.T.);
#4620 = LINE('',#4621,#4622);
#4621 = CARTESIAN_POINT('',(234.0705,-123.29136,0.));
#4622 = VECTOR('',#4623,1.);
#4623 = DIRECTION('',(0.,1.,0.));
#4624 = FACE_BOUND('',#4625,.F.);
#4625 = EDGE_LOOP('',(#4626));
#4626 = ORIENTED_EDGE('',*,*,#4627,.T.);
#4627 = EDGE_CURVE('',#4628,#4628,#4630,.T.);
#4628 = VERTEX_POINT('',#4629);
#4629 = CARTESIAN_POINT('',(208.2405,-117.14226,0.));
#4630 = CIRCLE('',#4631,0.8509);
#4631 = AXIS2_PLACEMENT_3D('',#4632,#4633,#4634);
#4632 = CARTESIAN_POINT('',(208.2405,-116.29136,0.));
#4633 = DIRECTION('',(-0.,0.,-1.));
#4634 = DIRECTION('',(-0.,-1.,0.));
#4635 = FACE_BOUND('',#4636,.F.);
#4636 = EDGE_LOOP('',(#4637));
#4637 = ORIENTED_EDGE('',*,*,#4638,.T.);
#4638 = EDGE_CURVE('',#4639,#4639,#4641,.T.);
#4639 = VERTEX_POINT('',#4640);
#4640 = CARTESIAN_POINT('',(213.3205,-118.28526,0.));
#4641 = CIRCLE('',#4642,1.9939);
#4642 = AXIS2_PLACEMENT_3D('',#4643,#4644,#4645);
#4643 = CARTESIAN_POINT('',(213.3205,-116.29136,0.));
#4644 = DIRECTION('',(-0.,0.,-1.));
#4645 = DIRECTION('',(-0.,-1.,0.));
#4646 = FACE_BOUND('',#4647,.F.);
#4647 = EDGE_LOOP('',(#4648));
#4648 = ORIENTED_EDGE('',*,*,#4649,.T.);
#4649 = EDGE_CURVE('',#4650,#4650,#4652,.T.);
#4650 = VERTEX_POINT('',#4651);
#4651 = CARTESIAN_POINT('',(218.4005,-117.14226,0.));
#4652 = CIRCLE('',#4653,0.8509);
#4653 = AXIS2_PLACEMENT_3D('',#4654,#4655,#4656);
#4654 = CARTESIAN_POINT('',(218.4005,-116.29136,0.));
#4655 = DIRECTION('',(-0.,0.,-1.));
#4656 = DIRECTION('',(-0.,-1.,0.));
#4657 = FACE_BOUND('',#4658,.F.);
#4658 = EDGE_LOOP('',(#4659));
#4659 = ORIENTED_EDGE('',*,*,#4660,.T.);
#4660 = EDGE_CURVE('',#4661,#4661,#4663,.T.);
#4661 = VERTEX_POINT('',#4662);
#4662 = CARTESIAN_POINT('',(209.5105,-115.25136,0.));
#4663 = CIRCLE('',#4664,1.5);
#4664 = AXIS2_PLACEMENT_3D('',#4665,#4666,#4667);
#4665 = CARTESIAN_POINT('',(209.5105,-113.75136,0.));
#4666 = DIRECTION('',(-0.,0.,-1.));
#4667 = DIRECTION('',(-0.,-1.,0.));
#4668 = FACE_BOUND('',#4669,.F.);
#4669 = EDGE_LOOP('',(#4670));
#4670 = ORIENTED_EDGE('',*,*,#4671,.T.);
#4671 = EDGE_CURVE('',#4672,#4672,#4674,.T.);
#4672 = VERTEX_POINT('',#4673);
#4673 = CARTESIAN_POINT('',(227.2905,-117.14226,0.));
#4674 = CIRCLE('',#4675,0.8509);
#4675 = AXIS2_PLACEMENT_3D('',#4676,#4677,#4678);
#4676 = CARTESIAN_POINT('',(227.2905,-116.29136,0.));
#4677 = DIRECTION('',(-0.,0.,-1.));
#4678 = DIRECTION('',(-0.,-1.,0.));
#4679 = FACE_BOUND('',#4680,.F.);
#4680 = EDGE_LOOP('',(#4681));
#4681 = ORIENTED_EDGE('',*,*,#4682,.T.);
#4682 = EDGE_CURVE('',#4683,#4683,#4685,.T.);
#4683 = VERTEX_POINT('',#4684);
#4684 = CARTESIAN_POINT('',(232.3705,-118.28526,0.));
#4685 = CIRCLE('',#4686,1.9939);
#4686 = AXIS2_PLACEMENT_3D('',#4687,#4688,#4689);
#4687 = CARTESIAN_POINT('',(232.3705,-116.29136,0.));
#4688 = DIRECTION('',(-0.,0.,-1.));
#4689 = DIRECTION('',(-0.,-1.,0.));
#4690 = FACE_BOUND('',#4691,.F.);
#4691 = EDGE_LOOP('',(#4692));
#4692 = ORIENTED_EDGE('',*,*,#4693,.T.);
#4693 = EDGE_CURVE('',#4694,#4694,#4696,.T.);
#4694 = VERTEX_POINT('',#4695);
#4695 = CARTESIAN_POINT('',(237.4505,-117.14226,0.));
#4696 = CIRCLE('',#4697,0.8509);
#4697 = AXIS2_PLACEMENT_3D('',#4698,#4699,#4700);
#4698 = CARTESIAN_POINT('',(237.4505,-116.29136,0.));
#4699 = DIRECTION('',(-0.,0.,-1.));
#4700 = DIRECTION('',(-0.,-1.,0.));
#4701 = FACE_BOUND('',#4702,.F.);
#4702 = EDGE_LOOP('',(#4703));
#4703 = ORIENTED_EDGE('',*,*,#4704,.T.);
#4704 = EDGE_CURVE('',#4705,#4705,#4707,.T.);
#4705 = VERTEX_POINT('',#4706);
#4706 = CARTESIAN_POINT('',(228.5605,-115.25136,0.));
#4707 = CIRCLE('',#4708,1.5);
#4708 = AXIS2_PLACEMENT_3D('',#4709,#4710,#4711);
#4709 = CARTESIAN_POINT('',(228.5605,-113.75136,0.));
#4710 = DIRECTION('',(-0.,0.,-1.));
#4711 = DIRECTION('',(-0.,-1.,0.));
#4712 = FACE_BOUND('',#4713,.F.);
#4713 = EDGE_LOOP('',(#4714,#4724,#4732,#4740));
#4714 = ORIENTED_EDGE('',*,*,#4715,.F.);
#4715 = EDGE_CURVE('',#4716,#4718,#4720,.T.);
#4716 = VERTEX_POINT('',#4717);
#4717 = CARTESIAN_POINT('',(249.7205,-123.29136,0.));
#4718 = VERTEX_POINT('',#4719);
#4719 = CARTESIAN_POINT('',(253.1205,-123.29136,0.));
#4720 = LINE('',#4721,#4722);
#4721 = CARTESIAN_POINT('',(249.7205,-123.29136,0.));
#4722 = VECTOR('',#4723,1.);
#4723 = DIRECTION('',(1.,0.,0.));
#4724 = ORIENTED_EDGE('',*,*,#4725,.F.);
#4725 = EDGE_CURVE('',#4726,#4716,#4728,.T.);
#4726 = VERTEX_POINT('',#4727);
#4727 = CARTESIAN_POINT('',(249.7205,-120.29136,0.));
#4728 = LINE('',#4729,#4730);
#4729 = CARTESIAN_POINT('',(249.7205,-120.29136,0.));
#4730 = VECTOR('',#4731,1.);
#4731 = DIRECTION('',(0.,-1.,0.));
#4732 = ORIENTED_EDGE('',*,*,#4733,.F.);
#4733 = EDGE_CURVE('',#4734,#4726,#4736,.T.);
#4734 = VERTEX_POINT('',#4735);
#4735 = CARTESIAN_POINT('',(253.1205,-120.29136,0.));
#4736 = LINE('',#4737,#4738);
#4737 = CARTESIAN_POINT('',(253.1205,-120.29136,0.));
#4738 = VECTOR('',#4739,1.);
#4739 = DIRECTION('',(-1.,0.,0.));
#4740 = ORIENTED_EDGE('',*,*,#4741,.F.);
#4741 = EDGE_CURVE('',#4718,#4734,#4742,.T.);
#4742 = LINE('',#4743,#4744);
#4743 = CARTESIAN_POINT('',(253.1205,-123.29136,0.));
#4744 = VECTOR('',#4745,1.);
#4745 = DIRECTION('',(0.,1.,0.));
#4746 = FACE_BOUND('',#4747,.F.);
#4747 = EDGE_LOOP('',(#4748,#4758,#4766,#4774));
#4748 = ORIENTED_EDGE('',*,*,#4749,.F.);
#4749 = EDGE_CURVE('',#4750,#4752,#4754,.T.);
#4750 = VERTEX_POINT('',#4751);
#4751 = CARTESIAN_POINT('',(268.7705,-123.29136,0.));
#4752 = VERTEX_POINT('',#4753);
#4753 = CARTESIAN_POINT('',(272.1705,-123.29136,0.));
#4754 = LINE('',#4755,#4756);
#4755 = CARTESIAN_POINT('',(268.7705,-123.29136,0.));
#4756 = VECTOR('',#4757,1.);
#4757 = DIRECTION('',(1.,0.,0.));
#4758 = ORIENTED_EDGE('',*,*,#4759,.F.);
#4759 = EDGE_CURVE('',#4760,#4750,#4762,.T.);
#4760 = VERTEX_POINT('',#4761);
#4761 = CARTESIAN_POINT('',(268.7705,-120.29136,0.));
#4762 = LINE('',#4763,#4764);
#4763 = CARTESIAN_POINT('',(268.7705,-120.29136,0.));
#4764 = VECTOR('',#4765,1.);
#4765 = DIRECTION('',(0.,-1.,0.));
#4766 = ORIENTED_EDGE('',*,*,#4767,.F.);
#4767 = EDGE_CURVE('',#4768,#4760,#4770,.T.);
#4768 = VERTEX_POINT('',#4769);
#4769 = CARTESIAN_POINT('',(272.1705,-120.29136,0.));
#4770 = LINE('',#4771,#4772);
#4771 = CARTESIAN_POINT('',(272.1705,-120.29136,0.));
#4772 = VECTOR('',#4773,1.);
#4773 = DIRECTION('',(-1.,0.,0.));
#4774 = ORIENTED_EDGE('',*,*,#4775,.F.);
#4775 = EDGE_CURVE('',#4752,#4768,#4776,.T.);
#4776 = LINE('',#4777,#4778);
#4777 = CARTESIAN_POINT('',(272.1705,-123.29136,0.));
#4778 = VECTOR('',#4779,1.);
#4779 = DIRECTION('',(0.,1.,0.));
#4780 = FACE_BOUND('',#4781,.F.);
#4781 = EDGE_LOOP('',(#4782));
#4782 = ORIENTED_EDGE('',*,*,#4783,.T.);
#4783 = EDGE_CURVE('',#4784,#4784,#4786,.T.);
#4784 = VERTEX_POINT('',#4785);
#4785 = CARTESIAN_POINT('',(246.3405,-117.14226,0.));
#4786 = CIRCLE('',#4787,0.8509);
#4787 = AXIS2_PLACEMENT_3D('',#4788,#4789,#4790);
#4788 = CARTESIAN_POINT('',(246.3405,-116.29136,0.));
#4789 = DIRECTION('',(-0.,0.,-1.));
#4790 = DIRECTION('',(-0.,-1.,0.));
#4791 = FACE_BOUND('',#4792,.F.);
#4792 = EDGE_LOOP('',(#4793));
#4793 = ORIENTED_EDGE('',*,*,#4794,.T.);
#4794 = EDGE_CURVE('',#4795,#4795,#4797,.T.);
#4795 = VERTEX_POINT('',#4796);
#4796 = CARTESIAN_POINT('',(251.4205,-118.28526,0.));
#4797 = CIRCLE('',#4798,1.9939);
#4798 = AXIS2_PLACEMENT_3D('',#4799,#4800,#4801);
#4799 = CARTESIAN_POINT('',(251.4205,-116.29136,0.));
#4800 = DIRECTION('',(-0.,0.,-1.));
#4801 = DIRECTION('',(-0.,-1.,0.));
#4802 = FACE_BOUND('',#4803,.F.);
#4803 = EDGE_LOOP('',(#4804));
#4804 = ORIENTED_EDGE('',*,*,#4805,.T.);
#4805 = EDGE_CURVE('',#4806,#4806,#4808,.T.);
#4806 = VERTEX_POINT('',#4807);
#4807 = CARTESIAN_POINT('',(247.6105,-115.25136,0.));
#4808 = CIRCLE('',#4809,1.5);
#4809 = AXIS2_PLACEMENT_3D('',#4810,#4811,#4812);
#4810 = CARTESIAN_POINT('',(247.6105,-113.75136,0.));
#4811 = DIRECTION('',(-0.,0.,-1.));
#4812 = DIRECTION('',(-0.,-1.,0.));
#4813 = FACE_BOUND('',#4814,.F.);
#4814 = EDGE_LOOP('',(#4815));
#4815 = ORIENTED_EDGE('',*,*,#4816,.T.);
#4816 = EDGE_CURVE('',#4817,#4817,#4819,.T.);
#4817 = VERTEX_POINT('',#4818);
#4818 = CARTESIAN_POINT('',(256.5005,-117.14226,0.));
#4819 = CIRCLE('',#4820,0.8509);
#4820 = AXIS2_PLACEMENT_3D('',#4821,#4822,#4823);
#4821 = CARTESIAN_POINT('',(256.5005,-116.29136,0.));
#4822 = DIRECTION('',(-0.,0.,-1.));
#4823 = DIRECTION('',(-0.,-1.,0.));
#4824 = FACE_BOUND('',#4825,.F.);
#4825 = EDGE_LOOP('',(#4826));
#4826 = ORIENTED_EDGE('',*,*,#4827,.T.);
#4827 = EDGE_CURVE('',#4828,#4828,#4830,.T.);
#4828 = VERTEX_POINT('',#4829);
#4829 = CARTESIAN_POINT('',(265.3905,-117.14226,0.));
#4830 = CIRCLE('',#4831,0.8509);
#4831 = AXIS2_PLACEMENT_3D('',#4832,#4833,#4834);
#4832 = CARTESIAN_POINT('',(265.3905,-116.29136,0.));
#4833 = DIRECTION('',(-0.,0.,-1.));
#4834 = DIRECTION('',(-0.,-1.,0.));
#4835 = FACE_BOUND('',#4836,.F.);
#4836 = EDGE_LOOP('',(#4837));
#4837 = ORIENTED_EDGE('',*,*,#4838,.T.);
#4838 = EDGE_CURVE('',#4839,#4839,#4841,.T.);
#4839 = VERTEX_POINT('',#4840);
#4840 = CARTESIAN_POINT('',(270.4705,-118.28526,0.));
#4841 = CIRCLE('',#4842,1.9939);
#4842 = AXIS2_PLACEMENT_3D('',#4843,#4844,#4845);
#4843 = CARTESIAN_POINT('',(270.4705,-116.29136,0.));
#4844 = DIRECTION('',(-0.,0.,-1.));
#4845 = DIRECTION('',(-0.,-1.,0.));
#4846 = FACE_BOUND('',#4847,.F.);
#4847 = EDGE_LOOP('',(#4848));
#4848 = ORIENTED_EDGE('',*,*,#4849,.T.);
#4849 = EDGE_CURVE('',#4850,#4850,#4852,.T.);
#4850 = VERTEX_POINT('',#4851);
#4851 = CARTESIAN_POINT('',(266.6605,-115.25136,0.));
#4852 = CIRCLE('',#4853,1.5);
#4853 = AXIS2_PLACEMENT_3D('',#4854,#4855,#4856);
#4854 = CARTESIAN_POINT('',(266.6605,-113.75136,0.));
#4855 = DIRECTION('',(-0.,0.,-1.));
#4856 = DIRECTION('',(-0.,-1.,0.));
#4857 = FACE_BOUND('',#4858,.F.);
#4858 = EDGE_LOOP('',(#4859));
#4859 = ORIENTED_EDGE('',*,*,#4860,.T.);
#4860 = EDGE_CURVE('',#4861,#4861,#4863,.T.);
#4861 = VERTEX_POINT('',#4862);
#4862 = CARTESIAN_POINT('',(275.233,-137.33526,0.));
#4863 = CIRCLE('',#4864,1.9939);
#4864 = AXIS2_PLACEMENT_3D('',#4865,#4866,#4867);
#4865 = CARTESIAN_POINT('',(275.233,-135.34136,0.));
#4866 = DIRECTION('',(-0.,0.,-1.));
#4867 = DIRECTION('',(-0.,-1.,0.));
#4868 = FACE_BOUND('',#4869,.F.);
#4869 = EDGE_LOOP('',(#4870));
#4870 = ORIENTED_EDGE('',*,*,#4871,.T.);
#4871 = EDGE_CURVE('',#4872,#4872,#4874,.T.);
#4872 = VERTEX_POINT('',#4873);
#4873 = CARTESIAN_POINT('',(280.313,-136.19226,0.));
#4874 = CIRCLE('',#4875,0.8509);
#4875 = AXIS2_PLACEMENT_3D('',#4876,#4877,#4878);
#4876 = CARTESIAN_POINT('',(280.313,-135.34136,0.));
#4877 = DIRECTION('',(-0.,0.,-1.));
#4878 = DIRECTION('',(-0.,-1.,0.));
#4879 = FACE_BOUND('',#4880,.F.);
#4880 = EDGE_LOOP('',(#4881));
#4881 = ORIENTED_EDGE('',*,*,#4882,.T.);
#4882 = EDGE_CURVE('',#4883,#4883,#4885,.T.);
#4883 = VERTEX_POINT('',#4884);
#4884 = CARTESIAN_POINT('',(289.203,-136.19226,0.));
#4885 = CIRCLE('',#4886,0.8509);
#4886 = AXIS2_PLACEMENT_3D('',#4887,#4888,#4889);
#4887 = CARTESIAN_POINT('',(289.203,-135.34136,0.));
#4888 = DIRECTION('',(-0.,0.,-1.));
#4889 = DIRECTION('',(-0.,-1.,0.));
#4890 = FACE_BOUND('',#4891,.F.);
#4891 = EDGE_LOOP('',(#4892));
#4892 = ORIENTED_EDGE('',*,*,#4893,.T.);
#4893 = EDGE_CURVE('',#4894,#4894,#4896,.T.);
#4894 = VERTEX_POINT('',#4895);
#4895 = CARTESIAN_POINT('',(277.773,-131.76136,0.));
#4896 = CIRCLE('',#4897,1.5);
#4897 = AXIS2_PLACEMENT_3D('',#4898,#4899,#4900);
#4898 = CARTESIAN_POINT('',(277.773,-130.26136,0.));
#4899 = DIRECTION('',(-0.,0.,-1.));
#4900 = DIRECTION('',(-0.,-1.,0.));
#4901 = FACE_BOUND('',#4902,.F.);
#4902 = EDGE_LOOP('',(#4903));
#4903 = ORIENTED_EDGE('',*,*,#4904,.T.);
#4904 = EDGE_CURVE('',#4905,#4905,#4907,.T.);
#4905 = VERTEX_POINT('',#4906);
#4906 = CARTESIAN_POINT('',(290.473,-134.30136,0.));
#4907 = CIRCLE('',#4908,1.5);
#4908 = AXIS2_PLACEMENT_3D('',#4909,#4910,#4911);
#4909 = CARTESIAN_POINT('',(290.473,-132.80136,0.));
#4910 = DIRECTION('',(-0.,0.,-1.));
#4911 = DIRECTION('',(-0.,-1.,0.));
#4912 = FACE_BOUND('',#4913,.F.);
#4913 = EDGE_LOOP('',(#4914));
#4914 = ORIENTED_EDGE('',*,*,#4915,.T.);
#4915 = EDGE_CURVE('',#4916,#4916,#4918,.T.);
#4916 = VERTEX_POINT('',#4917);
#4917 = CARTESIAN_POINT('',(299.363,-136.19226,0.));
#4918 = CIRCLE('',#4919,0.8509);
#4919 = AXIS2_PLACEMENT_3D('',#4920,#4921,#4922);
#4920 = CARTESIAN_POINT('',(299.363,-135.34136,0.));
#4921 = DIRECTION('',(-0.,0.,-1.));
#4922 = DIRECTION('',(-0.,-1.,0.));
#4923 = FACE_BOUND('',#4924,.F.);
#4924 = EDGE_LOOP('',(#4925));
#4925 = ORIENTED_EDGE('',*,*,#4926,.T.);
#4926 = EDGE_CURVE('',#4927,#4927,#4929,.T.);
#4927 = VERTEX_POINT('',#4928);
#4928 = CARTESIAN_POINT('',(296.823,-131.76136,0.));
#4929 = CIRCLE('',#4930,1.5);
#4930 = AXIS2_PLACEMENT_3D('',#4931,#4932,#4933);
#4931 = CARTESIAN_POINT('',(296.823,-130.26136,0.));
#4932 = DIRECTION('',(-0.,0.,-1.));
#4933 = DIRECTION('',(-0.,-1.,0.));
#4934 = FACE_BOUND('',#4935,.F.);
#4935 = EDGE_LOOP('',(#4936));
#4936 = ORIENTED_EDGE('',*,*,#4937,.T.);
#4937 = EDGE_CURVE('',#4938,#4938,#4940,.T.);
#4938 = VERTEX_POINT('',#4939);
#4939 = CARTESIAN_POINT('',(321.42925,-134.30136,0.));
#4940 = CIRCLE('',#4941,1.5);
#4941 = AXIS2_PLACEMENT_3D('',#4942,#4943,#4944);
#4942 = CARTESIAN_POINT('',(321.42925,-132.80136,0.));
#4943 = DIRECTION('',(-0.,0.,-1.));
#4944 = DIRECTION('',(-0.,-1.,0.));
#4945 = FACE_BOUND('',#4946,.F.);
#4946 = EDGE_LOOP('',(#4947));
#4947 = ORIENTED_EDGE('',*,*,#4948,.T.);
#4948 = EDGE_CURVE('',#4949,#4949,#4951,.T.);
#4949 = VERTEX_POINT('',#4950);
#4950 = CARTESIAN_POINT('',(325.23925,-137.33526,0.));
#4951 = CIRCLE('',#4952,1.9939);
#4952 = AXIS2_PLACEMENT_3D('',#4953,#4954,#4955);
#4953 = CARTESIAN_POINT('',(325.23925,-135.34136,0.));
#4954 = DIRECTION('',(-0.,0.,-1.));
#4955 = DIRECTION('',(2.850866084598E-14,-1.,-0.));
#4956 = FACE_BOUND('',#4957,.F.);
#4957 = EDGE_LOOP('',(#4958));
#4958 = ORIENTED_EDGE('',*,*,#4959,.T.);
#4959 = EDGE_CURVE('',#4960,#4960,#4962,.T.);
#4960 = VERTEX_POINT('',#4961);
#4961 = CARTESIAN_POINT('',(327.77925,-131.76136,0.));
#4962 = CIRCLE('',#4963,1.5);
#4963 = AXIS2_PLACEMENT_3D('',#4964,#4965,#4966);
#4964 = CARTESIAN_POINT('',(327.77925,-130.26136,0.));
#4965 = DIRECTION('',(-0.,0.,-1.));
#4966 = DIRECTION('',(-0.,-1.,0.));
#4967 = FACE_BOUND('',#4968,.F.);
#4968 = EDGE_LOOP('',(#4969));
#4969 = ORIENTED_EDGE('',*,*,#4970,.T.);
#4970 = EDGE_CURVE('',#4971,#4971,#4973,.T.);
#4971 = VERTEX_POINT('',#4972);
#4972 = CARTESIAN_POINT('',(313.30125,-129.88036,0.));
#4973 = CIRCLE('',#4974,1.524);
#4974 = AXIS2_PLACEMENT_3D('',#4975,#4976,#4977);
#4975 = CARTESIAN_POINT('',(313.30125,-128.35636,0.));
#4976 = DIRECTION('',(-0.,0.,-1.));
#4977 = DIRECTION('',(-0.,-1.,0.));
#4978 = FACE_BOUND('',#4979,.F.);
#4979 = EDGE_LOOP('',(#4980));
#4980 = ORIENTED_EDGE('',*,*,#4981,.T.);
#4981 = EDGE_CURVE('',#4982,#4982,#4984,.T.);
#4982 = VERTEX_POINT('',#4983);
#4983 = CARTESIAN_POINT('',(337.17725,-129.88036,0.));
#4984 = CIRCLE('',#4985,1.524);
#4985 = AXIS2_PLACEMENT_3D('',#4986,#4987,#4988);
#4986 = CARTESIAN_POINT('',(337.17725,-128.35636,0.));
#4987 = DIRECTION('',(-0.,0.,-1.));
#4988 = DIRECTION('',(-0.,-1.,0.));
#4989 = FACE_BOUND('',#4990,.F.);
#4990 = EDGE_LOOP('',(#4991,#5001,#5009,#5017));
#4991 = ORIENTED_EDGE('',*,*,#4992,.F.);
#4992 = EDGE_CURVE('',#4993,#4995,#4997,.T.);
#4993 = VERTEX_POINT('',#4994);
#4994 = CARTESIAN_POINT('',(287.8205,-123.29136,0.));
#4995 = VERTEX_POINT('',#4996);
#4996 = CARTESIAN_POINT('',(291.2205,-123.29136,0.));
#4997 = LINE('',#4998,#4999);
#4998 = CARTESIAN_POINT('',(287.8205,-123.29136,0.));
#4999 = VECTOR('',#5000,1.);
#5000 = DIRECTION('',(1.,0.,0.));
#5001 = ORIENTED_EDGE('',*,*,#5002,.F.);
#5002 = EDGE_CURVE('',#5003,#4993,#5005,.T.);
#5003 = VERTEX_POINT('',#5004);
#5004 = CARTESIAN_POINT('',(287.8205,-120.29136,0.));
#5005 = LINE('',#5006,#5007);
#5006 = CARTESIAN_POINT('',(287.8205,-120.29136,0.));
#5007 = VECTOR('',#5008,1.);
#5008 = DIRECTION('',(0.,-1.,0.));
#5009 = ORIENTED_EDGE('',*,*,#5010,.F.);
#5010 = EDGE_CURVE('',#5011,#5003,#5013,.T.);
#5011 = VERTEX_POINT('',#5012);
#5012 = CARTESIAN_POINT('',(291.2205,-120.29136,0.));
#5013 = LINE('',#5014,#5015);
#5014 = CARTESIAN_POINT('',(291.2205,-120.29136,0.));
#5015 = VECTOR('',#5016,1.);
#5016 = DIRECTION('',(-1.,0.,0.));
#5017 = ORIENTED_EDGE('',*,*,#5018,.F.);
#5018 = EDGE_CURVE('',#4995,#5011,#5019,.T.);
#5019 = LINE('',#5020,#5021);
#5020 = CARTESIAN_POINT('',(291.2205,-123.29136,0.));
#5021 = VECTOR('',#5022,1.);
#5022 = DIRECTION('',(0.,1.,0.));
#5023 = FACE_BOUND('',#5024,.F.);
#5024 = EDGE_LOOP('',(#5025));
#5025 = ORIENTED_EDGE('',*,*,#5026,.T.);
#5026 = EDGE_CURVE('',#5027,#5027,#5029,.T.);
#5027 = VERTEX_POINT('',#5028);
#5028 = CARTESIAN_POINT('',(275.5505,-117.14226,0.));
#5029 = CIRCLE('',#5030,0.8509);
#5030 = AXIS2_PLACEMENT_3D('',#5031,#5032,#5033);
#5031 = CARTESIAN_POINT('',(275.5505,-116.29136,0.));
#5032 = DIRECTION('',(-0.,0.,-1.));
#5033 = DIRECTION('',(-0.,-1.,0.));
#5034 = FACE_BOUND('',#5035,.F.);
#5035 = EDGE_LOOP('',(#5036));
#5036 = ORIENTED_EDGE('',*,*,#5037,.T.);
#5037 = EDGE_CURVE('',#5038,#5038,#5040,.T.);
#5038 = VERTEX_POINT('',#5039);
#5039 = CARTESIAN_POINT('',(284.4405,-117.14226,0.));
#5040 = CIRCLE('',#5041,0.8509);
#5041 = AXIS2_PLACEMENT_3D('',#5042,#5043,#5044);
#5042 = CARTESIAN_POINT('',(284.4405,-116.29136,0.));
#5043 = DIRECTION('',(-0.,0.,-1.));
#5044 = DIRECTION('',(-6.680387690776E-14,-1.,0.));
#5045 = FACE_BOUND('',#5046,.F.);
#5046 = EDGE_LOOP('',(#5047));
#5047 = ORIENTED_EDGE('',*,*,#5048,.T.);
#5048 = EDGE_CURVE('',#5049,#5049,#5051,.T.);
#5049 = VERTEX_POINT('',#5050);
#5050 = CARTESIAN_POINT('',(289.5205,-118.28526,0.));
#5051 = CIRCLE('',#5052,1.9939);
#5052 = AXIS2_PLACEMENT_3D('',#5053,#5054,#5055);
#5053 = CARTESIAN_POINT('',(289.5205,-116.29136,0.));
#5054 = DIRECTION('',(-0.,0.,-1.));
#5055 = DIRECTION('',(2.850866084598E-14,-1.,-0.));
#5056 = FACE_BOUND('',#5057,.F.);
#5057 = EDGE_LOOP('',(#5058));
#5058 = ORIENTED_EDGE('',*,*,#5059,.T.);
#5059 = EDGE_CURVE('',#5060,#5060,#5062,.T.);
#5060 = VERTEX_POINT('',#5061);
#5061 = CARTESIAN_POINT('',(285.7105,-115.25136,0.));
#5062 = CIRCLE('',#5063,1.5);
#5063 = AXIS2_PLACEMENT_3D('',#5064,#5065,#5066);
#5064 = CARTESIAN_POINT('',(285.7105,-113.75136,0.));
#5065 = DIRECTION('',(-0.,0.,-1.));
#5066 = DIRECTION('',(-0.,-1.,0.));
#5067 = FACE_BOUND('',#5068,.F.);
#5068 = EDGE_LOOP('',(#5069));
#5069 = ORIENTED_EDGE('',*,*,#5070,.T.);
#5070 = EDGE_CURVE('',#5071,#5071,#5073,.T.);
#5071 = VERTEX_POINT('',#5072);
#5072 = CARTESIAN_POINT('',(294.6005,-117.14226,0.));
#5073 = CIRCLE('',#5074,0.8509);
#5074 = AXIS2_PLACEMENT_3D('',#5075,#5076,#5077);
#5075 = CARTESIAN_POINT('',(294.6005,-116.29136,0.));
#5076 = DIRECTION('',(-0.,0.,-1.));
#5077 = DIRECTION('',(-0.,-1.,0.));
#5078 = FACE_BOUND('',#5079,.F.);
#5079 = EDGE_LOOP('',(#5080));
#5080 = ORIENTED_EDGE('',*,*,#5081,.T.);
#5081 = EDGE_CURVE('',#5082,#5082,#5084,.T.);
#5082 = VERTEX_POINT('',#5083);
#5083 = CARTESIAN_POINT('',(303.4905,-117.14226,0.));
#5084 = CIRCLE('',#5085,0.8509);
#5085 = AXIS2_PLACEMENT_3D('',#5086,#5087,#5088);
#5086 = CARTESIAN_POINT('',(303.4905,-116.29136,0.));
#5087 = DIRECTION('',(-0.,0.,-1.));
#5088 = DIRECTION('',(-0.,-1.,0.));
#5089 = FACE_BOUND('',#5090,.F.);
#5090 = EDGE_LOOP('',(#5091));
#5091 = ORIENTED_EDGE('',*,*,#5092,.T.);
#5092 = EDGE_CURVE('',#5093,#5093,#5095,.T.);
#5093 = VERTEX_POINT('',#5094);
#5094 = CARTESIAN_POINT('',(304.7605,-115.25136,0.));
#5095 = CIRCLE('',#5096,1.5);
#5096 = AXIS2_PLACEMENT_3D('',#5097,#5098,#5099);
#5097 = CARTESIAN_POINT('',(304.7605,-113.75136,0.));
#5098 = DIRECTION('',(-0.,0.,-1.));
#5099 = DIRECTION('',(-0.,-1.,0.));
#5100 = FACE_BOUND('',#5101,.F.);
#5101 = EDGE_LOOP('',(#5102,#5112,#5120,#5128));
#5102 = ORIENTED_EDGE('',*,*,#5103,.F.);
#5103 = EDGE_CURVE('',#5104,#5106,#5108,.T.);
#5104 = VERTEX_POINT('',#5105);
#5105 = CARTESIAN_POINT('',(306.8705,-123.29136,0.));
#5106 = VERTEX_POINT('',#5107);
#5107 = CARTESIAN_POINT('',(310.2705,-123.29136,0.));
#5108 = LINE('',#5109,#5110);
#5109 = CARTESIAN_POINT('',(306.8705,-123.29136,0.));
#5110 = VECTOR('',#5111,1.);
#5111 = DIRECTION('',(1.,0.,0.));
#5112 = ORIENTED_EDGE('',*,*,#5113,.F.);
#5113 = EDGE_CURVE('',#5114,#5104,#5116,.T.);
#5114 = VERTEX_POINT('',#5115);
#5115 = CARTESIAN_POINT('',(306.8705,-120.29136,0.));
#5116 = LINE('',#5117,#5118);
#5117 = CARTESIAN_POINT('',(306.8705,-120.29136,0.));
#5118 = VECTOR('',#5119,1.);
#5119 = DIRECTION('',(0.,-1.,0.));
#5120 = ORIENTED_EDGE('',*,*,#5121,.F.);
#5121 = EDGE_CURVE('',#5122,#5114,#5124,.T.);
#5122 = VERTEX_POINT('',#5123);
#5123 = CARTESIAN_POINT('',(310.2705,-120.29136,0.));
#5124 = LINE('',#5125,#5126);
#5125 = CARTESIAN_POINT('',(310.2705,-120.29136,0.));
#5126 = VECTOR('',#5127,1.);
#5127 = DIRECTION('',(-1.,0.,0.));
#5128 = ORIENTED_EDGE('',*,*,#5129,.F.);
#5129 = EDGE_CURVE('',#5106,#5122,#5130,.T.);
#5130 = LINE('',#5131,#5132);
#5131 = CARTESIAN_POINT('',(310.2705,-123.29136,0.));
#5132 = VECTOR('',#5133,1.);
#5133 = DIRECTION('',(0.,1.,0.));
#5134 = FACE_BOUND('',#5135,.F.);
#5135 = EDGE_LOOP('',(#5136,#5146,#5154,#5162));
#5136 = ORIENTED_EDGE('',*,*,#5137,.F.);
#5137 = EDGE_CURVE('',#5138,#5140,#5142,.T.);
#5138 = VERTEX_POINT('',#5139);
#5139 = CARTESIAN_POINT('',(330.683,-123.29136,0.));
#5140 = VERTEX_POINT('',#5141);
#5141 = CARTESIAN_POINT('',(334.083,-123.29136,0.));
#5142 = LINE('',#5143,#5144);
#5143 = CARTESIAN_POINT('',(330.683,-123.29136,0.));
#5144 = VECTOR('',#5145,1.);
#5145 = DIRECTION('',(1.,0.,0.));
#5146 = ORIENTED_EDGE('',*,*,#5147,.F.);
#5147 = EDGE_CURVE('',#5148,#5138,#5150,.T.);
#5148 = VERTEX_POINT('',#5149);
#5149 = CARTESIAN_POINT('',(330.683,-120.29136,0.));
#5150 = LINE('',#5151,#5152);
#5151 = CARTESIAN_POINT('',(330.683,-120.29136,0.));
#5152 = VECTOR('',#5153,1.);
#5153 = DIRECTION('',(0.,-1.,0.));
#5154 = ORIENTED_EDGE('',*,*,#5155,.F.);
#5155 = EDGE_CURVE('',#5156,#5148,#5158,.T.);
#5156 = VERTEX_POINT('',#5157);
#5157 = CARTESIAN_POINT('',(334.083,-120.29136,0.));
#5158 = LINE('',#5159,#5160);
#5159 = CARTESIAN_POINT('',(334.083,-120.29136,0.));
#5160 = VECTOR('',#5161,1.);
#5161 = DIRECTION('',(-1.,0.,0.));
#5162 = ORIENTED_EDGE('',*,*,#5163,.F.);
#5163 = EDGE_CURVE('',#5140,#5156,#5164,.T.);
#5164 = LINE('',#5165,#5166);
#5165 = CARTESIAN_POINT('',(334.083,-123.29136,0.));
#5166 = VECTOR('',#5167,1.);
#5167 = DIRECTION('',(0.,1.,0.));
#5168 = FACE_BOUND('',#5169,.F.);
#5169 = EDGE_LOOP('',(#5170));
#5170 = ORIENTED_EDGE('',*,*,#5171,.T.);
#5171 = EDGE_CURVE('',#5172,#5172,#5174,.T.);
#5172 = VERTEX_POINT('',#5173);
#5173 = CARTESIAN_POINT('',(308.5705,-118.28526,0.));
#5174 = CIRCLE('',#5175,1.9939);
#5175 = AXIS2_PLACEMENT_3D('',#5176,#5177,#5178);
#5176 = CARTESIAN_POINT('',(308.5705,-116.29136,0.));
#5177 = DIRECTION('',(-0.,0.,-1.));
#5178 = DIRECTION('',(-0.,-1.,0.));
#5179 = FACE_BOUND('',#5180,.F.);
#5180 = EDGE_LOOP('',(#5181));
#5181 = ORIENTED_EDGE('',*,*,#5182,.T.);
#5182 = EDGE_CURVE('',#5183,#5183,#5185,.T.);
#5183 = VERTEX_POINT('',#5184);
#5184 = CARTESIAN_POINT('',(313.6505,-117.14226,0.));
#5185 = CIRCLE('',#5186,0.8509);
#5186 = AXIS2_PLACEMENT_3D('',#5187,#5188,#5189);
#5187 = CARTESIAN_POINT('',(313.6505,-116.29136,0.));
#5188 = DIRECTION('',(-0.,0.,-1.));
#5189 = DIRECTION('',(6.680387690775E-14,-1.,-0.));
#5190 = FACE_BOUND('',#5191,.F.);
#5191 = EDGE_LOOP('',(#5192));
#5192 = ORIENTED_EDGE('',*,*,#5193,.T.);
#5193 = EDGE_CURVE('',#5194,#5194,#5196,.T.);
#5194 = VERTEX_POINT('',#5195);
#5195 = CARTESIAN_POINT('',(327.303,-117.14226,0.));
#5196 = CIRCLE('',#5197,0.8509);
#5197 = AXIS2_PLACEMENT_3D('',#5198,#5199,#5200);
#5198 = CARTESIAN_POINT('',(327.303,-116.29136,0.));
#5199 = DIRECTION('',(-0.,0.,-1.));
#5200 = DIRECTION('',(-0.,-1.,0.));
#5201 = FACE_BOUND('',#5202,.F.);
#5202 = EDGE_LOOP('',(#5203));
#5203 = ORIENTED_EDGE('',*,*,#5204,.T.);
#5204 = EDGE_CURVE('',#5205,#5205,#5207,.T.);
#5205 = VERTEX_POINT('',#5206);
#5206 = CARTESIAN_POINT('',(332.383,-118.28526,0.));
#5207 = CIRCLE('',#5208,1.9939);
#5208 = AXIS2_PLACEMENT_3D('',#5209,#5210,#5211);
#5209 = CARTESIAN_POINT('',(332.383,-116.29136,0.));
#5210 = DIRECTION('',(-0.,0.,-1.));
#5211 = DIRECTION('',(-0.,-1.,0.));
#5212 = FACE_BOUND('',#5213,.F.);
#5213 = EDGE_LOOP('',(#5214));
#5214 = ORIENTED_EDGE('',*,*,#5215,.T.);
#5215 = EDGE_CURVE('',#5216,#5216,#5218,.T.);
#5216 = VERTEX_POINT('',#5217);
#5217 = CARTESIAN_POINT('',(337.463,-117.14226,0.));
#5218 = CIRCLE('',#5219,0.8509);
#5219 = AXIS2_PLACEMENT_3D('',#5220,#5221,#5222);
#5220 = CARTESIAN_POINT('',(337.463,-116.29136,0.));
#5221 = DIRECTION('',(-0.,0.,-1.));
#5222 = DIRECTION('',(6.680387690775E-14,-1.,-0.));
#5223 = FACE_BOUND('',#5224,.F.);
#5224 = EDGE_LOOP('',(#5225));
#5225 = ORIENTED_EDGE('',*,*,#5226,.T.);
#5226 = EDGE_CURVE('',#5227,#5227,#5229,.T.);
#5227 = VERTEX_POINT('',#5228);
#5228 = CARTESIAN_POINT('',(328.573,-115.25136,0.));
#5229 = CIRCLE('',#5230,1.5);
#5230 = AXIS2_PLACEMENT_3D('',#5231,#5232,#5233);
#5231 = CARTESIAN_POINT('',(328.573,-113.75136,0.));
#5232 = DIRECTION('',(-0.,0.,-1.));
#5233 = DIRECTION('',(-0.,-1.,0.));
#5234 = FACE_BOUND('',#5235,.F.);
#5235 = EDGE_LOOP('',(#5236));
#5236 = ORIENTED_EDGE('',*,*,#5237,.T.);
#5237 = EDGE_CURVE('',#5238,#5238,#5240,.T.);
#5238 = VERTEX_POINT('',#5239);
#5239 = CARTESIAN_POINT('',(215.8605,-112.71136,0.));
#5240 = CIRCLE('',#5241,1.5);
#5241 = AXIS2_PLACEMENT_3D('',#5242,#5243,#5244);
#5242 = CARTESIAN_POINT('',(215.8605,-111.21136,0.));
#5243 = DIRECTION('',(-0.,0.,-1.));
#5244 = DIRECTION('',(-0.,-1.,0.));
#5245 = FACE_BOUND('',#5246,.F.);
#5246 = EDGE_LOOP('',(#5247));
#5247 = ORIENTED_EDGE('',*,*,#5248,.T.);
#5248 = EDGE_CURVE('',#5249,#5249,#5251,.T.);
#5249 = VERTEX_POINT('',#5250);
#5250 = CARTESIAN_POINT('',(234.9105,-112.71136,0.));
#5251 = CIRCLE('',#5252,1.5);
#5252 = AXIS2_PLACEMENT_3D('',#5253,#5254,#5255);
#5253 = CARTESIAN_POINT('',(234.9105,-111.21136,0.));
#5254 = DIRECTION('',(-0.,0.,-1.));
#5255 = DIRECTION('',(-0.,-1.,0.));
#5256 = FACE_BOUND('',#5257,.F.);
#5257 = EDGE_LOOP('',(#5258,#5268,#5276,#5284));
#5258 = ORIENTED_EDGE('',*,*,#5259,.F.);
#5259 = EDGE_CURVE('',#5260,#5262,#5264,.T.);
#5260 = VERTEX_POINT('',#5261);
#5261 = CARTESIAN_POINT('',(202.0955,-104.24136,0.));
#5262 = VERTEX_POINT('',#5263);
#5263 = CARTESIAN_POINT('',(205.4955,-104.24136,0.));
#5264 = LINE('',#5265,#5266);
#5265 = CARTESIAN_POINT('',(202.0955,-104.24136,0.));
#5266 = VECTOR('',#5267,1.);
#5267 = DIRECTION('',(1.,0.,0.));
#5268 = ORIENTED_EDGE('',*,*,#5269,.F.);
#5269 = EDGE_CURVE('',#5270,#5260,#5272,.T.);
#5270 = VERTEX_POINT('',#5271);
#5271 = CARTESIAN_POINT('',(202.0955,-101.24136,0.));
#5272 = LINE('',#5273,#5274);
#5273 = CARTESIAN_POINT('',(202.0955,-101.24136,0.));
#5274 = VECTOR('',#5275,1.);
#5275 = DIRECTION('',(0.,-1.,0.));
#5276 = ORIENTED_EDGE('',*,*,#5277,.F.);
#5277 = EDGE_CURVE('',#5278,#5270,#5280,.T.);
#5278 = VERTEX_POINT('',#5279);
#5279 = CARTESIAN_POINT('',(205.4955,-101.24136,0.));
#5280 = LINE('',#5281,#5282);
#5281 = CARTESIAN_POINT('',(205.4955,-101.24136,0.));
#5282 = VECTOR('',#5283,1.);
#5283 = DIRECTION('',(-1.,0.,0.));
#5284 = ORIENTED_EDGE('',*,*,#5285,.F.);
#5285 = EDGE_CURVE('',#5262,#5278,#5286,.T.);
#5286 = LINE('',#5287,#5288);
#5287 = CARTESIAN_POINT('',(205.4955,-104.24136,0.));
#5288 = VECTOR('',#5289,1.);
#5289 = DIRECTION('',(0.,1.,0.));
#5290 = FACE_BOUND('',#5291,.F.);
#5291 = EDGE_LOOP('',(#5292,#5302,#5310,#5318));
#5292 = ORIENTED_EDGE('',*,*,#5293,.F.);
#5293 = EDGE_CURVE('',#5294,#5296,#5298,.T.);
#5294 = VERTEX_POINT('',#5295);
#5295 = CARTESIAN_POINT('',(221.1455,-104.24136,0.));
#5296 = VERTEX_POINT('',#5297);
#5297 = CARTESIAN_POINT('',(224.5455,-104.24136,0.));
#5298 = LINE('',#5299,#5300);
#5299 = CARTESIAN_POINT('',(221.1455,-104.24136,0.));
#5300 = VECTOR('',#5301,1.);
#5301 = DIRECTION('',(1.,0.,0.));
#5302 = ORIENTED_EDGE('',*,*,#5303,.F.);
#5303 = EDGE_CURVE('',#5304,#5294,#5306,.T.);
#5304 = VERTEX_POINT('',#5305);
#5305 = CARTESIAN_POINT('',(221.1455,-101.24136,0.));
#5306 = LINE('',#5307,#5308);
#5307 = CARTESIAN_POINT('',(221.1455,-101.24136,0.));
#5308 = VECTOR('',#5309,1.);
#5309 = DIRECTION('',(0.,-1.,0.));
#5310 = ORIENTED_EDGE('',*,*,#5311,.F.);
#5311 = EDGE_CURVE('',#5312,#5304,#5314,.T.);
#5312 = VERTEX_POINT('',#5313);
#5313 = CARTESIAN_POINT('',(224.5455,-101.24136,0.));
#5314 = LINE('',#5315,#5316);
#5315 = CARTESIAN_POINT('',(224.5455,-101.24136,0.));
#5316 = VECTOR('',#5317,1.);
#5317 = DIRECTION('',(-1.,0.,0.));
#5318 = ORIENTED_EDGE('',*,*,#5319,.F.);
#5319 = EDGE_CURVE('',#5296,#5312,#5320,.T.);
#5320 = LINE('',#5321,#5322);
#5321 = CARTESIAN_POINT('',(224.5455,-104.24136,0.));
#5322 = VECTOR('',#5323,1.);
#5323 = DIRECTION('',(0.,1.,0.));
#5324 = FACE_BOUND('',#5325,.F.);
#5325 = EDGE_LOOP('',(#5326));
#5326 = ORIENTED_EDGE('',*,*,#5327,.T.);
#5327 = EDGE_CURVE('',#5328,#5328,#5330,.T.);
#5328 = VERTEX_POINT('',#5329);
#5329 = CARTESIAN_POINT('',(253.9605,-112.71136,0.));
#5330 = CIRCLE('',#5331,1.5);
#5331 = AXIS2_PLACEMENT_3D('',#5332,#5333,#5334);
#5332 = CARTESIAN_POINT('',(253.9605,-111.21136,0.));
#5333 = DIRECTION('',(-0.,0.,-1.));
#5334 = DIRECTION('',(-0.,-1.,0.));
#5335 = FACE_BOUND('',#5336,.F.);
#5336 = EDGE_LOOP('',(#5337,#5347,#5355,#5363));
#5337 = ORIENTED_EDGE('',*,*,#5338,.F.);
#5338 = EDGE_CURVE('',#5339,#5341,#5343,.T.);
#5339 = VERTEX_POINT('',#5340);
#5340 = CARTESIAN_POINT('',(240.1955,-104.24136,0.));
#5341 = VERTEX_POINT('',#5342);
#5342 = CARTESIAN_POINT('',(243.5955,-104.24136,0.));
#5343 = LINE('',#5344,#5345);
#5344 = CARTESIAN_POINT('',(240.1955,-104.24136,0.));
#5345 = VECTOR('',#5346,1.);
#5346 = DIRECTION('',(1.,0.,0.));
#5347 = ORIENTED_EDGE('',*,*,#5348,.F.);
#5348 = EDGE_CURVE('',#5349,#5339,#5351,.T.);
#5349 = VERTEX_POINT('',#5350);
#5350 = CARTESIAN_POINT('',(240.1955,-101.24136,0.));
#5351 = LINE('',#5352,#5353);
#5352 = CARTESIAN_POINT('',(240.1955,-101.24136,0.));
#5353 = VECTOR('',#5354,1.);
#5354 = DIRECTION('',(0.,-1.,0.));
#5355 = ORIENTED_EDGE('',*,*,#5356,.F.);
#5356 = EDGE_CURVE('',#5357,#5349,#5359,.T.);
#5357 = VERTEX_POINT('',#5358);
#5358 = CARTESIAN_POINT('',(243.5955,-101.24136,0.));
#5359 = LINE('',#5360,#5361);
#5360 = CARTESIAN_POINT('',(243.5955,-101.24136,0.));
#5361 = VECTOR('',#5362,1.);
#5362 = DIRECTION('',(-1.,0.,0.));
#5363 = ORIENTED_EDGE('',*,*,#5364,.F.);
#5364 = EDGE_CURVE('',#5341,#5357,#5365,.T.);
#5365 = LINE('',#5366,#5367);
#5366 = CARTESIAN_POINT('',(243.5955,-104.24136,0.));
#5367 = VECTOR('',#5368,1.);
#5368 = DIRECTION('',(0.,1.,0.));
#5369 = FACE_BOUND('',#5370,.F.);
#5370 = EDGE_LOOP('',(#5371,#5381,#5389,#5397));
#5371 = ORIENTED_EDGE('',*,*,#5372,.F.);
#5372 = EDGE_CURVE('',#5373,#5375,#5377,.T.);
#5373 = VERTEX_POINT('',#5374);
#5374 = CARTESIAN_POINT('',(259.2455,-104.24136,0.));
#5375 = VERTEX_POINT('',#5376);
#5376 = CARTESIAN_POINT('',(262.6455,-104.24136,0.));
#5377 = LINE('',#5378,#5379);
#5378 = CARTESIAN_POINT('',(259.2455,-104.24136,0.));
#5379 = VECTOR('',#5380,1.);
#5380 = DIRECTION('',(1.,0.,0.));
#5381 = ORIENTED_EDGE('',*,*,#5382,.F.);
#5382 = EDGE_CURVE('',#5383,#5373,#5385,.T.);
#5383 = VERTEX_POINT('',#5384);
#5384 = CARTESIAN_POINT('',(259.2455,-101.24136,0.));
#5385 = LINE('',#5386,#5387);
#5386 = CARTESIAN_POINT('',(259.2455,-101.24136,0.));
#5387 = VECTOR('',#5388,1.);
#5388 = DIRECTION('',(0.,-1.,0.));
#5389 = ORIENTED_EDGE('',*,*,#5390,.F.);
#5390 = EDGE_CURVE('',#5391,#5383,#5393,.T.);
#5391 = VERTEX_POINT('',#5392);
#5392 = CARTESIAN_POINT('',(262.6455,-101.24136,0.));
#5393 = LINE('',#5394,#5395);
#5394 = CARTESIAN_POINT('',(262.6455,-101.24136,0.));
#5395 = VECTOR('',#5396,1.);
#5396 = DIRECTION('',(-1.,0.,0.));
#5397 = ORIENTED_EDGE('',*,*,#5398,.F.);
#5398 = EDGE_CURVE('',#5375,#5391,#5399,.T.);
#5399 = LINE('',#5400,#5401);
#5400 = CARTESIAN_POINT('',(262.6455,-104.24136,0.));
#5401 = VECTOR('',#5402,1.);
#5402 = DIRECTION('',(0.,1.,0.));
#5403 = FACE_BOUND('',#5404,.F.);
#5404 = EDGE_LOOP('',(#5405));
#5405 = ORIENTED_EDGE('',*,*,#5406,.T.);
#5406 = EDGE_CURVE('',#5407,#5407,#5409,.T.);
#5407 = VERTEX_POINT('',#5408);
#5408 = CARTESIAN_POINT('',(203.7955,-99.23526,0.));
#5409 = CIRCLE('',#5410,1.9939);
#5410 = AXIS2_PLACEMENT_3D('',#5411,#5412,#5413);
#5411 = CARTESIAN_POINT('',(203.7955,-97.24136,0.));
#5412 = DIRECTION('',(-0.,0.,-1.));
#5413 = DIRECTION('',(-0.,-1.,0.));
#5414 = FACE_BOUND('',#5415,.F.);
#5415 = EDGE_LOOP('',(#5416));
#5416 = ORIENTED_EDGE('',*,*,#5417,.T.);
#5417 = EDGE_CURVE('',#5418,#5418,#5420,.T.);
#5418 = VERTEX_POINT('',#5419);
#5419 = CARTESIAN_POINT('',(208.8755,-98.09226,0.));
#5420 = CIRCLE('',#5421,0.8509);
#5421 = AXIS2_PLACEMENT_3D('',#5422,#5423,#5424);
#5422 = CARTESIAN_POINT('',(208.8755,-97.24136,0.));
#5423 = DIRECTION('',(-0.,0.,-1.));
#5424 = DIRECTION('',(-0.,-1.,0.));
#5425 = FACE_BOUND('',#5426,.F.);
#5426 = EDGE_LOOP('',(#5427));
#5427 = ORIENTED_EDGE('',*,*,#5428,.T.);
#5428 = EDGE_CURVE('',#5429,#5429,#5431,.T.);
#5429 = VERTEX_POINT('',#5430);
#5430 = CARTESIAN_POINT('',(217.7655,-98.09226,0.));
#5431 = CIRCLE('',#5432,0.8509);
#5432 = AXIS2_PLACEMENT_3D('',#5433,#5434,#5435);
#5433 = CARTESIAN_POINT('',(217.7655,-97.24136,0.));
#5434 = DIRECTION('',(-0.,0.,-1.));
#5435 = DIRECTION('',(-0.,-1.,0.));
#5436 = FACE_BOUND('',#5437,.F.);
#5437 = EDGE_LOOP('',(#5438));
#5438 = ORIENTED_EDGE('',*,*,#5439,.T.);
#5439 = EDGE_CURVE('',#5440,#5440,#5442,.T.);
#5440 = VERTEX_POINT('',#5441);
#5441 = CARTESIAN_POINT('',(219.0355,-96.20136,0.));
#5442 = CIRCLE('',#5443,1.5);
#5443 = AXIS2_PLACEMENT_3D('',#5444,#5445,#5446);
#5444 = CARTESIAN_POINT('',(219.0355,-94.70136,0.));
#5445 = DIRECTION('',(-0.,0.,-1.));
#5446 = DIRECTION('',(-0.,-1.,0.));
#5447 = FACE_BOUND('',#5448,.F.);
#5448 = EDGE_LOOP('',(#5449));
#5449 = ORIENTED_EDGE('',*,*,#5450,.T.);
#5450 = EDGE_CURVE('',#5451,#5451,#5453,.T.);
#5451 = VERTEX_POINT('',#5452);
#5452 = CARTESIAN_POINT('',(222.8455,-99.23526,0.));
#5453 = CIRCLE('',#5454,1.9939);
#5454 = AXIS2_PLACEMENT_3D('',#5455,#5456,#5457);
#5455 = CARTESIAN_POINT('',(222.8455,-97.24136,0.));
#5456 = DIRECTION('',(-0.,0.,-1.));
#5457 = DIRECTION('',(-1.425433042299E-14,-1.,0.));
#5458 = FACE_BOUND('',#5459,.F.);
#5459 = EDGE_LOOP('',(#5460));
#5460 = ORIENTED_EDGE('',*,*,#5461,.T.);
#5461 = EDGE_CURVE('',#5462,#5462,#5464,.T.);
#5462 = VERTEX_POINT('',#5463);
#5463 = CARTESIAN_POINT('',(227.9255,-98.09226,0.));
#5464 = CIRCLE('',#5465,0.8509);
#5465 = AXIS2_PLACEMENT_3D('',#5466,#5467,#5468);
#5466 = CARTESIAN_POINT('',(227.9255,-97.24136,0.));
#5467 = DIRECTION('',(-0.,0.,-1.));
#5468 = DIRECTION('',(-0.,-1.,0.));
#5469 = FACE_BOUND('',#5470,.F.);
#5470 = EDGE_LOOP('',(#5471));
#5471 = ORIENTED_EDGE('',*,*,#5472,.T.);
#5472 = EDGE_CURVE('',#5473,#5473,#5475,.T.);
#5473 = VERTEX_POINT('',#5474);
#5474 = CARTESIAN_POINT('',(236.8155,-98.09226,0.));
#5475 = CIRCLE('',#5476,0.8509);
#5476 = AXIS2_PLACEMENT_3D('',#5477,#5478,#5479);
#5477 = CARTESIAN_POINT('',(236.8155,-97.24136,0.));
#5478 = DIRECTION('',(-0.,0.,-1.));
#5479 = DIRECTION('',(-0.,-1.,0.));
#5480 = FACE_BOUND('',#5481,.F.);
#5481 = EDGE_LOOP('',(#5482));
#5482 = ORIENTED_EDGE('',*,*,#5483,.T.);
#5483 = EDGE_CURVE('',#5484,#5484,#5486,.T.);
#5484 = VERTEX_POINT('',#5485);
#5485 = CARTESIAN_POINT('',(206.3355,-93.66136,0.));
#5486 = CIRCLE('',#5487,1.5);
#5487 = AXIS2_PLACEMENT_3D('',#5488,#5489,#5490);
#5488 = CARTESIAN_POINT('',(206.3355,-92.16136,0.));
#5489 = DIRECTION('',(-0.,0.,-1.));
#5490 = DIRECTION('',(-0.,-1.,0.));
#5491 = FACE_BOUND('',#5492,.F.);
#5492 = EDGE_LOOP('',(#5493));
#5493 = ORIENTED_EDGE('',*,*,#5494,.T.);
#5494 = EDGE_CURVE('',#5495,#5495,#5497,.T.);
#5495 = VERTEX_POINT('',#5496);
#5496 = CARTESIAN_POINT('',(225.3855,-93.66136,0.));
#5497 = CIRCLE('',#5498,1.5);
#5498 = AXIS2_PLACEMENT_3D('',#5499,#5500,#5501);
#5499 = CARTESIAN_POINT('',(225.3855,-92.16136,0.));
#5500 = DIRECTION('',(-0.,0.,-1.));
#5501 = DIRECTION('',(-0.,-1.,0.));
#5502 = FACE_BOUND('',#5503,.F.);
#5503 = EDGE_LOOP('',(#5504));
#5504 = ORIENTED_EDGE('',*,*,#5505,.T.);
#5505 = EDGE_CURVE('',#5506,#5506,#5508,.T.);
#5506 = VERTEX_POINT('',#5507);
#5507 = CARTESIAN_POINT('',(241.8955,-99.23526,0.));
#5508 = CIRCLE('',#5509,1.9939);
#5509 = AXIS2_PLACEMENT_3D('',#5510,#5511,#5512);
#5510 = CARTESIAN_POINT('',(241.8955,-97.24136,0.));
#5511 = DIRECTION('',(-0.,0.,-1.));
#5512 = DIRECTION('',(-0.,-1.,0.));
#5513 = FACE_BOUND('',#5514,.F.);
#5514 = EDGE_LOOP('',(#5515));
#5515 = ORIENTED_EDGE('',*,*,#5516,.T.);
#5516 = EDGE_CURVE('',#5517,#5517,#5519,.T.);
#5517 = VERTEX_POINT('',#5518);
#5518 = CARTESIAN_POINT('',(238.0855,-96.20136,0.));
#5519 = CIRCLE('',#5520,1.5);
#5520 = AXIS2_PLACEMENT_3D('',#5521,#5522,#5523);
#5521 = CARTESIAN_POINT('',(238.0855,-94.70136,0.));
#5522 = DIRECTION('',(-0.,0.,-1.));
#5523 = DIRECTION('',(-0.,-1.,0.));
#5524 = FACE_BOUND('',#5525,.F.);
#5525 = EDGE_LOOP('',(#5526));
#5526 = ORIENTED_EDGE('',*,*,#5527,.T.);
#5527 = EDGE_CURVE('',#5528,#5528,#5530,.T.);
#5528 = VERTEX_POINT('',#5529);
#5529 = CARTESIAN_POINT('',(246.9755,-98.09226,0.));
#5530 = CIRCLE('',#5531,0.8509);
#5531 = AXIS2_PLACEMENT_3D('',#5532,#5533,#5534);
#5532 = CARTESIAN_POINT('',(246.9755,-97.24136,0.));
#5533 = DIRECTION('',(-0.,0.,-1.));
#5534 = DIRECTION('',(-0.,-1.,0.));
#5535 = FACE_BOUND('',#5536,.F.);
#5536 = EDGE_LOOP('',(#5537));
#5537 = ORIENTED_EDGE('',*,*,#5538,.T.);
#5538 = EDGE_CURVE('',#5539,#5539,#5541,.T.);
#5539 = VERTEX_POINT('',#5540);
#5540 = CARTESIAN_POINT('',(255.8655,-98.09226,0.));
#5541 = CIRCLE('',#5542,0.8509);
#5542 = AXIS2_PLACEMENT_3D('',#5543,#5544,#5545);
#5543 = CARTESIAN_POINT('',(255.8655,-97.24136,0.));
#5544 = DIRECTION('',(-0.,0.,-1.));
#5545 = DIRECTION('',(-0.,-1.,0.));
#5546 = FACE_BOUND('',#5547,.F.);
#5547 = EDGE_LOOP('',(#5548));
#5548 = ORIENTED_EDGE('',*,*,#5549,.T.);
#5549 = EDGE_CURVE('',#5550,#5550,#5552,.T.);
#5550 = VERTEX_POINT('',#5551);
#5551 = CARTESIAN_POINT('',(260.9455,-99.23526,0.));
#5552 = CIRCLE('',#5553,1.9939);
#5553 = AXIS2_PLACEMENT_3D('',#5554,#5555,#5556);
#5554 = CARTESIAN_POINT('',(260.9455,-97.24136,0.));
#5555 = DIRECTION('',(-0.,0.,-1.));
#5556 = DIRECTION('',(-0.,-1.,0.));
#5557 = FACE_BOUND('',#5558,.F.);
#5558 = EDGE_LOOP('',(#5559));
#5559 = ORIENTED_EDGE('',*,*,#5560,.T.);
#5560 = EDGE_CURVE('',#5561,#5561,#5563,.T.);
#5561 = VERTEX_POINT('',#5562);
#5562 = CARTESIAN_POINT('',(257.1355,-96.20136,0.));
#5563 = CIRCLE('',#5564,1.5);
#5564 = AXIS2_PLACEMENT_3D('',#5565,#5566,#5567);
#5565 = CARTESIAN_POINT('',(257.1355,-94.70136,0.));
#5566 = DIRECTION('',(-0.,0.,-1.));
#5567 = DIRECTION('',(-0.,-1.,0.));
#5568 = FACE_BOUND('',#5569,.F.);
#5569 = EDGE_LOOP('',(#5570));
#5570 = ORIENTED_EDGE('',*,*,#5571,.T.);
#5571 = EDGE_CURVE('',#5572,#5572,#5574,.T.);
#5572 = VERTEX_POINT('',#5573);
#5573 = CARTESIAN_POINT('',(266.0255,-98.09226,0.));
#5574 = CIRCLE('',#5575,0.8509);
#5575 = AXIS2_PLACEMENT_3D('',#5576,#5577,#5578);
#5576 = CARTESIAN_POINT('',(266.0255,-97.24136,0.));
#5577 = DIRECTION('',(-0.,0.,-1.));
#5578 = DIRECTION('',(6.680387690775E-14,-1.,-0.));
#5579 = FACE_BOUND('',#5580,.F.);
#5580 = EDGE_LOOP('',(#5581));
#5581 = ORIENTED_EDGE('',*,*,#5582,.T.);
#5582 = EDGE_CURVE('',#5583,#5583,#5585,.T.);
#5583 = VERTEX_POINT('',#5584);
#5584 = CARTESIAN_POINT('',(244.4355,-93.66136,0.));
#5585 = CIRCLE('',#5586,1.5);
#5586 = AXIS2_PLACEMENT_3D('',#5587,#5588,#5589);
#5587 = CARTESIAN_POINT('',(244.4355,-92.16136,0.));
#5588 = DIRECTION('',(-0.,0.,-1.));
#5589 = DIRECTION('',(-0.,-1.,0.));
#5590 = FACE_BOUND('',#5591,.F.);
#5591 = EDGE_LOOP('',(#5592));
#5592 = ORIENTED_EDGE('',*,*,#5593,.T.);
#5593 = EDGE_CURVE('',#5594,#5594,#5596,.T.);
#5594 = VERTEX_POINT('',#5595);
#5595 = CARTESIAN_POINT('',(263.4855,-93.66136,0.));
#5596 = CIRCLE('',#5597,1.5);
#5597 = AXIS2_PLACEMENT_3D('',#5598,#5599,#5600);
#5598 = CARTESIAN_POINT('',(263.4855,-92.16136,0.));
#5599 = DIRECTION('',(-0.,0.,-1.));
#5600 = DIRECTION('',(-0.,-1.,0.));
#5601 = FACE_BOUND('',#5602,.F.);
#5602 = EDGE_LOOP('',(#5603));
#5603 = ORIENTED_EDGE('',*,*,#5604,.T.);
#5604 = EDGE_CURVE('',#5605,#5605,#5607,.T.);
#5605 = VERTEX_POINT('',#5606);
#5606 = CARTESIAN_POINT('',(273.0105,-112.71136,0.));
#5607 = CIRCLE('',#5608,1.5);
#5608 = AXIS2_PLACEMENT_3D('',#5609,#5610,#5611);
#5609 = CARTESIAN_POINT('',(273.0105,-111.21136,0.));
#5610 = DIRECTION('',(-0.,0.,-1.));
#5611 = DIRECTION('',(-0.,-1.,0.));
#5612 = FACE_BOUND('',#5613,.F.);
#5613 = EDGE_LOOP('',(#5614));
#5614 = ORIENTED_EDGE('',*,*,#5615,.T.);
#5615 = EDGE_CURVE('',#5616,#5616,#5618,.T.);
#5616 = VERTEX_POINT('',#5617);
#5617 = CARTESIAN_POINT('',(292.0605,-112.71136,0.));
#5618 = CIRCLE('',#5619,1.5);
#5619 = AXIS2_PLACEMENT_3D('',#5620,#5621,#5622);
#5620 = CARTESIAN_POINT('',(292.0605,-111.21136,0.));
#5621 = DIRECTION('',(-0.,0.,-1.));
#5622 = DIRECTION('',(-0.,-1.,0.));
#5623 = FACE_BOUND('',#5624,.F.);
#5624 = EDGE_LOOP('',(#5625,#5635,#5643,#5651));
#5625 = ORIENTED_EDGE('',*,*,#5626,.F.);
#5626 = EDGE_CURVE('',#5627,#5629,#5631,.T.);
#5627 = VERTEX_POINT('',#5628);
#5628 = CARTESIAN_POINT('',(278.2955,-104.24136,0.));
#5629 = VERTEX_POINT('',#5630);
#5630 = CARTESIAN_POINT('',(281.6955,-104.24136,0.));
#5631 = LINE('',#5632,#5633);
#5632 = CARTESIAN_POINT('',(278.2955,-104.24136,0.));
#5633 = VECTOR('',#5634,1.);
#5634 = DIRECTION('',(1.,0.,0.));
#5635 = ORIENTED_EDGE('',*,*,#5636,.F.);
#5636 = EDGE_CURVE('',#5637,#5627,#5639,.T.);
#5637 = VERTEX_POINT('',#5638);
#5638 = CARTESIAN_POINT('',(278.2955,-101.24136,0.));
#5639 = LINE('',#5640,#5641);
#5640 = CARTESIAN_POINT('',(278.2955,-101.24136,0.));
#5641 = VECTOR('',#5642,1.);
#5642 = DIRECTION('',(0.,-1.,0.));
#5643 = ORIENTED_EDGE('',*,*,#5644,.F.);
#5644 = EDGE_CURVE('',#5645,#5637,#5647,.T.);
#5645 = VERTEX_POINT('',#5646);
#5646 = CARTESIAN_POINT('',(281.6955,-101.24136,0.));
#5647 = LINE('',#5648,#5649);
#5648 = CARTESIAN_POINT('',(281.6955,-101.24136,0.));
#5649 = VECTOR('',#5650,1.);
#5650 = DIRECTION('',(-1.,0.,0.));
#5651 = ORIENTED_EDGE('',*,*,#5652,.F.);
#5652 = EDGE_CURVE('',#5629,#5645,#5653,.T.);
#5653 = LINE('',#5654,#5655);
#5654 = CARTESIAN_POINT('',(281.6955,-104.24136,0.));
#5655 = VECTOR('',#5656,1.);
#5656 = DIRECTION('',(0.,1.,0.));
#5657 = FACE_BOUND('',#5658,.F.);
#5658 = EDGE_LOOP('',(#5659,#5669,#5677,#5685));
#5659 = ORIENTED_EDGE('',*,*,#5660,.F.);
#5660 = EDGE_CURVE('',#5661,#5663,#5665,.T.);
#5661 = VERTEX_POINT('',#5662);
#5662 = CARTESIAN_POINT('',(297.3455,-104.24136,0.));
#5663 = VERTEX_POINT('',#5664);
#5664 = CARTESIAN_POINT('',(300.7455,-104.24136,0.));
#5665 = LINE('',#5666,#5667);
#5666 = CARTESIAN_POINT('',(297.3455,-104.24136,0.));
#5667 = VECTOR('',#5668,1.);
#5668 = DIRECTION('',(1.,0.,0.));
#5669 = ORIENTED_EDGE('',*,*,#5670,.F.);
#5670 = EDGE_CURVE('',#5671,#5661,#5673,.T.);
#5671 = VERTEX_POINT('',#5672);
#5672 = CARTESIAN_POINT('',(297.3455,-101.24136,0.));
#5673 = LINE('',#5674,#5675);
#5674 = CARTESIAN_POINT('',(297.3455,-101.24136,0.));
#5675 = VECTOR('',#5676,1.);
#5676 = DIRECTION('',(0.,-1.,0.));
#5677 = ORIENTED_EDGE('',*,*,#5678,.F.);
#5678 = EDGE_CURVE('',#5679,#5671,#5681,.T.);
#5679 = VERTEX_POINT('',#5680);
#5680 = CARTESIAN_POINT('',(300.7455,-101.24136,0.));
#5681 = LINE('',#5682,#5683);
#5682 = CARTESIAN_POINT('',(300.7455,-101.24136,0.));
#5683 = VECTOR('',#5684,1.);
#5684 = DIRECTION('',(-1.,0.,0.));
#5685 = ORIENTED_EDGE('',*,*,#5686,.F.);
#5686 = EDGE_CURVE('',#5663,#5679,#5687,.T.);
#5687 = LINE('',#5688,#5689);
#5688 = CARTESIAN_POINT('',(300.7455,-104.24136,0.));
#5689 = VECTOR('',#5690,1.);
#5690 = DIRECTION('',(0.,1.,0.));
#5691 = FACE_BOUND('',#5692,.F.);
#5692 = EDGE_LOOP('',(#5693));
#5693 = ORIENTED_EDGE('',*,*,#5694,.T.);
#5694 = EDGE_CURVE('',#5695,#5695,#5697,.T.);
#5695 = VERTEX_POINT('',#5696);
#5696 = CARTESIAN_POINT('',(311.1105,-112.71136,0.));
#5697 = CIRCLE('',#5698,1.5);
#5698 = AXIS2_PLACEMENT_3D('',#5699,#5700,#5701);
#5699 = CARTESIAN_POINT('',(311.1105,-111.21136,0.));
#5700 = DIRECTION('',(-0.,0.,-1.));
#5701 = DIRECTION('',(-0.,-1.,0.));
#5702 = FACE_BOUND('',#5703,.F.);
#5703 = EDGE_LOOP('',(#5704));
#5704 = ORIENTED_EDGE('',*,*,#5705,.T.);
#5705 = EDGE_CURVE('',#5706,#5706,#5708,.T.);
#5706 = VERTEX_POINT('',#5707);
#5707 = CARTESIAN_POINT('',(319.72,-113.,0.));
#5708 = CIRCLE('',#5709,1.1);
#5709 = AXIS2_PLACEMENT_3D('',#5710,#5711,#5712);
#5710 = CARTESIAN_POINT('',(319.72,-111.9,0.));
#5711 = DIRECTION('',(-0.,0.,-1.));
#5712 = DIRECTION('',(-0.,-1.,0.));
#5713 = FACE_BOUND('',#5714,.F.);
#5714 = EDGE_LOOP('',(#5715));
#5715 = ORIENTED_EDGE('',*,*,#5716,.T.);
#5716 = EDGE_CURVE('',#5717,#5717,#5719,.T.);
#5717 = VERTEX_POINT('',#5718);
#5718 = CARTESIAN_POINT('',(334.923,-112.71136,0.));
#5719 = CIRCLE('',#5720,1.5);
#5720 = AXIS2_PLACEMENT_3D('',#5721,#5722,#5723);
#5721 = CARTESIAN_POINT('',(334.923,-111.21136,0.));
#5722 = DIRECTION('',(-0.,0.,-1.));
#5723 = DIRECTION('',(-0.,-1.,0.));
#5724 = FACE_BOUND('',#5725,.F.);
#5725 = EDGE_LOOP('',(#5726));
#5726 = ORIENTED_EDGE('',*,*,#5727,.T.);
#5727 = EDGE_CURVE('',#5728,#5728,#5730,.T.);
#5728 = VERTEX_POINT('',#5729);
#5729 = CARTESIAN_POINT('',(315.6825,-107.49026,0.));
#5730 = CIRCLE('',#5731,1.9939);
#5731 = AXIS2_PLACEMENT_3D('',#5732,#5733,#5734);
#5732 = CARTESIAN_POINT('',(315.6825,-105.49636,0.));
#5733 = DIRECTION('',(-0.,0.,-1.));
#5734 = DIRECTION('',(-0.,-1.,0.));
#5735 = FACE_BOUND('',#5736,.F.);
#5736 = EDGE_LOOP('',(#5737));
#5737 = ORIENTED_EDGE('',*,*,#5738,.T.);
#5738 = EDGE_CURVE('',#5739,#5739,#5741,.T.);
#5739 = VERTEX_POINT('',#5740);
#5740 = CARTESIAN_POINT('',(339.5585,-107.49026,0.));
#5741 = CIRCLE('',#5742,1.9939);
#5742 = AXIS2_PLACEMENT_3D('',#5743,#5744,#5745);
#5743 = CARTESIAN_POINT('',(339.5585,-105.49636,0.));
#5744 = DIRECTION('',(-0.,0.,-1.));
#5745 = DIRECTION('',(-0.,-1.,0.));
#5746 = FACE_BOUND('',#5747,.F.);
#5747 = EDGE_LOOP('',(#5748,#5758,#5766,#5774));
#5748 = ORIENTED_EDGE('',*,*,#5749,.F.);
#5749 = EDGE_CURVE('',#5750,#5752,#5754,.T.);
#5750 = VERTEX_POINT('',#5751);
#5751 = CARTESIAN_POINT('',(325.9205,-104.24136,0.));
#5752 = VERTEX_POINT('',#5753);
#5753 = CARTESIAN_POINT('',(329.3205,-104.24136,0.));
#5754 = LINE('',#5755,#5756);
#5755 = CARTESIAN_POINT('',(325.9205,-104.24136,0.));
#5756 = VECTOR('',#5757,1.);
#5757 = DIRECTION('',(1.,0.,0.));
#5758 = ORIENTED_EDGE('',*,*,#5759,.F.);
#5759 = EDGE_CURVE('',#5760,#5750,#5762,.T.);
#5760 = VERTEX_POINT('',#5761);
#5761 = CARTESIAN_POINT('',(325.9205,-101.24136,0.));
#5762 = LINE('',#5763,#5764);
#5763 = CARTESIAN_POINT('',(325.9205,-101.24136,0.));
#5764 = VECTOR('',#5765,1.);
#5765 = DIRECTION('',(0.,-1.,0.));
#5766 = ORIENTED_EDGE('',*,*,#5767,.F.);
#5767 = EDGE_CURVE('',#5768,#5760,#5770,.T.);
#5768 = VERTEX_POINT('',#5769);
#5769 = CARTESIAN_POINT('',(329.3205,-101.24136,0.));
#5770 = LINE('',#5771,#5772);
#5771 = CARTESIAN_POINT('',(329.3205,-101.24136,0.));
#5772 = VECTOR('',#5773,1.);
#5773 = DIRECTION('',(-1.,0.,0.));
#5774 = ORIENTED_EDGE('',*,*,#5775,.F.);
#5775 = EDGE_CURVE('',#5752,#5768,#5776,.T.);
#5776 = LINE('',#5777,#5778);
#5777 = CARTESIAN_POINT('',(329.3205,-104.24136,0.));
#5778 = VECTOR('',#5779,1.);
#5779 = DIRECTION('',(0.,1.,0.));
#5780 = FACE_BOUND('',#5781,.F.);
#5781 = EDGE_LOOP('',(#5782));
#5782 = ORIENTED_EDGE('',*,*,#5783,.T.);
#5783 = EDGE_CURVE('',#5784,#5784,#5786,.T.);
#5784 = VERTEX_POINT('',#5785);
#5785 = CARTESIAN_POINT('',(274.9155,-98.09226,0.));
#5786 = CIRCLE('',#5787,0.8509);
#5787 = AXIS2_PLACEMENT_3D('',#5788,#5789,#5790);
#5788 = CARTESIAN_POINT('',(274.9155,-97.24136,0.));
#5789 = DIRECTION('',(-0.,0.,-1.));
#5790 = DIRECTION('',(6.680387690775E-14,-1.,-0.));
#5791 = FACE_BOUND('',#5792,.F.);
#5792 = EDGE_LOOP('',(#5793));
#5793 = ORIENTED_EDGE('',*,*,#5794,.T.);
#5794 = EDGE_CURVE('',#5795,#5795,#5797,.T.);
#5795 = VERTEX_POINT('',#5796);
#5796 = CARTESIAN_POINT('',(279.9955,-99.23526,0.));
#5797 = CIRCLE('',#5798,1.9939);
#5798 = AXIS2_PLACEMENT_3D('',#5799,#5800,#5801);
#5799 = CARTESIAN_POINT('',(279.9955,-97.24136,0.));
#5800 = DIRECTION('',(-0.,0.,-1.));
#5801 = DIRECTION('',(-0.,-1.,0.));
#5802 = FACE_BOUND('',#5803,.F.);
#5803 = EDGE_LOOP('',(#5804));
#5804 = ORIENTED_EDGE('',*,*,#5805,.T.);
#5805 = EDGE_CURVE('',#5806,#5806,#5808,.T.);
#5806 = VERTEX_POINT('',#5807);
#5807 = CARTESIAN_POINT('',(276.1855,-96.20136,0.));
#5808 = CIRCLE('',#5809,1.5);
#5809 = AXIS2_PLACEMENT_3D('',#5810,#5811,#5812);
#5810 = CARTESIAN_POINT('',(276.1855,-94.70136,0.));
#5811 = DIRECTION('',(-0.,0.,-1.));
#5812 = DIRECTION('',(-0.,-1.,0.));
#5813 = FACE_BOUND('',#5814,.F.);
#5814 = EDGE_LOOP('',(#5815));
#5815 = ORIENTED_EDGE('',*,*,#5816,.T.);
#5816 = EDGE_CURVE('',#5817,#5817,#5819,.T.);
#5817 = VERTEX_POINT('',#5818);
#5818 = CARTESIAN_POINT('',(285.0755,-98.09226,0.));
#5819 = CIRCLE('',#5820,0.8509);
#5820 = AXIS2_PLACEMENT_3D('',#5821,#5822,#5823);
#5821 = CARTESIAN_POINT('',(285.0755,-97.24136,0.));
#5822 = DIRECTION('',(-0.,0.,-1.));
#5823 = DIRECTION('',(-6.680387690776E-14,-1.,0.));
#5824 = FACE_BOUND('',#5825,.F.);
#5825 = EDGE_LOOP('',(#5826));
#5826 = ORIENTED_EDGE('',*,*,#5827,.T.);
#5827 = EDGE_CURVE('',#5828,#5828,#5830,.T.);
#5828 = VERTEX_POINT('',#5829);
#5829 = CARTESIAN_POINT('',(293.9655,-98.09226,0.));
#5830 = CIRCLE('',#5831,0.8509);
#5831 = AXIS2_PLACEMENT_3D('',#5832,#5833,#5834);
#5832 = CARTESIAN_POINT('',(293.9655,-97.24136,0.));
#5833 = DIRECTION('',(-0.,0.,-1.));
#5834 = DIRECTION('',(-0.,-1.,0.));
#5835 = FACE_BOUND('',#5836,.F.);
#5836 = EDGE_LOOP('',(#5837));
#5837 = ORIENTED_EDGE('',*,*,#5838,.T.);
#5838 = EDGE_CURVE('',#5839,#5839,#5841,.T.);
#5839 = VERTEX_POINT('',#5840);
#5840 = CARTESIAN_POINT('',(295.2355,-96.20136,0.));
#5841 = CIRCLE('',#5842,1.5);
#5842 = AXIS2_PLACEMENT_3D('',#5843,#5844,#5845);
#5843 = CARTESIAN_POINT('',(295.2355,-94.70136,0.));
#5844 = DIRECTION('',(-0.,0.,-1.));
#5845 = DIRECTION('',(-0.,-1.,0.));
#5846 = FACE_BOUND('',#5847,.F.);
#5847 = EDGE_LOOP('',(#5848));
#5848 = ORIENTED_EDGE('',*,*,#5849,.T.);
#5849 = EDGE_CURVE('',#5850,#5850,#5852,.T.);
#5850 = VERTEX_POINT('',#5851);
#5851 = CARTESIAN_POINT('',(299.0455,-99.23526,0.));
#5852 = CIRCLE('',#5853,1.9939);
#5853 = AXIS2_PLACEMENT_3D('',#5854,#5855,#5856);
#5854 = CARTESIAN_POINT('',(299.0455,-97.24136,0.));
#5855 = DIRECTION('',(-0.,0.,-1.));
#5856 = DIRECTION('',(-0.,-1.,0.));
#5857 = FACE_BOUND('',#5858,.F.);
#5858 = EDGE_LOOP('',(#5859));
#5859 = ORIENTED_EDGE('',*,*,#5860,.T.);
#5860 = EDGE_CURVE('',#5861,#5861,#5863,.T.);
#5861 = VERTEX_POINT('',#5862);
#5862 = CARTESIAN_POINT('',(304.1255,-98.09226,0.));
#5863 = CIRCLE('',#5864,0.8509);
#5864 = AXIS2_PLACEMENT_3D('',#5865,#5866,#5867);
#5865 = CARTESIAN_POINT('',(304.1255,-97.24136,0.));
#5866 = DIRECTION('',(-0.,0.,-1.));
#5867 = DIRECTION('',(-0.,-1.,0.));
#5868 = FACE_BOUND('',#5869,.F.);
#5869 = EDGE_LOOP('',(#5870));
#5870 = ORIENTED_EDGE('',*,*,#5871,.T.);
#5871 = EDGE_CURVE('',#5872,#5872,#5874,.T.);
#5872 = VERTEX_POINT('',#5873);
#5873 = CARTESIAN_POINT('',(282.5355,-93.66136,0.));
#5874 = CIRCLE('',#5875,1.5);
#5875 = AXIS2_PLACEMENT_3D('',#5876,#5877,#5878);
#5876 = CARTESIAN_POINT('',(282.5355,-92.16136,0.));
#5877 = DIRECTION('',(-0.,0.,-1.));
#5878 = DIRECTION('',(-0.,-1.,0.));
#5879 = FACE_BOUND('',#5880,.F.);
#5880 = EDGE_LOOP('',(#5881));
#5881 = ORIENTED_EDGE('',*,*,#5882,.T.);
#5882 = EDGE_CURVE('',#5883,#5883,#5885,.T.);
#5883 = VERTEX_POINT('',#5884);
#5884 = CARTESIAN_POINT('',(301.5855,-93.66136,0.));
#5885 = CIRCLE('',#5886,1.5);
#5886 = AXIS2_PLACEMENT_3D('',#5887,#5888,#5889);
#5887 = CARTESIAN_POINT('',(301.5855,-92.16136,0.));
#5888 = DIRECTION('',(-0.,0.,-1.));
#5889 = DIRECTION('',(-0.,-1.,0.));
#5890 = FACE_BOUND('',#5891,.F.);
#5891 = EDGE_LOOP('',(#5892));
#5892 = ORIENTED_EDGE('',*,*,#5893,.T.);
#5893 = EDGE_CURVE('',#5894,#5894,#5896,.T.);
#5894 = VERTEX_POINT('',#5895);
#5895 = CARTESIAN_POINT('',(322.5405,-98.09226,0.));
#5896 = CIRCLE('',#5897,0.8509);
#5897 = AXIS2_PLACEMENT_3D('',#5898,#5899,#5900);
#5898 = CARTESIAN_POINT('',(322.5405,-97.24136,0.));
#5899 = DIRECTION('',(-0.,0.,-1.));
#5900 = DIRECTION('',(6.680387690775E-14,-1.,-0.));
#5901 = FACE_BOUND('',#5902,.F.);
#5902 = EDGE_LOOP('',(#5903));
#5903 = ORIENTED_EDGE('',*,*,#5904,.T.);
#5904 = EDGE_CURVE('',#5905,#5905,#5907,.T.);
#5905 = VERTEX_POINT('',#5906);
#5906 = CARTESIAN_POINT('',(323.8105,-96.20136,0.));
#5907 = CIRCLE('',#5908,1.5);
#5908 = AXIS2_PLACEMENT_3D('',#5909,#5910,#5911);
#5909 = CARTESIAN_POINT('',(323.8105,-94.70136,0.));
#5910 = DIRECTION('',(-0.,0.,-1.));
#5911 = DIRECTION('',(-0.,-1.,0.));
#5912 = FACE_BOUND('',#5913,.F.);
#5913 = EDGE_LOOP('',(#5914));
#5914 = ORIENTED_EDGE('',*,*,#5915,.T.);
#5915 = EDGE_CURVE('',#5916,#5916,#5918,.T.);
#5916 = VERTEX_POINT('',#5917);
#5917 = CARTESIAN_POINT('',(327.6205,-99.23526,0.));
#5918 = CIRCLE('',#5919,1.9939);
#5919 = AXIS2_PLACEMENT_3D('',#5920,#5921,#5922);
#5920 = CARTESIAN_POINT('',(327.6205,-97.24136,0.));
#5921 = DIRECTION('',(-0.,0.,-1.));
#5922 = DIRECTION('',(-0.,-1.,0.));
#5923 = FACE_BOUND('',#5924,.F.);
#5924 = EDGE_LOOP('',(#5925));
#5925 = ORIENTED_EDGE('',*,*,#5926,.T.);
#5926 = EDGE_CURVE('',#5927,#5927,#5929,.T.);
#5927 = VERTEX_POINT('',#5928);
#5928 = CARTESIAN_POINT('',(332.7005,-98.09226,0.));
#5929 = CIRCLE('',#5930,0.8509);
#5930 = AXIS2_PLACEMENT_3D('',#5931,#5932,#5933);
#5931 = CARTESIAN_POINT('',(332.7005,-97.24136,0.));
#5932 = DIRECTION('',(-0.,0.,-1.));
#5933 = DIRECTION('',(-6.680387690776E-14,-1.,0.));
#5934 = FACE_BOUND('',#5935,.F.);
#5935 = EDGE_LOOP('',(#5936));
#5936 = ORIENTED_EDGE('',*,*,#5937,.T.);
#5937 = EDGE_CURVE('',#5938,#5938,#5940,.T.);
#5938 = VERTEX_POINT('',#5939);
#5939 = CARTESIAN_POINT('',(315.6825,-91.78036,0.));
#5940 = CIRCLE('',#5941,1.524);
#5941 = AXIS2_PLACEMENT_3D('',#5942,#5943,#5944);
#5942 = CARTESIAN_POINT('',(315.6825,-90.25636,0.));
#5943 = DIRECTION('',(-0.,0.,-1.));
#5944 = DIRECTION('',(-0.,-1.,0.));
#5945 = FACE_BOUND('',#5946,.F.);
#5946 = EDGE_LOOP('',(#5947));
#5947 = ORIENTED_EDGE('',*,*,#5948,.T.);
#5948 = EDGE_CURVE('',#5949,#5949,#5951,.T.);
#5949 = VERTEX_POINT('',#5950);
#5950 = CARTESIAN_POINT('',(330.1605,-93.66136,0.));
#5951 = CIRCLE('',#5952,1.5);
#5952 = AXIS2_PLACEMENT_3D('',#5953,#5954,#5955);
#5953 = CARTESIAN_POINT('',(330.1605,-92.16136,0.));
#5954 = DIRECTION('',(-0.,0.,-1.));
#5955 = DIRECTION('',(-0.,-1.,0.));
#5956 = FACE_BOUND('',#5957,.F.);
#5957 = EDGE_LOOP('',(#5958));
#5958 = ORIENTED_EDGE('',*,*,#5959,.T.);
#5959 = EDGE_CURVE('',#5960,#5960,#5962,.T.);
#5960 = VERTEX_POINT('',#5961);
#5961 = CARTESIAN_POINT('',(339.5585,-91.78036,0.));
#5962 = CIRCLE('',#5963,1.524);
#5963 = AXIS2_PLACEMENT_3D('',#5964,#5965,#5966);
#5964 = CARTESIAN_POINT('',(339.5585,-90.25636,0.));
#5965 = DIRECTION('',(-0.,0.,-1.));
#5966 = DIRECTION('',(-0.,-1.,0.));
#5967 = PLANE('',#5968);
#5968 = AXIS2_PLACEMENT_3D('',#5969,#5970,#5971);
#5969 = CARTESIAN_POINT('',(0.,0.,0.));
#5970 = DIRECTION('',(0.,0.,1.));
#5971 = DIRECTION('',(1.,0.,-0.));
#5972 = ADVANCED_FACE('',(#5973,#6019,#6053,#6087,#6098,#6109,#6120,
    #6131,#6142,#6153,#6164,#6198,#6209,#6220,#6231,#6242,#6253,#6264,
    #6275,#6286,#6320,#6331,#6342,#6376,#6410,#6421,#6455,#6466,#6477,
    #6488,#6499,#6510,#6521,#6532,#6566,#6577,#6611,#6645,#6656,#6667,
    #6678,#6689,#6700,#6711,#6722,#6733,#6744,#6755,#6766,#6777,#6788,
    #6799,#6810,#6821,#6855,#6866,#6877,#6888,#6922,#6933,#6944,#6978,
    #6989,#7000,#7011,#7022,#7033,#7044,#7055,#7066,#7077,#7088,#7099,
    #7110,#7121,#7132,#7143,#7154,#7165,#7176,#7187,#7198,#7232,#7243,
    #7254,#7265,#7299,#7310,#7321,#7332,#7366,#7377,#7388,#7422,#7433,
    #7444,#7455,#7466,#7500,#7511,#7522,#7533,#7544,#7555,#7566,#7600,
    #7634,#7645,#7656,#7667,#7701,#7735,#7769,#7780,#7791,#7802,#7813,
    #7824,#7858,#7892,#7903,#7914,#7925,#7936,#7947,#7958,#7969,#7980,
    #8014,#8025,#8036,#8047,#8058,#8092,#8103,#8114,#8125,#8136,#8147,
    #8158,#8169,#8180,#8191,#8202,#8213,#8224,#8235,#8246,#8257,#8268,
    #8279,#8290,#8301,#8312,#8323,#8357,#8368,#8379,#8413,#8424,#8435,
    #8446,#8457,#8468,#8502,#8513,#8524,#8535,#8546,#8557,#8568,#8579,
    #8590,#8601,#8612,#8623,#8634,#8645,#8656,#8667,#8701,#8735,#8746,
    #8757,#8768,#8779,#8813,#8824,#8835,#8846,#8857,#8868,#8879,#8890,
    #8901,#8935,#8969,#8980,#8991,#9002,#9013,#9024,#9035,#9046,#9080,
    #9091,#9102,#9113,#9124,#9135,#9146,#9157,#9168,#9179,#9190,#9201,
    #9212,#9223,#9234,#9245,#9256,#9267,#9301,#9335,#9346,#9357,#9368,
    #9379,#9390,#9401,#9435,#9469,#9480,#9491,#9502,#9513,#9524,#9535,
    #9546,#9557,#9568,#9579,#9613,#9647,#9658,#9669,#9703,#9737,#9748,
    #9759,#9770,#9781,#9792,#9803,#9814,#9825,#9836,#9847,#9858,#9869,
    #9880,#9891,#9902,#9913,#9924,#9935,#9946,#9957,#9968,#9979,#10013,
    #10047,#10058,#10069,#10103,#10114,#10125,#10136,#10147,#10158,
    #10169,#10180,#10191,#10202,#10213,#10224,#10235,#10246,#10257,
    #10268,#10279,#10290,#10301,#10312,#10323,#10334,#10345,#10356,
    #10367,#10378,#10389,#10423,#10457,#10468,#10479,#10490,#10501,
    #10512,#10523,#10534,#10545,#10579,#10613,#10624,#10635,#10646,
    #10657,#10668,#10679,#10690,#10701,#10712,#10723,#10734,#10745,
    #10756,#10767,#10778,#10789,#10800,#10811,#10822,#10856,#10867,
    #10878,#10889,#10900,#10911,#10922,#10933,#10967,#11001,#11012,
    #11023,#11034,#11045,#11056,#11067,#11078,#11089,#11123,#11157,
    #11168,#11202,#11236,#11247,#11258,#11269,#11280,#11291,#11302,
    #11313,#11324,#11335,#11346,#11357,#11368,#11379,#11390,#11401,
    #11412,#11423,#11434,#11445,#11456,#11490,#11524,#11535,#11546,
    #11557,#11568,#11579,#11613,#11624,#11635,#11646,#11657,#11668,
    #11679,#11690,#11701,#11712,#11723,#11734,#11745,#11756,#11767,
    #11778,#11789),#11800,.T.);
#5973 = FACE_BOUND('',#5974,.T.);
#5974 = EDGE_LOOP('',(#5975,#5976,#5977,#5986,#5994,#6003,#6011,#6018));
#5975 = ORIENTED_EDGE('',*,*,#49,.F.);
#5976 = ORIENTED_EDGE('',*,*,#91,.F.);
#5977 = ORIENTED_EDGE('',*,*,#5978,.F.);
#5978 = EDGE_CURVE('',#5979,#84,#5981,.T.);
#5979 = VERTEX_POINT('',#5980);
#5980 = CARTESIAN_POINT('',(61.2955,-88.84136,1.5162));
#5981 = CIRCLE('',#5982,0.999999252925);
#5982 = AXIS2_PLACEMENT_3D('',#5983,#5984,#5985);
#5983 = CARTESIAN_POINT('',(62.295499252925,-88.84135925292,1.5162));
#5984 = DIRECTION('',(0.,0.,-1.));
#5985 = DIRECTION('',(-1.,-7.470757065322E-07,-0.));
#5986 = ORIENTED_EDGE('',*,*,#5987,.F.);
#5987 = EDGE_CURVE('',#5988,#5979,#5990,.T.);
#5988 = VERTEX_POINT('',#5989);
#5989 = CARTESIAN_POINT('',(61.2955,-181.84136,1.5162));
#5990 = LINE('',#5991,#5992);
#5991 = CARTESIAN_POINT('',(61.2955,-181.84136,1.5162));
#5992 = VECTOR('',#5993,1.);
#5993 = DIRECTION('',(0.,1.,0.));
#5994 = ORIENTED_EDGE('',*,*,#5995,.F.);
#5995 = EDGE_CURVE('',#5996,#5988,#5998,.T.);
#5996 = VERTEX_POINT('',#5997);
#5997 = CARTESIAN_POINT('',(62.2955,-182.84136,1.5162));
#5998 = CIRCLE('',#5999,0.999999252925);
#5999 = AXIS2_PLACEMENT_3D('',#6000,#6001,#6002);
#6000 = CARTESIAN_POINT('',(62.295499252925,-181.841360747,1.5162));
#6001 = DIRECTION('',(0.,0.,-1.));
#6002 = DIRECTION('',(7.470756923213E-07,-1.,0.));
#6003 = ORIENTED_EDGE('',*,*,#6004,.F.);
#6004 = EDGE_CURVE('',#6005,#5996,#6007,.T.);
#6005 = VERTEX_POINT('',#6006);
#6006 = CARTESIAN_POINT('',(345.2955,-182.84136,1.5162));
#6007 = LINE('',#6008,#6009);
#6008 = CARTESIAN_POINT('',(345.2955,-182.84136,1.5162));
#6009 = VECTOR('',#6010,1.);
#6010 = DIRECTION('',(-1.,0.,0.));
#6011 = ORIENTED_EDGE('',*,*,#6012,.F.);
#6012 = EDGE_CURVE('',#114,#6005,#6013,.T.);
#6013 = CIRCLE('',#6014,0.999999252925);
#6014 = AXIS2_PLACEMENT_3D('',#6015,#6016,#6017);
#6015 = CARTESIAN_POINT('',(345.29550074707,-181.841360747,1.5162));
#6016 = DIRECTION('',(0.,0.,-1.));
#6017 = DIRECTION('',(1.,7.470757065322E-07,0.));
#6018 = ORIENTED_EDGE('',*,*,#113,.F.);
#6019 = FACE_BOUND('',#6020,.T.);
#6020 = EDGE_LOOP('',(#6021,#6031,#6039,#6047));
#6021 = ORIENTED_EDGE('',*,*,#6022,.F.);
#6022 = EDGE_CURVE('',#6023,#6025,#6027,.T.);
#6023 = VERTEX_POINT('',#6024);
#6024 = CARTESIAN_POINT('',(71.12675,-180.44136,1.5162));
#6025 = VERTEX_POINT('',#6026);
#6026 = CARTESIAN_POINT('',(74.52675,-180.44136,1.5162));
#6027 = LINE('',#6028,#6029);
#6028 = CARTESIAN_POINT('',(71.12675,-180.44136,1.5162));
#6029 = VECTOR('',#6030,1.);
#6030 = DIRECTION('',(1.,0.,0.));
#6031 = ORIENTED_EDGE('',*,*,#6032,.F.);
#6032 = EDGE_CURVE('',#6033,#6023,#6035,.T.);
#6033 = VERTEX_POINT('',#6034);
#6034 = CARTESIAN_POINT('',(71.12675,-177.44136,1.5162));
#6035 = LINE('',#6036,#6037);
#6036 = CARTESIAN_POINT('',(71.12675,-177.44136,1.5162));
#6037 = VECTOR('',#6038,1.);
#6038 = DIRECTION('',(0.,-1.,0.));
#6039 = ORIENTED_EDGE('',*,*,#6040,.F.);
#6040 = EDGE_CURVE('',#6041,#6033,#6043,.T.);
#6041 = VERTEX_POINT('',#6042);
#6042 = CARTESIAN_POINT('',(74.52675,-177.44136,1.5162));
#6043 = LINE('',#6044,#6045);
#6044 = CARTESIAN_POINT('',(74.52675,-177.44136,1.5162));
#6045 = VECTOR('',#6046,1.);
#6046 = DIRECTION('',(-1.,0.,0.));
#6047 = ORIENTED_EDGE('',*,*,#6048,.F.);
#6048 = EDGE_CURVE('',#6025,#6041,#6049,.T.);
#6049 = LINE('',#6050,#6051);
#6050 = CARTESIAN_POINT('',(74.52675,-180.44136,1.5162));
#6051 = VECTOR('',#6052,1.);
#6052 = DIRECTION('',(0.,1.,0.));
#6053 = FACE_BOUND('',#6054,.T.);
#6054 = EDGE_LOOP('',(#6055,#6065,#6073,#6081));
#6055 = ORIENTED_EDGE('',*,*,#6056,.F.);
#6056 = EDGE_CURVE('',#6057,#6059,#6061,.T.);
#6057 = VERTEX_POINT('',#6058);
#6058 = CARTESIAN_POINT('',(94.93925,-180.44136,1.5162));
#6059 = VERTEX_POINT('',#6060);
#6060 = CARTESIAN_POINT('',(98.33925,-180.44136,1.5162));
#6061 = LINE('',#6062,#6063);
#6062 = CARTESIAN_POINT('',(94.93925,-180.44136,1.5162));
#6063 = VECTOR('',#6064,1.);
#6064 = DIRECTION('',(1.,0.,0.));
#6065 = ORIENTED_EDGE('',*,*,#6066,.F.);
#6066 = EDGE_CURVE('',#6067,#6057,#6069,.T.);
#6067 = VERTEX_POINT('',#6068);
#6068 = CARTESIAN_POINT('',(94.93925,-177.44136,1.5162));
#6069 = LINE('',#6070,#6071);
#6070 = CARTESIAN_POINT('',(94.93925,-177.44136,1.5162));
#6071 = VECTOR('',#6072,1.);
#6072 = DIRECTION('',(0.,-1.,0.));
#6073 = ORIENTED_EDGE('',*,*,#6074,.F.);
#6074 = EDGE_CURVE('',#6075,#6067,#6077,.T.);
#6075 = VERTEX_POINT('',#6076);
#6076 = CARTESIAN_POINT('',(98.33925,-177.44136,1.5162));
#6077 = LINE('',#6078,#6079);
#6078 = CARTESIAN_POINT('',(98.33925,-177.44136,1.5162));
#6079 = VECTOR('',#6080,1.);
#6080 = DIRECTION('',(-1.,0.,0.));
#6081 = ORIENTED_EDGE('',*,*,#6082,.F.);
#6082 = EDGE_CURVE('',#6059,#6075,#6083,.T.);
#6083 = LINE('',#6084,#6085);
#6084 = CARTESIAN_POINT('',(98.33925,-180.44136,1.5162));
#6085 = VECTOR('',#6086,1.);
#6086 = DIRECTION('',(0.,1.,0.));
#6087 = FACE_BOUND('',#6088,.T.);
#6088 = EDGE_LOOP('',(#6089));
#6089 = ORIENTED_EDGE('',*,*,#6090,.T.);
#6090 = EDGE_CURVE('',#6091,#6091,#6093,.T.);
#6091 = VERTEX_POINT('',#6092);
#6092 = CARTESIAN_POINT('',(67.74675,-174.29226,1.5162));
#6093 = CIRCLE('',#6094,0.8509);
#6094 = AXIS2_PLACEMENT_3D('',#6095,#6096,#6097);
#6095 = CARTESIAN_POINT('',(67.74675,-173.44136,1.5162));
#6096 = DIRECTION('',(-0.,0.,-1.));
#6097 = DIRECTION('',(1.670096922694E-14,-1.,-0.));
#6098 = FACE_BOUND('',#6099,.T.);
#6099 = EDGE_LOOP('',(#6100));
#6100 = ORIENTED_EDGE('',*,*,#6101,.T.);
#6101 = EDGE_CURVE('',#6102,#6102,#6104,.T.);
#6102 = VERTEX_POINT('',#6103);
#6103 = CARTESIAN_POINT('',(72.82675,-175.43526,1.5162));
#6104 = CIRCLE('',#6105,1.9939);
#6105 = AXIS2_PLACEMENT_3D('',#6106,#6107,#6108);
#6106 = CARTESIAN_POINT('',(72.82675,-173.44136,1.5162));
#6107 = DIRECTION('',(-0.,0.,-1.));
#6108 = DIRECTION('',(-0.,-1.,0.));
#6109 = FACE_BOUND('',#6110,.T.);
#6110 = EDGE_LOOP('',(#6111));
#6111 = ORIENTED_EDGE('',*,*,#6112,.T.);
#6112 = EDGE_CURVE('',#6113,#6113,#6115,.T.);
#6113 = VERTEX_POINT('',#6114);
#6114 = CARTESIAN_POINT('',(77.90675,-174.29226,1.5162));
#6115 = CIRCLE('',#6116,0.8509);
#6116 = AXIS2_PLACEMENT_3D('',#6117,#6118,#6119);
#6117 = CARTESIAN_POINT('',(77.90675,-173.44136,1.5162));
#6118 = DIRECTION('',(-0.,0.,-1.));
#6119 = DIRECTION('',(-0.,-1.,0.));
#6120 = FACE_BOUND('',#6121,.T.);
#6121 = EDGE_LOOP('',(#6122));
#6122 = ORIENTED_EDGE('',*,*,#6123,.T.);
#6123 = EDGE_CURVE('',#6124,#6124,#6126,.T.);
#6124 = VERTEX_POINT('',#6125);
#6125 = CARTESIAN_POINT('',(69.01675,-172.40136,1.5162));
#6126 = CIRCLE('',#6127,1.5);
#6127 = AXIS2_PLACEMENT_3D('',#6128,#6129,#6130);
#6128 = CARTESIAN_POINT('',(69.01675,-170.90136,1.5162));
#6129 = DIRECTION('',(-0.,0.,-1.));
#6130 = DIRECTION('',(-0.,-1.,0.));
#6131 = FACE_BOUND('',#6132,.T.);
#6132 = EDGE_LOOP('',(#6133));
#6133 = ORIENTED_EDGE('',*,*,#6134,.T.);
#6134 = EDGE_CURVE('',#6135,#6135,#6137,.T.);
#6135 = VERTEX_POINT('',#6136);
#6136 = CARTESIAN_POINT('',(91.55925,-174.29226,1.5162));
#6137 = CIRCLE('',#6138,0.8509);
#6138 = AXIS2_PLACEMENT_3D('',#6139,#6140,#6141);
#6139 = CARTESIAN_POINT('',(91.55925,-173.44136,1.5162));
#6140 = DIRECTION('',(-0.,0.,-1.));
#6141 = DIRECTION('',(1.670096922694E-14,-1.,-0.));
#6142 = FACE_BOUND('',#6143,.T.);
#6143 = EDGE_LOOP('',(#6144));
#6144 = ORIENTED_EDGE('',*,*,#6145,.T.);
#6145 = EDGE_CURVE('',#6146,#6146,#6148,.T.);
#6146 = VERTEX_POINT('',#6147);
#6147 = CARTESIAN_POINT('',(96.63925,-175.43526,1.5162));
#6148 = CIRCLE('',#6149,1.9939);
#6149 = AXIS2_PLACEMENT_3D('',#6150,#6151,#6152);
#6150 = CARTESIAN_POINT('',(96.63925,-173.44136,1.5162));
#6151 = DIRECTION('',(-0.,0.,-1.));
#6152 = DIRECTION('',(-0.,-1.,0.));
#6153 = FACE_BOUND('',#6154,.T.);
#6154 = EDGE_LOOP('',(#6155));
#6155 = ORIENTED_EDGE('',*,*,#6156,.T.);
#6156 = EDGE_CURVE('',#6157,#6157,#6159,.T.);
#6157 = VERTEX_POINT('',#6158);
#6158 = CARTESIAN_POINT('',(92.82925,-172.40136,1.5162));
#6159 = CIRCLE('',#6160,1.5);
#6160 = AXIS2_PLACEMENT_3D('',#6161,#6162,#6163);
#6161 = CARTESIAN_POINT('',(92.82925,-170.90136,1.5162));
#6162 = DIRECTION('',(-0.,0.,-1.));
#6163 = DIRECTION('',(-0.,-1.,0.));
#6164 = FACE_BOUND('',#6165,.T.);
#6165 = EDGE_LOOP('',(#6166,#6176,#6184,#6192));
#6166 = ORIENTED_EDGE('',*,*,#6167,.F.);
#6167 = EDGE_CURVE('',#6168,#6170,#6172,.T.);
#6168 = VERTEX_POINT('',#6169);
#6169 = CARTESIAN_POINT('',(118.75175,-180.44136,1.5162));
#6170 = VERTEX_POINT('',#6171);
#6171 = CARTESIAN_POINT('',(122.15175,-180.44136,1.5162));
#6172 = LINE('',#6173,#6174);
#6173 = CARTESIAN_POINT('',(118.75175,-180.44136,1.5162));
#6174 = VECTOR('',#6175,1.);
#6175 = DIRECTION('',(1.,0.,0.));
#6176 = ORIENTED_EDGE('',*,*,#6177,.F.);
#6177 = EDGE_CURVE('',#6178,#6168,#6180,.T.);
#6178 = VERTEX_POINT('',#6179);
#6179 = CARTESIAN_POINT('',(118.75175,-177.44136,1.5162));
#6180 = LINE('',#6181,#6182);
#6181 = CARTESIAN_POINT('',(118.75175,-177.44136,1.5162));
#6182 = VECTOR('',#6183,1.);
#6183 = DIRECTION('',(0.,-1.,0.));
#6184 = ORIENTED_EDGE('',*,*,#6185,.F.);
#6185 = EDGE_CURVE('',#6186,#6178,#6188,.T.);
#6186 = VERTEX_POINT('',#6187);
#6187 = CARTESIAN_POINT('',(122.15175,-177.44136,1.5162));
#6188 = LINE('',#6189,#6190);
#6189 = CARTESIAN_POINT('',(122.15175,-177.44136,1.5162));
#6190 = VECTOR('',#6191,1.);
#6191 = DIRECTION('',(-1.,0.,0.));
#6192 = ORIENTED_EDGE('',*,*,#6193,.F.);
#6193 = EDGE_CURVE('',#6170,#6186,#6194,.T.);
#6194 = LINE('',#6195,#6196);
#6195 = CARTESIAN_POINT('',(122.15175,-180.44136,1.5162));
#6196 = VECTOR('',#6197,1.);
#6197 = DIRECTION('',(0.,1.,0.));
#6198 = FACE_BOUND('',#6199,.T.);
#6199 = EDGE_LOOP('',(#6200));
#6200 = ORIENTED_EDGE('',*,*,#6201,.T.);
#6201 = EDGE_CURVE('',#6202,#6202,#6204,.T.);
#6202 = VERTEX_POINT('',#6203);
#6203 = CARTESIAN_POINT('',(101.71925,-174.29226,1.5162));
#6204 = CIRCLE('',#6205,0.8509);
#6205 = AXIS2_PLACEMENT_3D('',#6206,#6207,#6208);
#6206 = CARTESIAN_POINT('',(101.71925,-173.44136,1.5162));
#6207 = DIRECTION('',(-0.,0.,-1.));
#6208 = DIRECTION('',(-0.,-1.,0.));
#6209 = FACE_BOUND('',#6210,.T.);
#6210 = EDGE_LOOP('',(#6211));
#6211 = ORIENTED_EDGE('',*,*,#6212,.T.);
#6212 = EDGE_CURVE('',#6213,#6213,#6215,.T.);
#6213 = VERTEX_POINT('',#6214);
#6214 = CARTESIAN_POINT('',(115.37175,-174.29226,1.5162));
#6215 = CIRCLE('',#6216,0.8509);
#6216 = AXIS2_PLACEMENT_3D('',#6217,#6218,#6219);
#6217 = CARTESIAN_POINT('',(115.37175,-173.44136,1.5162));
#6218 = DIRECTION('',(-0.,0.,-1.));
#6219 = DIRECTION('',(1.670096922694E-14,-1.,-0.));
#6220 = FACE_BOUND('',#6221,.T.);
#6221 = EDGE_LOOP('',(#6222));
#6222 = ORIENTED_EDGE('',*,*,#6223,.T.);
#6223 = EDGE_CURVE('',#6224,#6224,#6226,.T.);
#6224 = VERTEX_POINT('',#6225);
#6225 = CARTESIAN_POINT('',(120.45175,-175.43526,1.5162));
#6226 = CIRCLE('',#6227,1.9939);
#6227 = AXIS2_PLACEMENT_3D('',#6228,#6229,#6230);
#6228 = CARTESIAN_POINT('',(120.45175,-173.44136,1.5162));
#6229 = DIRECTION('',(-0.,0.,-1.));
#6230 = DIRECTION('',(-0.,-1.,0.));
#6231 = FACE_BOUND('',#6232,.T.);
#6232 = EDGE_LOOP('',(#6233));
#6233 = ORIENTED_EDGE('',*,*,#6234,.T.);
#6234 = EDGE_CURVE('',#6235,#6235,#6237,.T.);
#6235 = VERTEX_POINT('',#6236);
#6236 = CARTESIAN_POINT('',(125.53175,-174.29226,1.5162));
#6237 = CIRCLE('',#6238,0.8509);
#6238 = AXIS2_PLACEMENT_3D('',#6239,#6240,#6241);
#6239 = CARTESIAN_POINT('',(125.53175,-173.44136,1.5162));
#6240 = DIRECTION('',(-0.,0.,-1.));
#6241 = DIRECTION('',(-0.,-1.,0.));
#6242 = FACE_BOUND('',#6243,.T.);
#6243 = EDGE_LOOP('',(#6244));
#6244 = ORIENTED_EDGE('',*,*,#6245,.T.);
#6245 = EDGE_CURVE('',#6246,#6246,#6248,.T.);
#6246 = VERTEX_POINT('',#6247);
#6247 = CARTESIAN_POINT('',(116.64175,-172.40136,1.5162));
#6248 = CIRCLE('',#6249,1.5);
#6249 = AXIS2_PLACEMENT_3D('',#6250,#6251,#6252);
#6250 = CARTESIAN_POINT('',(116.64175,-170.90136,1.5162));
#6251 = DIRECTION('',(-0.,0.,-1.));
#6252 = DIRECTION('',(-0.,-1.,0.));
#6253 = FACE_BOUND('',#6254,.T.);
#6254 = EDGE_LOOP('',(#6255));
#6255 = ORIENTED_EDGE('',*,*,#6256,.T.);
#6256 = EDGE_CURVE('',#6257,#6257,#6259,.T.);
#6257 = VERTEX_POINT('',#6258);
#6258 = CARTESIAN_POINT('',(75.36675,-169.86136,1.5162));
#6259 = CIRCLE('',#6260,1.5);
#6260 = AXIS2_PLACEMENT_3D('',#6261,#6262,#6263);
#6261 = CARTESIAN_POINT('',(75.36675,-168.36136,1.5162));
#6262 = DIRECTION('',(-0.,0.,-1.));
#6263 = DIRECTION('',(-0.,-1.,0.));
#6264 = FACE_BOUND('',#6265,.T.);
#6265 = EDGE_LOOP('',(#6266));
#6266 = ORIENTED_EDGE('',*,*,#6267,.T.);
#6267 = EDGE_CURVE('',#6268,#6268,#6270,.T.);
#6268 = VERTEX_POINT('',#6269);
#6269 = CARTESIAN_POINT('',(70.411,-164.63826,1.5162));
#6270 = CIRCLE('',#6271,1.9939);
#6271 = AXIS2_PLACEMENT_3D('',#6272,#6273,#6274);
#6272 = CARTESIAN_POINT('',(70.411,-162.64436,1.5162));
#6273 = DIRECTION('',(-0.,0.,-1.));
#6274 = DIRECTION('',(-0.,-1.,0.));
#6275 = FACE_BOUND('',#6276,.T.);
#6276 = EDGE_LOOP('',(#6277));
#6277 = ORIENTED_EDGE('',*,*,#6278,.T.);
#6278 = EDGE_CURVE('',#6279,#6279,#6281,.T.);
#6279 = VERTEX_POINT('',#6280);
#6280 = CARTESIAN_POINT('',(94.287,-164.63826,1.5162));
#6281 = CIRCLE('',#6282,1.9939);
#6282 = AXIS2_PLACEMENT_3D('',#6283,#6284,#6285);
#6283 = CARTESIAN_POINT('',(94.287,-162.64436,1.5162));
#6284 = DIRECTION('',(-0.,0.,-1.));
#6285 = DIRECTION('',(-0.,-1.,0.));
#6286 = FACE_BOUND('',#6287,.T.);
#6287 = EDGE_LOOP('',(#6288,#6298,#6306,#6314));
#6288 = ORIENTED_EDGE('',*,*,#6289,.F.);
#6289 = EDGE_CURVE('',#6290,#6292,#6294,.T.);
#6290 = VERTEX_POINT('',#6291);
#6291 = CARTESIAN_POINT('',(80.65175,-161.39136,1.5162));
#6292 = VERTEX_POINT('',#6293);
#6293 = CARTESIAN_POINT('',(84.05175,-161.39136,1.5162));
#6294 = LINE('',#6295,#6296);
#6295 = CARTESIAN_POINT('',(80.65175,-161.39136,1.5162));
#6296 = VECTOR('',#6297,1.);
#6297 = DIRECTION('',(1.,0.,0.));
#6298 = ORIENTED_EDGE('',*,*,#6299,.F.);
#6299 = EDGE_CURVE('',#6300,#6290,#6302,.T.);
#6300 = VERTEX_POINT('',#6301);
#6301 = CARTESIAN_POINT('',(80.65175,-158.39136,1.5162));
#6302 = LINE('',#6303,#6304);
#6303 = CARTESIAN_POINT('',(80.65175,-158.39136,1.5162));
#6304 = VECTOR('',#6305,1.);
#6305 = DIRECTION('',(0.,-1.,0.));
#6306 = ORIENTED_EDGE('',*,*,#6307,.F.);
#6307 = EDGE_CURVE('',#6308,#6300,#6310,.T.);
#6308 = VERTEX_POINT('',#6309);
#6309 = CARTESIAN_POINT('',(84.05175,-158.39136,1.5162));
#6310 = LINE('',#6311,#6312);
#6311 = CARTESIAN_POINT('',(84.05175,-158.39136,1.5162));
#6312 = VECTOR('',#6313,1.);
#6313 = DIRECTION('',(-1.,0.,0.));
#6314 = ORIENTED_EDGE('',*,*,#6315,.F.);
#6315 = EDGE_CURVE('',#6292,#6308,#6316,.T.);
#6316 = LINE('',#6317,#6318);
#6317 = CARTESIAN_POINT('',(84.05175,-161.39136,1.5162));
#6318 = VECTOR('',#6319,1.);
#6319 = DIRECTION('',(0.,1.,0.));
#6320 = FACE_BOUND('',#6321,.T.);
#6321 = EDGE_LOOP('',(#6322));
#6322 = ORIENTED_EDGE('',*,*,#6323,.T.);
#6323 = EDGE_CURVE('',#6324,#6324,#6326,.T.);
#6324 = VERTEX_POINT('',#6325);
#6325 = CARTESIAN_POINT('',(99.17925,-169.86136,1.5162));
#6326 = CIRCLE('',#6327,1.5);
#6327 = AXIS2_PLACEMENT_3D('',#6328,#6329,#6330);
#6328 = CARTESIAN_POINT('',(99.17925,-168.36136,1.5162));
#6329 = DIRECTION('',(-0.,0.,-1.));
#6330 = DIRECTION('',(-0.,-1.,0.));
#6331 = FACE_BOUND('',#6332,.T.);
#6332 = EDGE_LOOP('',(#6333));
#6333 = ORIENTED_EDGE('',*,*,#6334,.T.);
#6334 = EDGE_CURVE('',#6335,#6335,#6337,.T.);
#6335 = VERTEX_POINT('',#6336);
#6336 = CARTESIAN_POINT('',(122.99175,-169.86136,1.5162));
#6337 = CIRCLE('',#6338,1.5);
#6338 = AXIS2_PLACEMENT_3D('',#6339,#6340,#6341);
#6339 = CARTESIAN_POINT('',(122.99175,-168.36136,1.5162));
#6340 = DIRECTION('',(-0.,0.,-1.));
#6341 = DIRECTION('',(-0.,-1.,0.));
#6342 = FACE_BOUND('',#6343,.T.);
#6343 = EDGE_LOOP('',(#6344,#6354,#6362,#6370));
#6344 = ORIENTED_EDGE('',*,*,#6345,.F.);
#6345 = EDGE_CURVE('',#6346,#6348,#6350,.T.);
#6346 = VERTEX_POINT('',#6347);
#6347 = CARTESIAN_POINT('',(111.608,-161.39136,1.5162));
#6348 = VERTEX_POINT('',#6349);
#6349 = CARTESIAN_POINT('',(115.008,-161.39136,1.5162));
#6350 = LINE('',#6351,#6352);
#6351 = CARTESIAN_POINT('',(111.608,-161.39136,1.5162));
#6352 = VECTOR('',#6353,1.);
#6353 = DIRECTION('',(1.,0.,0.));
#6354 = ORIENTED_EDGE('',*,*,#6355,.F.);
#6355 = EDGE_CURVE('',#6356,#6346,#6358,.T.);
#6356 = VERTEX_POINT('',#6357);
#6357 = CARTESIAN_POINT('',(111.608,-158.39136,1.5162));
#6358 = LINE('',#6359,#6360);
#6359 = CARTESIAN_POINT('',(111.608,-158.39136,1.5162));
#6360 = VECTOR('',#6361,1.);
#6361 = DIRECTION('',(0.,-1.,0.));
#6362 = ORIENTED_EDGE('',*,*,#6363,.F.);
#6363 = EDGE_CURVE('',#6364,#6356,#6366,.T.);
#6364 = VERTEX_POINT('',#6365);
#6365 = CARTESIAN_POINT('',(115.008,-158.39136,1.5162));
#6366 = LINE('',#6367,#6368);
#6367 = CARTESIAN_POINT('',(115.008,-158.39136,1.5162));
#6368 = VECTOR('',#6369,1.);
#6369 = DIRECTION('',(-1.,0.,0.));
#6370 = ORIENTED_EDGE('',*,*,#6371,.F.);
#6371 = EDGE_CURVE('',#6348,#6364,#6372,.T.);
#6372 = LINE('',#6373,#6374);
#6373 = CARTESIAN_POINT('',(115.008,-161.39136,1.5162));
#6374 = VECTOR('',#6375,1.);
#6375 = DIRECTION('',(0.,1.,0.));
#6376 = FACE_BOUND('',#6377,.T.);
#6377 = EDGE_LOOP('',(#6378,#6388,#6396,#6404));
#6378 = ORIENTED_EDGE('',*,*,#6379,.F.);
#6379 = EDGE_CURVE('',#6380,#6382,#6384,.T.);
#6380 = VERTEX_POINT('',#6381);
#6381 = CARTESIAN_POINT('',(130.658,-161.39136,1.5162));
#6382 = VERTEX_POINT('',#6383);
#6383 = CARTESIAN_POINT('',(134.058,-161.39136,1.5162));
#6384 = LINE('',#6385,#6386);
#6385 = CARTESIAN_POINT('',(130.658,-161.39136,1.5162));
#6386 = VECTOR('',#6387,1.);
#6387 = DIRECTION('',(1.,0.,0.));
#6388 = ORIENTED_EDGE('',*,*,#6389,.F.);
#6389 = EDGE_CURVE('',#6390,#6380,#6392,.T.);
#6390 = VERTEX_POINT('',#6391);
#6391 = CARTESIAN_POINT('',(130.658,-158.39136,1.5162));
#6392 = LINE('',#6393,#6394);
#6393 = CARTESIAN_POINT('',(130.658,-158.39136,1.5162));
#6394 = VECTOR('',#6395,1.);
#6395 = DIRECTION('',(0.,-1.,0.));
#6396 = ORIENTED_EDGE('',*,*,#6397,.F.);
#6397 = EDGE_CURVE('',#6398,#6390,#6400,.T.);
#6398 = VERTEX_POINT('',#6399);
#6399 = CARTESIAN_POINT('',(134.058,-158.39136,1.5162));
#6400 = LINE('',#6401,#6402);
#6401 = CARTESIAN_POINT('',(134.058,-158.39136,1.5162));
#6402 = VECTOR('',#6403,1.);
#6403 = DIRECTION('',(-1.,0.,0.));
#6404 = ORIENTED_EDGE('',*,*,#6405,.F.);
#6405 = EDGE_CURVE('',#6382,#6398,#6406,.T.);
#6406 = LINE('',#6407,#6408);
#6407 = CARTESIAN_POINT('',(134.058,-161.39136,1.5162));
#6408 = VECTOR('',#6409,1.);
#6409 = DIRECTION('',(0.,1.,0.));
#6410 = FACE_BOUND('',#6411,.T.);
#6411 = EDGE_LOOP('',(#6412));
#6412 = ORIENTED_EDGE('',*,*,#6413,.T.);
#6413 = EDGE_CURVE('',#6414,#6414,#6416,.T.);
#6414 = VERTEX_POINT('',#6415);
#6415 = CARTESIAN_POINT('',(141.8879,-181.95036,1.5162));
#6416 = CIRCLE('',#6417,1.524);
#6417 = AXIS2_PLACEMENT_3D('',#6418,#6419,#6420);
#6418 = CARTESIAN_POINT('',(141.8879,-180.42636,1.5162));
#6419 = DIRECTION('',(-0.,0.,-1.));
#6420 = DIRECTION('',(-0.,-1.,0.));
#6421 = FACE_BOUND('',#6422,.T.);
#6422 = EDGE_LOOP('',(#6423,#6433,#6441,#6449));
#6423 = ORIENTED_EDGE('',*,*,#6424,.F.);
#6424 = EDGE_CURVE('',#6425,#6427,#6429,.T.);
#6425 = VERTEX_POINT('',#6426);
#6426 = CARTESIAN_POINT('',(190.18925,-180.44136,1.5162));
#6427 = VERTEX_POINT('',#6428);
#6428 = CARTESIAN_POINT('',(193.58925,-180.44136,1.5162));
#6429 = LINE('',#6430,#6431);
#6430 = CARTESIAN_POINT('',(190.18925,-180.44136,1.5162));
#6431 = VECTOR('',#6432,1.);
#6432 = DIRECTION('',(1.,0.,0.));
#6433 = ORIENTED_EDGE('',*,*,#6434,.F.);
#6434 = EDGE_CURVE('',#6435,#6425,#6437,.T.);
#6435 = VERTEX_POINT('',#6436);
#6436 = CARTESIAN_POINT('',(190.18925,-177.44136,1.5162));
#6437 = LINE('',#6438,#6439);
#6438 = CARTESIAN_POINT('',(190.18925,-177.44136,1.5162));
#6439 = VECTOR('',#6440,1.);
#6440 = DIRECTION('',(0.,-1.,0.));
#6441 = ORIENTED_EDGE('',*,*,#6442,.F.);
#6442 = EDGE_CURVE('',#6443,#6435,#6445,.T.);
#6443 = VERTEX_POINT('',#6444);
#6444 = CARTESIAN_POINT('',(193.58925,-177.44136,1.5162));
#6445 = LINE('',#6446,#6447);
#6446 = CARTESIAN_POINT('',(193.58925,-177.44136,1.5162));
#6447 = VECTOR('',#6448,1.);
#6448 = DIRECTION('',(-1.,0.,0.));
#6449 = ORIENTED_EDGE('',*,*,#6450,.F.);
#6450 = EDGE_CURVE('',#6427,#6443,#6451,.T.);
#6451 = LINE('',#6452,#6453);
#6452 = CARTESIAN_POINT('',(193.58925,-180.44136,1.5162));
#6453 = VECTOR('',#6454,1.);
#6454 = DIRECTION('',(0.,1.,0.));
#6455 = FACE_BOUND('',#6456,.T.);
#6456 = EDGE_LOOP('',(#6457));
#6457 = ORIENTED_EDGE('',*,*,#6458,.T.);
#6458 = EDGE_CURVE('',#6459,#6459,#6461,.T.);
#6459 = VERTEX_POINT('',#6460);
#6460 = CARTESIAN_POINT('',(186.8079,-174.29226,1.5162));
#6461 = CIRCLE('',#6462,0.8509);
#6462 = AXIS2_PLACEMENT_3D('',#6463,#6464,#6465);
#6463 = CARTESIAN_POINT('',(186.8079,-173.44136,1.5162));
#6464 = DIRECTION('',(-0.,0.,-1.));
#6465 = DIRECTION('',(-3.340193845388E-14,-1.,0.));
#6466 = FACE_BOUND('',#6467,.T.);
#6467 = EDGE_LOOP('',(#6468));
#6468 = ORIENTED_EDGE('',*,*,#6469,.T.);
#6469 = EDGE_CURVE('',#6470,#6470,#6472,.T.);
#6470 = VERTEX_POINT('',#6471);
#6471 = CARTESIAN_POINT('',(191.8879,-175.43526,1.5162));
#6472 = CIRCLE('',#6473,1.9939);
#6473 = AXIS2_PLACEMENT_3D('',#6474,#6475,#6476);
#6474 = CARTESIAN_POINT('',(191.8879,-173.44136,1.5162));
#6475 = DIRECTION('',(-0.,0.,-1.));
#6476 = DIRECTION('',(-0.,-1.,0.));
#6477 = FACE_BOUND('',#6478,.T.);
#6478 = EDGE_LOOP('',(#6479));
#6479 = ORIENTED_EDGE('',*,*,#6480,.T.);
#6480 = EDGE_CURVE('',#6481,#6481,#6483,.T.);
#6481 = VERTEX_POINT('',#6482);
#6482 = CARTESIAN_POINT('',(196.9679,-174.29226,1.5162));
#6483 = CIRCLE('',#6484,0.8509);
#6484 = AXIS2_PLACEMENT_3D('',#6485,#6486,#6487);
#6485 = CARTESIAN_POINT('',(196.9679,-173.44136,1.5162));
#6486 = DIRECTION('',(-0.,0.,-1.));
#6487 = DIRECTION('',(-0.,-1.,0.));
#6488 = FACE_BOUND('',#6489,.T.);
#6489 = EDGE_LOOP('',(#6490));
#6490 = ORIENTED_EDGE('',*,*,#6491,.T.);
#6491 = EDGE_CURVE('',#6492,#6492,#6494,.T.);
#6492 = VERTEX_POINT('',#6493);
#6493 = CARTESIAN_POINT('',(188.0779,-172.40136,1.5162));
#6494 = CIRCLE('',#6495,1.5);
#6495 = AXIS2_PLACEMENT_3D('',#6496,#6497,#6498);
#6496 = CARTESIAN_POINT('',(188.0779,-170.90136,1.5162));
#6497 = DIRECTION('',(-0.,0.,-1.));
#6498 = DIRECTION('',(-0.,-1.,0.));
#6499 = FACE_BOUND('',#6500,.T.);
#6500 = EDGE_LOOP('',(#6501));
#6501 = ORIENTED_EDGE('',*,*,#6502,.T.);
#6502 = EDGE_CURVE('',#6503,#6503,#6505,.T.);
#6503 = VERTEX_POINT('',#6504);
#6504 = CARTESIAN_POINT('',(148.22,-169.,1.5162));
#6505 = CIRCLE('',#6506,0.6);
#6506 = AXIS2_PLACEMENT_3D('',#6507,#6508,#6509);
#6507 = CARTESIAN_POINT('',(148.22,-168.4,1.5162));
#6508 = DIRECTION('',(-0.,0.,-1.));
#6509 = DIRECTION('',(-0.,-1.,0.));
#6510 = FACE_BOUND('',#6511,.T.);
#6511 = EDGE_LOOP('',(#6512));
#6512 = ORIENTED_EDGE('',*,*,#6513,.T.);
#6513 = EDGE_CURVE('',#6514,#6514,#6516,.T.);
#6514 = VERTEX_POINT('',#6515);
#6515 = CARTESIAN_POINT('',(141.8879,-167.18026,1.5162));
#6516 = CIRCLE('',#6517,1.9939);
#6517 = AXIS2_PLACEMENT_3D('',#6518,#6519,#6520);
#6518 = CARTESIAN_POINT('',(141.8879,-165.18636,1.5162));
#6519 = DIRECTION('',(-0.,0.,-1.));
#6520 = DIRECTION('',(-0.,-1.,0.));
#6521 = FACE_BOUND('',#6522,.T.);
#6522 = EDGE_LOOP('',(#6523));
#6523 = ORIENTED_EDGE('',*,*,#6524,.T.);
#6524 = EDGE_CURVE('',#6525,#6525,#6527,.T.);
#6525 = VERTEX_POINT('',#6526);
#6526 = CARTESIAN_POINT('',(152.77,-169.,1.5162));
#6527 = CIRCLE('',#6528,0.6);
#6528 = AXIS2_PLACEMENT_3D('',#6529,#6530,#6531);
#6529 = CARTESIAN_POINT('',(152.77,-168.4,1.5162));
#6530 = DIRECTION('',(-0.,0.,-1.));
#6531 = DIRECTION('',(4.736951571734E-14,-1.,-0.));
#6532 = FACE_BOUND('',#6533,.T.);
#6533 = EDGE_LOOP('',(#6534,#6544,#6552,#6560));
#6534 = ORIENTED_EDGE('',*,*,#6535,.F.);
#6535 = EDGE_CURVE('',#6536,#6538,#6540,.T.);
#6536 = VERTEX_POINT('',#6537);
#6537 = CARTESIAN_POINT('',(149.708,-161.39136,1.5162));
#6538 = VERTEX_POINT('',#6539);
#6539 = CARTESIAN_POINT('',(153.108,-161.39136,1.5162));
#6540 = LINE('',#6541,#6542);
#6541 = CARTESIAN_POINT('',(149.708,-161.39136,1.5162));
#6542 = VECTOR('',#6543,1.);
#6543 = DIRECTION('',(1.,0.,0.));
#6544 = ORIENTED_EDGE('',*,*,#6545,.F.);
#6545 = EDGE_CURVE('',#6546,#6536,#6548,.T.);
#6546 = VERTEX_POINT('',#6547);
#6547 = CARTESIAN_POINT('',(149.708,-158.39136,1.5162));
#6548 = LINE('',#6549,#6550);
#6549 = CARTESIAN_POINT('',(149.708,-158.39136,1.5162));
#6550 = VECTOR('',#6551,1.);
#6551 = DIRECTION('',(0.,-1.,0.));
#6552 = ORIENTED_EDGE('',*,*,#6553,.F.);
#6553 = EDGE_CURVE('',#6554,#6546,#6556,.T.);
#6554 = VERTEX_POINT('',#6555);
#6555 = CARTESIAN_POINT('',(153.108,-158.39136,1.5162));
#6556 = LINE('',#6557,#6558);
#6557 = CARTESIAN_POINT('',(153.108,-158.39136,1.5162));
#6558 = VECTOR('',#6559,1.);
#6559 = DIRECTION('',(-1.,0.,0.));
#6560 = ORIENTED_EDGE('',*,*,#6561,.F.);
#6561 = EDGE_CURVE('',#6538,#6554,#6562,.T.);
#6562 = LINE('',#6563,#6564);
#6563 = CARTESIAN_POINT('',(153.108,-161.39136,1.5162));
#6564 = VECTOR('',#6565,1.);
#6565 = DIRECTION('',(0.,1.,0.));
#6566 = FACE_BOUND('',#6567,.T.);
#6567 = EDGE_LOOP('',(#6568));
#6568 = ORIENTED_EDGE('',*,*,#6569,.T.);
#6569 = EDGE_CURVE('',#6570,#6570,#6572,.T.);
#6570 = VERTEX_POINT('',#6571);
#6571 = CARTESIAN_POINT('',(194.4279,-169.86136,1.5162));
#6572 = CIRCLE('',#6573,1.5);
#6573 = AXIS2_PLACEMENT_3D('',#6574,#6575,#6576);
#6574 = CARTESIAN_POINT('',(194.4279,-168.36136,1.5162));
#6575 = DIRECTION('',(-0.,0.,-1.));
#6576 = DIRECTION('',(-0.,-1.,0.));
#6577 = FACE_BOUND('',#6578,.T.);
#6578 = EDGE_LOOP('',(#6579,#6589,#6597,#6605));
#6579 = ORIENTED_EDGE('',*,*,#6580,.F.);
#6580 = EDGE_CURVE('',#6581,#6583,#6585,.T.);
#6581 = VERTEX_POINT('',#6582);
#6582 = CARTESIAN_POINT('',(168.758,-161.39136,1.5162));
#6583 = VERTEX_POINT('',#6584);
#6584 = CARTESIAN_POINT('',(172.158,-161.39136,1.5162));
#6585 = LINE('',#6586,#6587);
#6586 = CARTESIAN_POINT('',(168.758,-161.39136,1.5162));
#6587 = VECTOR('',#6588,1.);
#6588 = DIRECTION('',(1.,0.,0.));
#6589 = ORIENTED_EDGE('',*,*,#6590,.F.);
#6590 = EDGE_CURVE('',#6591,#6581,#6593,.T.);
#6591 = VERTEX_POINT('',#6592);
#6592 = CARTESIAN_POINT('',(168.758,-158.39136,1.5162));
#6593 = LINE('',#6594,#6595);
#6594 = CARTESIAN_POINT('',(168.758,-158.39136,1.5162));
#6595 = VECTOR('',#6596,1.);
#6596 = DIRECTION('',(0.,-1.,0.));
#6597 = ORIENTED_EDGE('',*,*,#6598,.F.);
#6598 = EDGE_CURVE('',#6599,#6591,#6601,.T.);
#6599 = VERTEX_POINT('',#6600);
#6600 = CARTESIAN_POINT('',(172.158,-158.39136,1.5162));
#6601 = LINE('',#6602,#6603);
#6602 = CARTESIAN_POINT('',(172.158,-158.39136,1.5162));
#6603 = VECTOR('',#6604,1.);
#6604 = DIRECTION('',(-1.,0.,0.));
#6605 = ORIENTED_EDGE('',*,*,#6606,.F.);
#6606 = EDGE_CURVE('',#6583,#6599,#6607,.T.);
#6607 = LINE('',#6608,#6609);
#6608 = CARTESIAN_POINT('',(172.158,-161.39136,1.5162));
#6609 = VECTOR('',#6610,1.);
#6610 = DIRECTION('',(0.,1.,0.));
#6611 = FACE_BOUND('',#6612,.T.);
#6612 = EDGE_LOOP('',(#6613,#6623,#6631,#6639));
#6613 = ORIENTED_EDGE('',*,*,#6614,.F.);
#6614 = EDGE_CURVE('',#6615,#6617,#6619,.T.);
#6615 = VERTEX_POINT('',#6616);
#6616 = CARTESIAN_POINT('',(187.808,-161.39136,1.5162));
#6617 = VERTEX_POINT('',#6618);
#6618 = CARTESIAN_POINT('',(191.208,-161.39136,1.5162));
#6619 = LINE('',#6620,#6621);
#6620 = CARTESIAN_POINT('',(187.808,-161.39136,1.5162));
#6621 = VECTOR('',#6622,1.);
#6622 = DIRECTION('',(1.,0.,0.));
#6623 = ORIENTED_EDGE('',*,*,#6624,.F.);
#6624 = EDGE_CURVE('',#6625,#6615,#6627,.T.);
#6625 = VERTEX_POINT('',#6626);
#6626 = CARTESIAN_POINT('',(187.808,-158.39136,1.5162));
#6627 = LINE('',#6628,#6629);
#6628 = CARTESIAN_POINT('',(187.808,-158.39136,1.5162));
#6629 = VECTOR('',#6630,1.);
#6630 = DIRECTION('',(0.,-1.,0.));
#6631 = ORIENTED_EDGE('',*,*,#6632,.F.);
#6632 = EDGE_CURVE('',#6633,#6625,#6635,.T.);
#6633 = VERTEX_POINT('',#6634);
#6634 = CARTESIAN_POINT('',(191.208,-158.39136,1.5162));
#6635 = LINE('',#6636,#6637);
#6636 = CARTESIAN_POINT('',(191.208,-158.39136,1.5162));
#6637 = VECTOR('',#6638,1.);
#6638 = DIRECTION('',(-1.,0.,0.));
#6639 = ORIENTED_EDGE('',*,*,#6640,.F.);
#6640 = EDGE_CURVE('',#6617,#6633,#6641,.T.);
#6641 = LINE('',#6642,#6643);
#6642 = CARTESIAN_POINT('',(191.208,-161.39136,1.5162));
#6643 = VECTOR('',#6644,1.);
#6644 = DIRECTION('',(0.,1.,0.));
#6645 = FACE_BOUND('',#6646,.T.);
#6646 = EDGE_LOOP('',(#6647));
#6647 = ORIENTED_EDGE('',*,*,#6648,.T.);
#6648 = EDGE_CURVE('',#6649,#6649,#6651,.T.);
#6649 = VERTEX_POINT('',#6650);
#6650 = CARTESIAN_POINT('',(77.269,-155.24026,1.5162));
#6651 = CIRCLE('',#6652,0.8509);
#6652 = AXIS2_PLACEMENT_3D('',#6653,#6654,#6655);
#6653 = CARTESIAN_POINT('',(77.269,-154.38936,1.5162));
#6654 = DIRECTION('',(-0.,0.,-1.));
#6655 = DIRECTION('',(-0.,-1.,0.));
#6656 = FACE_BOUND('',#6657,.T.);
#6657 = EDGE_LOOP('',(#6658));
#6658 = ORIENTED_EDGE('',*,*,#6659,.T.);
#6659 = EDGE_CURVE('',#6660,#6660,#6662,.T.);
#6660 = VERTEX_POINT('',#6661);
#6661 = CARTESIAN_POINT('',(82.349,-156.38326,1.5162));
#6662 = CIRCLE('',#6663,1.9939);
#6663 = AXIS2_PLACEMENT_3D('',#6664,#6665,#6666);
#6664 = CARTESIAN_POINT('',(82.349,-154.38936,1.5162));
#6665 = DIRECTION('',(-0.,0.,-1.));
#6666 = DIRECTION('',(7.127165211496E-15,-1.,-0.));
#6667 = FACE_BOUND('',#6668,.T.);
#6668 = EDGE_LOOP('',(#6669));
#6669 = ORIENTED_EDGE('',*,*,#6670,.T.);
#6670 = EDGE_CURVE('',#6671,#6671,#6673,.T.);
#6671 = VERTEX_POINT('',#6672);
#6672 = CARTESIAN_POINT('',(87.429,-155.24026,1.5162));
#6673 = CIRCLE('',#6674,0.8509);
#6674 = AXIS2_PLACEMENT_3D('',#6675,#6676,#6677);
#6675 = CARTESIAN_POINT('',(87.429,-154.38936,1.5162));
#6676 = DIRECTION('',(-0.,0.,-1.));
#6677 = DIRECTION('',(-0.,-1.,0.));
#6678 = FACE_BOUND('',#6679,.T.);
#6679 = EDGE_LOOP('',(#6680));
#6680 = ORIENTED_EDGE('',*,*,#6681,.T.);
#6681 = EDGE_CURVE('',#6682,#6682,#6684,.T.);
#6682 = VERTEX_POINT('',#6683);
#6683 = CARTESIAN_POINT('',(78.539,-153.34936,1.5162));
#6684 = CIRCLE('',#6685,1.5);
#6685 = AXIS2_PLACEMENT_3D('',#6686,#6687,#6688);
#6686 = CARTESIAN_POINT('',(78.539,-151.84936,1.5162));
#6687 = DIRECTION('',(-0.,0.,-1.));
#6688 = DIRECTION('',(-0.,-1.,0.));
#6689 = FACE_BOUND('',#6690,.T.);
#6690 = EDGE_LOOP('',(#6691));
#6691 = ORIENTED_EDGE('',*,*,#6692,.T.);
#6692 = EDGE_CURVE('',#6693,#6693,#6695,.T.);
#6693 = VERTEX_POINT('',#6694);
#6694 = CARTESIAN_POINT('',(70.411,-148.92836,1.5162));
#6695 = CIRCLE('',#6696,1.524);
#6696 = AXIS2_PLACEMENT_3D('',#6697,#6698,#6699);
#6697 = CARTESIAN_POINT('',(70.411,-147.40436,1.5162));
#6698 = DIRECTION('',(-0.,0.,-1.));
#6699 = DIRECTION('',(-0.,-1.,0.));
#6700 = FACE_BOUND('',#6701,.T.);
#6701 = EDGE_LOOP('',(#6702));
#6702 = ORIENTED_EDGE('',*,*,#6703,.T.);
#6703 = EDGE_CURVE('',#6704,#6704,#6706,.T.);
#6704 = VERTEX_POINT('',#6705);
#6705 = CARTESIAN_POINT('',(84.889,-150.80936,1.5162));
#6706 = CIRCLE('',#6707,1.5);
#6707 = AXIS2_PLACEMENT_3D('',#6708,#6709,#6710);
#6708 = CARTESIAN_POINT('',(84.889,-149.30936,1.5162));
#6709 = DIRECTION('',(-0.,0.,-1.));
#6710 = DIRECTION('',(-0.,-1.,0.));
#6711 = FACE_BOUND('',#6712,.T.);
#6712 = EDGE_LOOP('',(#6713));
#6713 = ORIENTED_EDGE('',*,*,#6714,.T.);
#6714 = EDGE_CURVE('',#6715,#6715,#6717,.T.);
#6715 = VERTEX_POINT('',#6716);
#6716 = CARTESIAN_POINT('',(94.287,-148.92836,1.5162));
#6717 = CIRCLE('',#6718,1.524);
#6718 = AXIS2_PLACEMENT_3D('',#6719,#6720,#6721);
#6719 = CARTESIAN_POINT('',(94.287,-147.40436,1.5162));
#6720 = DIRECTION('',(-0.,0.,-1.));
#6721 = DIRECTION('',(-0.,-1.,0.));
#6722 = FACE_BOUND('',#6723,.T.);
#6723 = EDGE_LOOP('',(#6724));
#6724 = ORIENTED_EDGE('',*,*,#6725,.T.);
#6725 = EDGE_CURVE('',#6726,#6726,#6728,.T.);
#6726 = VERTEX_POINT('',#6727);
#6727 = CARTESIAN_POINT('',(100.32,-154.05,1.5162));
#6728 = CIRCLE('',#6729,1.1);
#6729 = AXIS2_PLACEMENT_3D('',#6730,#6731,#6732);
#6730 = CARTESIAN_POINT('',(100.32,-152.95,1.5162));
#6731 = DIRECTION('',(-0.,0.,-1.));
#6732 = DIRECTION('',(-0.,-1.,0.));
#6733 = FACE_BOUND('',#6734,.T.);
#6734 = EDGE_LOOP('',(#6735));
#6735 = ORIENTED_EDGE('',*,*,#6736,.T.);
#6736 = EDGE_CURVE('',#6737,#6737,#6739,.T.);
#6737 = VERTEX_POINT('',#6738);
#6738 = CARTESIAN_POINT('',(108.228,-155.24226,1.5162));
#6739 = CIRCLE('',#6740,0.8509);
#6740 = AXIS2_PLACEMENT_3D('',#6741,#6742,#6743);
#6741 = CARTESIAN_POINT('',(108.228,-154.39136,1.5162));
#6742 = DIRECTION('',(-0.,0.,-1.));
#6743 = DIRECTION('',(-1.670096922694E-14,-1.,0.));
#6744 = FACE_BOUND('',#6745,.T.);
#6745 = EDGE_LOOP('',(#6746));
#6746 = ORIENTED_EDGE('',*,*,#6747,.T.);
#6747 = EDGE_CURVE('',#6748,#6748,#6750,.T.);
#6748 = VERTEX_POINT('',#6749);
#6749 = CARTESIAN_POINT('',(113.308,-156.38526,1.5162));
#6750 = CIRCLE('',#6751,1.9939);
#6751 = AXIS2_PLACEMENT_3D('',#6752,#6753,#6754);
#6752 = CARTESIAN_POINT('',(113.308,-154.39136,1.5162));
#6753 = DIRECTION('',(-0.,0.,-1.));
#6754 = DIRECTION('',(7.127165211496E-15,-1.,-0.));
#6755 = FACE_BOUND('',#6756,.T.);
#6756 = EDGE_LOOP('',(#6757));
#6757 = ORIENTED_EDGE('',*,*,#6758,.T.);
#6758 = EDGE_CURVE('',#6759,#6759,#6761,.T.);
#6759 = VERTEX_POINT('',#6760);
#6760 = CARTESIAN_POINT('',(118.388,-155.24226,1.5162));
#6761 = CIRCLE('',#6762,0.8509);
#6762 = AXIS2_PLACEMENT_3D('',#6763,#6764,#6765);
#6763 = CARTESIAN_POINT('',(118.388,-154.39136,1.5162));
#6764 = DIRECTION('',(-0.,0.,-1.));
#6765 = DIRECTION('',(-0.,-1.,0.));
#6766 = FACE_BOUND('',#6767,.T.);
#6767 = EDGE_LOOP('',(#6768));
#6768 = ORIENTED_EDGE('',*,*,#6769,.T.);
#6769 = EDGE_CURVE('',#6770,#6770,#6772,.T.);
#6770 = VERTEX_POINT('',#6771);
#6771 = CARTESIAN_POINT('',(127.278,-155.24226,1.5162));
#6772 = CIRCLE('',#6773,0.8509);
#6773 = AXIS2_PLACEMENT_3D('',#6774,#6775,#6776);
#6774 = CARTESIAN_POINT('',(127.278,-154.39136,1.5162));
#6775 = DIRECTION('',(-0.,0.,-1.));
#6776 = DIRECTION('',(1.670096922694E-14,-1.,-0.));
#6777 = FACE_BOUND('',#6778,.T.);
#6778 = EDGE_LOOP('',(#6779));
#6779 = ORIENTED_EDGE('',*,*,#6780,.T.);
#6780 = EDGE_CURVE('',#6781,#6781,#6783,.T.);
#6781 = VERTEX_POINT('',#6782);
#6782 = CARTESIAN_POINT('',(132.358,-156.38526,1.5162));
#6783 = CIRCLE('',#6784,1.9939);
#6784 = AXIS2_PLACEMENT_3D('',#6785,#6786,#6787);
#6785 = CARTESIAN_POINT('',(132.358,-154.39136,1.5162));
#6786 = DIRECTION('',(-0.,0.,-1.));
#6787 = DIRECTION('',(-0.,-1.,0.));
#6788 = FACE_BOUND('',#6789,.T.);
#6789 = EDGE_LOOP('',(#6790));
#6790 = ORIENTED_EDGE('',*,*,#6791,.T.);
#6791 = EDGE_CURVE('',#6792,#6792,#6794,.T.);
#6792 = VERTEX_POINT('',#6793);
#6793 = CARTESIAN_POINT('',(109.498,-153.35136,1.5162));
#6794 = CIRCLE('',#6795,1.5);
#6795 = AXIS2_PLACEMENT_3D('',#6796,#6797,#6798);
#6796 = CARTESIAN_POINT('',(109.498,-151.85136,1.5162));
#6797 = DIRECTION('',(-0.,0.,-1.));
#6798 = DIRECTION('',(-0.,-1.,0.));
#6799 = FACE_BOUND('',#6800,.T.);
#6800 = EDGE_LOOP('',(#6801));
#6801 = ORIENTED_EDGE('',*,*,#6802,.T.);
#6802 = EDGE_CURVE('',#6803,#6803,#6805,.T.);
#6803 = VERTEX_POINT('',#6804);
#6804 = CARTESIAN_POINT('',(115.848,-150.81136,1.5162));
#6805 = CIRCLE('',#6806,1.5);
#6806 = AXIS2_PLACEMENT_3D('',#6807,#6808,#6809);
#6807 = CARTESIAN_POINT('',(115.848,-149.31136,1.5162));
#6808 = DIRECTION('',(-0.,0.,-1.));
#6809 = DIRECTION('',(-0.,-1.,0.));
#6810 = FACE_BOUND('',#6811,.T.);
#6811 = EDGE_LOOP('',(#6812));
#6812 = ORIENTED_EDGE('',*,*,#6813,.T.);
#6813 = EDGE_CURVE('',#6814,#6814,#6816,.T.);
#6814 = VERTEX_POINT('',#6815);
#6815 = CARTESIAN_POINT('',(128.548,-153.35136,1.5162));
#6816 = CIRCLE('',#6817,1.5);
#6817 = AXIS2_PLACEMENT_3D('',#6818,#6819,#6820);
#6818 = CARTESIAN_POINT('',(128.548,-151.85136,1.5162));
#6819 = DIRECTION('',(-0.,0.,-1.));
#6820 = DIRECTION('',(-0.,-1.,0.));
#6821 = FACE_BOUND('',#6822,.T.);
#6822 = EDGE_LOOP('',(#6823,#6833,#6841,#6849));
#6823 = ORIENTED_EDGE('',*,*,#6824,.F.);
#6824 = EDGE_CURVE('',#6825,#6827,#6829,.T.);
#6825 = VERTEX_POINT('',#6826);
#6826 = CARTESIAN_POINT('',(75.88925,-142.34136,1.5162));
#6827 = VERTEX_POINT('',#6828);
#6828 = CARTESIAN_POINT('',(79.28925,-142.34136,1.5162));
#6829 = LINE('',#6830,#6831);
#6830 = CARTESIAN_POINT('',(75.88925,-142.34136,1.5162));
#6831 = VECTOR('',#6832,1.);
#6832 = DIRECTION('',(1.,0.,0.));
#6833 = ORIENTED_EDGE('',*,*,#6834,.F.);
#6834 = EDGE_CURVE('',#6835,#6825,#6837,.T.);
#6835 = VERTEX_POINT('',#6836);
#6836 = CARTESIAN_POINT('',(75.88925,-139.34136,1.5162));
#6837 = LINE('',#6838,#6839);
#6838 = CARTESIAN_POINT('',(75.88925,-139.34136,1.5162));
#6839 = VECTOR('',#6840,1.);
#6840 = DIRECTION('',(0.,-1.,0.));
#6841 = ORIENTED_EDGE('',*,*,#6842,.F.);
#6842 = EDGE_CURVE('',#6843,#6835,#6845,.T.);
#6843 = VERTEX_POINT('',#6844);
#6844 = CARTESIAN_POINT('',(79.28925,-139.34136,1.5162));
#6845 = LINE('',#6846,#6847);
#6846 = CARTESIAN_POINT('',(79.28925,-139.34136,1.5162));
#6847 = VECTOR('',#6848,1.);
#6848 = DIRECTION('',(-1.,0.,0.));
#6849 = ORIENTED_EDGE('',*,*,#6850,.F.);
#6850 = EDGE_CURVE('',#6827,#6843,#6851,.T.);
#6851 = LINE('',#6852,#6853);
#6852 = CARTESIAN_POINT('',(79.28925,-142.34136,1.5162));
#6853 = VECTOR('',#6854,1.);
#6854 = DIRECTION('',(0.,1.,0.));
#6855 = FACE_BOUND('',#6856,.T.);
#6856 = EDGE_LOOP('',(#6857));
#6857 = ORIENTED_EDGE('',*,*,#6858,.T.);
#6858 = EDGE_CURVE('',#6859,#6859,#6861,.T.);
#6859 = VERTEX_POINT('',#6860);
#6860 = CARTESIAN_POINT('',(72.50925,-136.19226,1.5162));
#6861 = CIRCLE('',#6862,0.8509);
#6862 = AXIS2_PLACEMENT_3D('',#6863,#6864,#6865);
#6863 = CARTESIAN_POINT('',(72.50925,-135.34136,1.5162));
#6864 = DIRECTION('',(-0.,0.,-1.));
#6865 = DIRECTION('',(-1.670096922694E-14,-1.,0.));
#6866 = FACE_BOUND('',#6867,.T.);
#6867 = EDGE_LOOP('',(#6868));
#6868 = ORIENTED_EDGE('',*,*,#6869,.T.);
#6869 = EDGE_CURVE('',#6870,#6870,#6872,.T.);
#6870 = VERTEX_POINT('',#6871);
#6871 = CARTESIAN_POINT('',(82.66925,-136.19226,1.5162));
#6872 = CIRCLE('',#6873,0.8509);
#6873 = AXIS2_PLACEMENT_3D('',#6874,#6875,#6876);
#6874 = CARTESIAN_POINT('',(82.66925,-135.34136,1.5162));
#6875 = DIRECTION('',(-0.,0.,-1.));
#6876 = DIRECTION('',(-0.,-1.,0.));
#6877 = FACE_BOUND('',#6878,.T.);
#6878 = EDGE_LOOP('',(#6879));
#6879 = ORIENTED_EDGE('',*,*,#6880,.T.);
#6880 = EDGE_CURVE('',#6881,#6881,#6883,.T.);
#6881 = VERTEX_POINT('',#6882);
#6882 = CARTESIAN_POINT('',(98.703,-136.19226,1.5162));
#6883 = CIRCLE('',#6884,0.8509);
#6884 = AXIS2_PLACEMENT_3D('',#6885,#6886,#6887);
#6885 = CARTESIAN_POINT('',(98.703,-135.34136,1.5162));
#6886 = DIRECTION('',(-0.,0.,-1.));
#6887 = DIRECTION('',(-0.,-1.,0.));
#6888 = FACE_BOUND('',#6889,.T.);
#6889 = EDGE_LOOP('',(#6890,#6900,#6908,#6916));
#6890 = ORIENTED_EDGE('',*,*,#6891,.F.);
#6891 = EDGE_CURVE('',#6892,#6894,#6896,.T.);
#6892 = VERTEX_POINT('',#6893);
#6893 = CARTESIAN_POINT('',(102.083,-142.34136,1.5162));
#6894 = VERTEX_POINT('',#6895);
#6895 = CARTESIAN_POINT('',(105.483,-142.34136,1.5162));
#6896 = LINE('',#6897,#6898);
#6897 = CARTESIAN_POINT('',(102.083,-142.34136,1.5162));
#6898 = VECTOR('',#6899,1.);
#6899 = DIRECTION('',(1.,0.,0.));
#6900 = ORIENTED_EDGE('',*,*,#6901,.F.);
#6901 = EDGE_CURVE('',#6902,#6892,#6904,.T.);
#6902 = VERTEX_POINT('',#6903);
#6903 = CARTESIAN_POINT('',(102.083,-139.34136,1.5162));
#6904 = LINE('',#6905,#6906);
#6905 = CARTESIAN_POINT('',(102.083,-139.34136,1.5162));
#6906 = VECTOR('',#6907,1.);
#6907 = DIRECTION('',(0.,-1.,0.));
#6908 = ORIENTED_EDGE('',*,*,#6909,.F.);
#6909 = EDGE_CURVE('',#6910,#6902,#6912,.T.);
#6910 = VERTEX_POINT('',#6911);
#6911 = CARTESIAN_POINT('',(105.483,-139.34136,1.5162));
#6912 = LINE('',#6913,#6914);
#6913 = CARTESIAN_POINT('',(105.483,-139.34136,1.5162));
#6914 = VECTOR('',#6915,1.);
#6915 = DIRECTION('',(-1.,0.,0.));
#6916 = ORIENTED_EDGE('',*,*,#6917,.F.);
#6917 = EDGE_CURVE('',#6894,#6910,#6918,.T.);
#6918 = LINE('',#6919,#6920);
#6919 = CARTESIAN_POINT('',(105.483,-142.34136,1.5162));
#6920 = VECTOR('',#6921,1.);
#6921 = DIRECTION('',(0.,1.,0.));
#6922 = FACE_BOUND('',#6923,.T.);
#6923 = EDGE_LOOP('',(#6924));
#6924 = ORIENTED_EDGE('',*,*,#6925,.T.);
#6925 = EDGE_CURVE('',#6926,#6926,#6928,.T.);
#6926 = VERTEX_POINT('',#6927);
#6927 = CARTESIAN_POINT('',(103.783,-137.33526,1.5162));
#6928 = CIRCLE('',#6929,1.9939);
#6929 = AXIS2_PLACEMENT_3D('',#6930,#6931,#6932);
#6930 = CARTESIAN_POINT('',(103.783,-135.34136,1.5162));
#6931 = DIRECTION('',(-0.,0.,-1.));
#6932 = DIRECTION('',(-0.,-1.,0.));
#6933 = FACE_BOUND('',#6934,.T.);
#6934 = EDGE_LOOP('',(#6935));
#6935 = ORIENTED_EDGE('',*,*,#6936,.T.);
#6936 = EDGE_CURVE('',#6937,#6937,#6939,.T.);
#6937 = VERTEX_POINT('',#6938);
#6938 = CARTESIAN_POINT('',(108.863,-136.19226,1.5162));
#6939 = CIRCLE('',#6940,0.8509);
#6940 = AXIS2_PLACEMENT_3D('',#6941,#6942,#6943);
#6941 = CARTESIAN_POINT('',(108.863,-135.34136,1.5162));
#6942 = DIRECTION('',(-0.,0.,-1.));
#6943 = DIRECTION('',(-0.,-1.,0.));
#6944 = FACE_BOUND('',#6945,.T.);
#6945 = EDGE_LOOP('',(#6946,#6956,#6964,#6972));
#6946 = ORIENTED_EDGE('',*,*,#6947,.F.);
#6947 = EDGE_CURVE('',#6948,#6950,#6952,.T.);
#6948 = VERTEX_POINT('',#6949);
#6949 = CARTESIAN_POINT('',(121.133,-142.34136,1.5162));
#6950 = VERTEX_POINT('',#6951);
#6951 = CARTESIAN_POINT('',(124.533,-142.34136,1.5162));
#6952 = LINE('',#6953,#6954);
#6953 = CARTESIAN_POINT('',(121.133,-142.34136,1.5162));
#6954 = VECTOR('',#6955,1.);
#6955 = DIRECTION('',(1.,0.,0.));
#6956 = ORIENTED_EDGE('',*,*,#6957,.F.);
#6957 = EDGE_CURVE('',#6958,#6948,#6960,.T.);
#6958 = VERTEX_POINT('',#6959);
#6959 = CARTESIAN_POINT('',(121.133,-139.34136,1.5162));
#6960 = LINE('',#6961,#6962);
#6961 = CARTESIAN_POINT('',(121.133,-139.34136,1.5162));
#6962 = VECTOR('',#6963,1.);
#6963 = DIRECTION('',(0.,-1.,0.));
#6964 = ORIENTED_EDGE('',*,*,#6965,.F.);
#6965 = EDGE_CURVE('',#6966,#6958,#6968,.T.);
#6966 = VERTEX_POINT('',#6967);
#6967 = CARTESIAN_POINT('',(124.533,-139.34136,1.5162));
#6968 = LINE('',#6969,#6970);
#6969 = CARTESIAN_POINT('',(124.533,-139.34136,1.5162));
#6970 = VECTOR('',#6971,1.);
#6971 = DIRECTION('',(-1.,0.,0.));
#6972 = ORIENTED_EDGE('',*,*,#6973,.F.);
#6973 = EDGE_CURVE('',#6950,#6966,#6974,.T.);
#6974 = LINE('',#6975,#6976);
#6975 = CARTESIAN_POINT('',(124.533,-142.34136,1.5162));
#6976 = VECTOR('',#6977,1.);
#6977 = DIRECTION('',(0.,1.,0.));
#6978 = FACE_BOUND('',#6979,.T.);
#6979 = EDGE_LOOP('',(#6980));
#6980 = ORIENTED_EDGE('',*,*,#6981,.T.);
#6981 = EDGE_CURVE('',#6982,#6982,#6984,.T.);
#6982 = VERTEX_POINT('',#6983);
#6983 = CARTESIAN_POINT('',(117.753,-136.19226,1.5162));
#6984 = CIRCLE('',#6985,0.8509);
#6985 = AXIS2_PLACEMENT_3D('',#6986,#6987,#6988);
#6986 = CARTESIAN_POINT('',(117.753,-135.34136,1.5162));
#6987 = DIRECTION('',(-0.,0.,-1.));
#6988 = DIRECTION('',(-0.,-1.,0.));
#6989 = FACE_BOUND('',#6990,.T.);
#6990 = EDGE_LOOP('',(#6991));
#6991 = ORIENTED_EDGE('',*,*,#6992,.T.);
#6992 = EDGE_CURVE('',#6993,#6993,#6995,.T.);
#6993 = VERTEX_POINT('',#6994);
#6994 = CARTESIAN_POINT('',(122.833,-137.33526,1.5162));
#6995 = CIRCLE('',#6996,1.9939);
#6996 = AXIS2_PLACEMENT_3D('',#6997,#6998,#6999);
#6997 = CARTESIAN_POINT('',(122.833,-135.34136,1.5162));
#6998 = DIRECTION('',(-0.,0.,-1.));
#6999 = DIRECTION('',(-0.,-1.,0.));
#7000 = FACE_BOUND('',#7001,.T.);
#7001 = EDGE_LOOP('',(#7002));
#7002 = ORIENTED_EDGE('',*,*,#7003,.T.);
#7003 = EDGE_CURVE('',#7004,#7004,#7006,.T.);
#7004 = VERTEX_POINT('',#7005);
#7005 = CARTESIAN_POINT('',(127.913,-136.19226,1.5162));
#7006 = CIRCLE('',#7007,0.8509);
#7007 = AXIS2_PLACEMENT_3D('',#7008,#7009,#7010);
#7008 = CARTESIAN_POINT('',(127.913,-135.34136,1.5162));
#7009 = DIRECTION('',(-0.,0.,-1.));
#7010 = DIRECTION('',(-1.670096922694E-14,-1.,0.));
#7011 = FACE_BOUND('',#7012,.T.);
#7012 = EDGE_LOOP('',(#7013));
#7013 = ORIENTED_EDGE('',*,*,#7014,.T.);
#7014 = EDGE_CURVE('',#7015,#7015,#7017,.T.);
#7015 = VERTEX_POINT('',#7016);
#7016 = CARTESIAN_POINT('',(137.438,-155.24226,1.5162));
#7017 = CIRCLE('',#7018,0.8509);
#7018 = AXIS2_PLACEMENT_3D('',#7019,#7020,#7021);
#7019 = CARTESIAN_POINT('',(137.438,-154.39136,1.5162));
#7020 = DIRECTION('',(-0.,0.,-1.));
#7021 = DIRECTION('',(-0.,-1.,0.));
#7022 = FACE_BOUND('',#7023,.T.);
#7023 = EDGE_LOOP('',(#7024));
#7024 = ORIENTED_EDGE('',*,*,#7025,.T.);
#7025 = EDGE_CURVE('',#7026,#7026,#7028,.T.);
#7026 = VERTEX_POINT('',#7027);
#7027 = CARTESIAN_POINT('',(146.328,-155.24226,1.5162));
#7028 = CIRCLE('',#7029,0.8509);
#7029 = AXIS2_PLACEMENT_3D('',#7030,#7031,#7032);
#7030 = CARTESIAN_POINT('',(146.328,-154.39136,1.5162));
#7031 = DIRECTION('',(-0.,0.,-1.));
#7032 = DIRECTION('',(-0.,-1.,0.));
#7033 = FACE_BOUND('',#7034,.T.);
#7034 = EDGE_LOOP('',(#7035));
#7035 = ORIENTED_EDGE('',*,*,#7036,.T.);
#7036 = EDGE_CURVE('',#7037,#7037,#7039,.T.);
#7037 = VERTEX_POINT('',#7038);
#7038 = CARTESIAN_POINT('',(151.408,-156.38526,1.5162));
#7039 = CIRCLE('',#7040,1.9939);
#7040 = AXIS2_PLACEMENT_3D('',#7041,#7042,#7043);
#7041 = CARTESIAN_POINT('',(151.408,-154.39136,1.5162));
#7042 = DIRECTION('',(-0.,0.,-1.));
#7043 = DIRECTION('',(-1.425433042299E-14,-1.,0.));
#7044 = FACE_BOUND('',#7045,.T.);
#7045 = EDGE_LOOP('',(#7046));
#7046 = ORIENTED_EDGE('',*,*,#7047,.T.);
#7047 = EDGE_CURVE('',#7048,#7048,#7050,.T.);
#7048 = VERTEX_POINT('',#7049);
#7049 = CARTESIAN_POINT('',(156.488,-155.24226,1.5162));
#7050 = CIRCLE('',#7051,0.8509);
#7051 = AXIS2_PLACEMENT_3D('',#7052,#7053,#7054);
#7052 = CARTESIAN_POINT('',(156.488,-154.39136,1.5162));
#7053 = DIRECTION('',(-0.,0.,-1.));
#7054 = DIRECTION('',(-0.,-1.,0.));
#7055 = FACE_BOUND('',#7056,.T.);
#7056 = EDGE_LOOP('',(#7057));
#7057 = ORIENTED_EDGE('',*,*,#7058,.T.);
#7058 = EDGE_CURVE('',#7059,#7059,#7061,.T.);
#7059 = VERTEX_POINT('',#7060);
#7060 = CARTESIAN_POINT('',(165.378,-155.24226,1.5162));
#7061 = CIRCLE('',#7062,0.8509);
#7062 = AXIS2_PLACEMENT_3D('',#7063,#7064,#7065);
#7063 = CARTESIAN_POINT('',(165.378,-154.39136,1.5162));
#7064 = DIRECTION('',(-0.,0.,-1.));
#7065 = DIRECTION('',(-0.,-1.,0.));
#7066 = FACE_BOUND('',#7067,.T.);
#7067 = EDGE_LOOP('',(#7068));
#7068 = ORIENTED_EDGE('',*,*,#7069,.T.);
#7069 = EDGE_CURVE('',#7070,#7070,#7072,.T.);
#7070 = VERTEX_POINT('',#7071);
#7071 = CARTESIAN_POINT('',(147.598,-153.35136,1.5162));
#7072 = CIRCLE('',#7073,1.5);
#7073 = AXIS2_PLACEMENT_3D('',#7074,#7075,#7076);
#7074 = CARTESIAN_POINT('',(147.598,-151.85136,1.5162));
#7075 = DIRECTION('',(-0.,0.,-1.));
#7076 = DIRECTION('',(-0.,-1.,0.));
#7077 = FACE_BOUND('',#7078,.T.);
#7078 = EDGE_LOOP('',(#7079));
#7079 = ORIENTED_EDGE('',*,*,#7080,.T.);
#7080 = EDGE_CURVE('',#7081,#7081,#7083,.T.);
#7081 = VERTEX_POINT('',#7082);
#7082 = CARTESIAN_POINT('',(134.898,-150.81136,1.5162));
#7083 = CIRCLE('',#7084,1.5);
#7084 = AXIS2_PLACEMENT_3D('',#7085,#7086,#7087);
#7085 = CARTESIAN_POINT('',(134.898,-149.31136,1.5162));
#7086 = DIRECTION('',(-0.,0.,-1.));
#7087 = DIRECTION('',(-0.,-1.,0.));
#7088 = FACE_BOUND('',#7089,.T.);
#7089 = EDGE_LOOP('',(#7090));
#7090 = ORIENTED_EDGE('',*,*,#7091,.T.);
#7091 = EDGE_CURVE('',#7092,#7092,#7094,.T.);
#7092 = VERTEX_POINT('',#7093);
#7093 = CARTESIAN_POINT('',(166.648,-153.35136,1.5162));
#7094 = CIRCLE('',#7095,1.5);
#7095 = AXIS2_PLACEMENT_3D('',#7096,#7097,#7098);
#7096 = CARTESIAN_POINT('',(166.648,-151.85136,1.5162));
#7097 = DIRECTION('',(-0.,0.,-1.));
#7098 = DIRECTION('',(-0.,-1.,0.));
#7099 = FACE_BOUND('',#7100,.T.);
#7100 = EDGE_LOOP('',(#7101));
#7101 = ORIENTED_EDGE('',*,*,#7102,.T.);
#7102 = EDGE_CURVE('',#7103,#7103,#7105,.T.);
#7103 = VERTEX_POINT('',#7104);
#7104 = CARTESIAN_POINT('',(153.948,-150.81136,1.5162));
#7105 = CIRCLE('',#7106,1.5);
#7106 = AXIS2_PLACEMENT_3D('',#7107,#7108,#7109);
#7107 = CARTESIAN_POINT('',(153.948,-149.31136,1.5162));
#7108 = DIRECTION('',(-0.,0.,-1.));
#7109 = DIRECTION('',(-0.,-1.,0.));
#7110 = FACE_BOUND('',#7111,.T.);
#7111 = EDGE_LOOP('',(#7112));
#7112 = ORIENTED_EDGE('',*,*,#7113,.T.);
#7113 = EDGE_CURVE('',#7114,#7114,#7116,.T.);
#7114 = VERTEX_POINT('',#7115);
#7115 = CARTESIAN_POINT('',(170.458,-156.38526,1.5162));
#7116 = CIRCLE('',#7117,1.9939);
#7117 = AXIS2_PLACEMENT_3D('',#7118,#7119,#7120);
#7118 = CARTESIAN_POINT('',(170.458,-154.39136,1.5162));
#7119 = DIRECTION('',(-0.,0.,-1.));
#7120 = DIRECTION('',(-0.,-1.,0.));
#7121 = FACE_BOUND('',#7122,.T.);
#7122 = EDGE_LOOP('',(#7123));
#7123 = ORIENTED_EDGE('',*,*,#7124,.T.);
#7124 = EDGE_CURVE('',#7125,#7125,#7127,.T.);
#7125 = VERTEX_POINT('',#7126);
#7126 = CARTESIAN_POINT('',(175.538,-155.24226,1.5162));
#7127 = CIRCLE('',#7128,0.8509);
#7128 = AXIS2_PLACEMENT_3D('',#7129,#7130,#7131);
#7129 = CARTESIAN_POINT('',(175.538,-154.39136,1.5162));
#7130 = DIRECTION('',(-0.,0.,-1.));
#7131 = DIRECTION('',(-0.,-1.,0.));
#7132 = FACE_BOUND('',#7133,.T.);
#7133 = EDGE_LOOP('',(#7134));
#7134 = ORIENTED_EDGE('',*,*,#7135,.T.);
#7135 = EDGE_CURVE('',#7136,#7136,#7138,.T.);
#7136 = VERTEX_POINT('',#7137);
#7137 = CARTESIAN_POINT('',(184.428,-155.24226,1.5162));
#7138 = CIRCLE('',#7139,0.8509);
#7139 = AXIS2_PLACEMENT_3D('',#7140,#7141,#7142);
#7140 = CARTESIAN_POINT('',(184.428,-154.39136,1.5162));
#7141 = DIRECTION('',(-0.,0.,-1.));
#7142 = DIRECTION('',(-0.,-1.,0.));
#7143 = FACE_BOUND('',#7144,.T.);
#7144 = EDGE_LOOP('',(#7145));
#7145 = ORIENTED_EDGE('',*,*,#7146,.T.);
#7146 = EDGE_CURVE('',#7147,#7147,#7149,.T.);
#7147 = VERTEX_POINT('',#7148);
#7148 = CARTESIAN_POINT('',(189.508,-156.38526,1.5162));
#7149 = CIRCLE('',#7150,1.9939);
#7150 = AXIS2_PLACEMENT_3D('',#7151,#7152,#7153);
#7151 = CARTESIAN_POINT('',(189.508,-154.39136,1.5162));
#7152 = DIRECTION('',(-0.,0.,-1.));
#7153 = DIRECTION('',(-0.,-1.,0.));
#7154 = FACE_BOUND('',#7155,.T.);
#7155 = EDGE_LOOP('',(#7156));
#7156 = ORIENTED_EDGE('',*,*,#7157,.T.);
#7157 = EDGE_CURVE('',#7158,#7158,#7160,.T.);
#7158 = VERTEX_POINT('',#7159);
#7159 = CARTESIAN_POINT('',(194.588,-155.24226,1.5162));
#7160 = CIRCLE('',#7161,0.8509);
#7161 = AXIS2_PLACEMENT_3D('',#7162,#7163,#7164);
#7162 = CARTESIAN_POINT('',(194.588,-154.39136,1.5162));
#7163 = DIRECTION('',(-0.,0.,-1.));
#7164 = DIRECTION('',(-0.,-1.,0.));
#7165 = FACE_BOUND('',#7166,.T.);
#7166 = EDGE_LOOP('',(#7167));
#7167 = ORIENTED_EDGE('',*,*,#7168,.T.);
#7168 = EDGE_CURVE('',#7169,#7169,#7171,.T.);
#7169 = VERTEX_POINT('',#7170);
#7170 = CARTESIAN_POINT('',(185.698,-153.35136,1.5162));
#7171 = CIRCLE('',#7172,1.5);
#7172 = AXIS2_PLACEMENT_3D('',#7173,#7174,#7175);
#7173 = CARTESIAN_POINT('',(185.698,-151.85136,1.5162));
#7174 = DIRECTION('',(-0.,0.,-1.));
#7175 = DIRECTION('',(-0.,-1.,0.));
#7176 = FACE_BOUND('',#7177,.T.);
#7177 = EDGE_LOOP('',(#7178));
#7178 = ORIENTED_EDGE('',*,*,#7179,.T.);
#7179 = EDGE_CURVE('',#7180,#7180,#7182,.T.);
#7180 = VERTEX_POINT('',#7181);
#7181 = CARTESIAN_POINT('',(172.998,-150.81136,1.5162));
#7182 = CIRCLE('',#7183,1.5);
#7183 = AXIS2_PLACEMENT_3D('',#7184,#7185,#7186);
#7184 = CARTESIAN_POINT('',(172.998,-149.31136,1.5162));
#7185 = DIRECTION('',(-0.,0.,-1.));
#7186 = DIRECTION('',(-0.,-1.,0.));
#7187 = FACE_BOUND('',#7188,.T.);
#7188 = EDGE_LOOP('',(#7189));
#7189 = ORIENTED_EDGE('',*,*,#7190,.T.);
#7190 = EDGE_CURVE('',#7191,#7191,#7193,.T.);
#7191 = VERTEX_POINT('',#7192);
#7192 = CARTESIAN_POINT('',(192.048,-150.81136,1.5162));
#7193 = CIRCLE('',#7194,1.5);
#7194 = AXIS2_PLACEMENT_3D('',#7195,#7196,#7197);
#7195 = CARTESIAN_POINT('',(192.048,-149.31136,1.5162));
#7196 = DIRECTION('',(-0.,0.,-1.));
#7197 = DIRECTION('',(-0.,-1.,0.));
#7198 = FACE_BOUND('',#7199,.T.);
#7199 = EDGE_LOOP('',(#7200,#7210,#7218,#7226));
#7200 = ORIENTED_EDGE('',*,*,#7201,.F.);
#7201 = EDGE_CURVE('',#7202,#7204,#7206,.T.);
#7202 = VERTEX_POINT('',#7203);
#7203 = CARTESIAN_POINT('',(140.183,-142.34136,1.5162));
#7204 = VERTEX_POINT('',#7205);
#7205 = CARTESIAN_POINT('',(143.583,-142.34136,1.5162));
#7206 = LINE('',#7207,#7208);
#7207 = CARTESIAN_POINT('',(140.183,-142.34136,1.5162));
#7208 = VECTOR('',#7209,1.);
#7209 = DIRECTION('',(1.,0.,0.));
#7210 = ORIENTED_EDGE('',*,*,#7211,.F.);
#7211 = EDGE_CURVE('',#7212,#7202,#7214,.T.);
#7212 = VERTEX_POINT('',#7213);
#7213 = CARTESIAN_POINT('',(140.183,-139.34136,1.5162));
#7214 = LINE('',#7215,#7216);
#7215 = CARTESIAN_POINT('',(140.183,-139.34136,1.5162));
#7216 = VECTOR('',#7217,1.);
#7217 = DIRECTION('',(0.,-1.,0.));
#7218 = ORIENTED_EDGE('',*,*,#7219,.F.);
#7219 = EDGE_CURVE('',#7220,#7212,#7222,.T.);
#7220 = VERTEX_POINT('',#7221);
#7221 = CARTESIAN_POINT('',(143.583,-139.34136,1.5162));
#7222 = LINE('',#7223,#7224);
#7223 = CARTESIAN_POINT('',(143.583,-139.34136,1.5162));
#7224 = VECTOR('',#7225,1.);
#7225 = DIRECTION('',(-1.,0.,0.));
#7226 = ORIENTED_EDGE('',*,*,#7227,.F.);
#7227 = EDGE_CURVE('',#7204,#7220,#7228,.T.);
#7228 = LINE('',#7229,#7230);
#7229 = CARTESIAN_POINT('',(143.583,-142.34136,1.5162));
#7230 = VECTOR('',#7231,1.);
#7231 = DIRECTION('',(0.,1.,0.));
#7232 = FACE_BOUND('',#7233,.T.);
#7233 = EDGE_LOOP('',(#7234));
#7234 = ORIENTED_EDGE('',*,*,#7235,.T.);
#7235 = EDGE_CURVE('',#7236,#7236,#7238,.T.);
#7236 = VERTEX_POINT('',#7237);
#7237 = CARTESIAN_POINT('',(136.803,-136.19226,1.5162));
#7238 = CIRCLE('',#7239,0.8509);
#7239 = AXIS2_PLACEMENT_3D('',#7240,#7241,#7242);
#7240 = CARTESIAN_POINT('',(136.803,-135.34136,1.5162));
#7241 = DIRECTION('',(-0.,0.,-1.));
#7242 = DIRECTION('',(-0.,-1.,0.));
#7243 = FACE_BOUND('',#7244,.T.);
#7244 = EDGE_LOOP('',(#7245));
#7245 = ORIENTED_EDGE('',*,*,#7246,.T.);
#7246 = EDGE_CURVE('',#7247,#7247,#7249,.T.);
#7247 = VERTEX_POINT('',#7248);
#7248 = CARTESIAN_POINT('',(141.883,-137.33526,1.5162));
#7249 = CIRCLE('',#7250,1.9939);
#7250 = AXIS2_PLACEMENT_3D('',#7251,#7252,#7253);
#7251 = CARTESIAN_POINT('',(141.883,-135.34136,1.5162));
#7252 = DIRECTION('',(-0.,0.,-1.));
#7253 = DIRECTION('',(-0.,-1.,0.));
#7254 = FACE_BOUND('',#7255,.T.);
#7255 = EDGE_LOOP('',(#7256));
#7256 = ORIENTED_EDGE('',*,*,#7257,.T.);
#7257 = EDGE_CURVE('',#7258,#7258,#7260,.T.);
#7258 = VERTEX_POINT('',#7259);
#7259 = CARTESIAN_POINT('',(146.963,-136.19226,1.5162));
#7260 = CIRCLE('',#7261,0.8509);
#7261 = AXIS2_PLACEMENT_3D('',#7262,#7263,#7264);
#7262 = CARTESIAN_POINT('',(146.963,-135.34136,1.5162));
#7263 = DIRECTION('',(-0.,0.,-1.));
#7264 = DIRECTION('',(-0.,-1.,0.));
#7265 = FACE_BOUND('',#7266,.T.);
#7266 = EDGE_LOOP('',(#7267,#7277,#7285,#7293));
#7267 = ORIENTED_EDGE('',*,*,#7268,.F.);
#7268 = EDGE_CURVE('',#7269,#7271,#7273,.T.);
#7269 = VERTEX_POINT('',#7270);
#7270 = CARTESIAN_POINT('',(159.233,-142.34136,1.5162));
#7271 = VERTEX_POINT('',#7272);
#7272 = CARTESIAN_POINT('',(162.633,-142.34136,1.5162));
#7273 = LINE('',#7274,#7275);
#7274 = CARTESIAN_POINT('',(159.233,-142.34136,1.5162));
#7275 = VECTOR('',#7276,1.);
#7276 = DIRECTION('',(1.,0.,0.));
#7277 = ORIENTED_EDGE('',*,*,#7278,.F.);
#7278 = EDGE_CURVE('',#7279,#7269,#7281,.T.);
#7279 = VERTEX_POINT('',#7280);
#7280 = CARTESIAN_POINT('',(159.233,-139.34136,1.5162));
#7281 = LINE('',#7282,#7283);
#7282 = CARTESIAN_POINT('',(159.233,-139.34136,1.5162));
#7283 = VECTOR('',#7284,1.);
#7284 = DIRECTION('',(0.,-1.,0.));
#7285 = ORIENTED_EDGE('',*,*,#7286,.F.);
#7286 = EDGE_CURVE('',#7287,#7279,#7289,.T.);
#7287 = VERTEX_POINT('',#7288);
#7288 = CARTESIAN_POINT('',(162.633,-139.34136,1.5162));
#7289 = LINE('',#7290,#7291);
#7290 = CARTESIAN_POINT('',(162.633,-139.34136,1.5162));
#7291 = VECTOR('',#7292,1.);
#7292 = DIRECTION('',(-1.,0.,0.));
#7293 = ORIENTED_EDGE('',*,*,#7294,.F.);
#7294 = EDGE_CURVE('',#7271,#7287,#7295,.T.);
#7295 = LINE('',#7296,#7297);
#7296 = CARTESIAN_POINT('',(162.633,-142.34136,1.5162));
#7297 = VECTOR('',#7298,1.);
#7298 = DIRECTION('',(0.,1.,0.));
#7299 = FACE_BOUND('',#7300,.T.);
#7300 = EDGE_LOOP('',(#7301));
#7301 = ORIENTED_EDGE('',*,*,#7302,.T.);
#7302 = EDGE_CURVE('',#7303,#7303,#7305,.T.);
#7303 = VERTEX_POINT('',#7304);
#7304 = CARTESIAN_POINT('',(155.853,-136.19226,1.5162));
#7305 = CIRCLE('',#7306,0.8509);
#7306 = AXIS2_PLACEMENT_3D('',#7307,#7308,#7309);
#7307 = CARTESIAN_POINT('',(155.853,-135.34136,1.5162));
#7308 = DIRECTION('',(-0.,0.,-1.));
#7309 = DIRECTION('',(-0.,-1.,0.));
#7310 = FACE_BOUND('',#7311,.T.);
#7311 = EDGE_LOOP('',(#7312));
#7312 = ORIENTED_EDGE('',*,*,#7313,.T.);
#7313 = EDGE_CURVE('',#7314,#7314,#7316,.T.);
#7314 = VERTEX_POINT('',#7315);
#7315 = CARTESIAN_POINT('',(160.933,-137.33526,1.5162));
#7316 = CIRCLE('',#7317,1.9939);
#7317 = AXIS2_PLACEMENT_3D('',#7318,#7319,#7320);
#7318 = CARTESIAN_POINT('',(160.933,-135.34136,1.5162));
#7319 = DIRECTION('',(-0.,0.,-1.));
#7320 = DIRECTION('',(-0.,-1.,0.));
#7321 = FACE_BOUND('',#7322,.T.);
#7322 = EDGE_LOOP('',(#7323));
#7323 = ORIENTED_EDGE('',*,*,#7324,.T.);
#7324 = EDGE_CURVE('',#7325,#7325,#7327,.T.);
#7325 = VERTEX_POINT('',#7326);
#7326 = CARTESIAN_POINT('',(166.013,-136.19226,1.5162));
#7327 = CIRCLE('',#7328,0.8509);
#7328 = AXIS2_PLACEMENT_3D('',#7329,#7330,#7331);
#7329 = CARTESIAN_POINT('',(166.013,-135.34136,1.5162));
#7330 = DIRECTION('',(-0.,0.,-1.));
#7331 = DIRECTION('',(-0.,-1.,0.));
#7332 = FACE_BOUND('',#7333,.T.);
#7333 = EDGE_LOOP('',(#7334,#7344,#7352,#7360));
#7334 = ORIENTED_EDGE('',*,*,#7335,.F.);
#7335 = EDGE_CURVE('',#7336,#7338,#7340,.T.);
#7336 = VERTEX_POINT('',#7337);
#7337 = CARTESIAN_POINT('',(178.283,-142.34136,1.5162));
#7338 = VERTEX_POINT('',#7339);
#7339 = CARTESIAN_POINT('',(181.683,-142.34136,1.5162));
#7340 = LINE('',#7341,#7342);
#7341 = CARTESIAN_POINT('',(178.283,-142.34136,1.5162));
#7342 = VECTOR('',#7343,1.);
#7343 = DIRECTION('',(1.,0.,0.));
#7344 = ORIENTED_EDGE('',*,*,#7345,.F.);
#7345 = EDGE_CURVE('',#7346,#7336,#7348,.T.);
#7346 = VERTEX_POINT('',#7347);
#7347 = CARTESIAN_POINT('',(178.283,-139.34136,1.5162));
#7348 = LINE('',#7349,#7350);
#7349 = CARTESIAN_POINT('',(178.283,-139.34136,1.5162));
#7350 = VECTOR('',#7351,1.);
#7351 = DIRECTION('',(0.,-1.,0.));
#7352 = ORIENTED_EDGE('',*,*,#7353,.F.);
#7353 = EDGE_CURVE('',#7354,#7346,#7356,.T.);
#7354 = VERTEX_POINT('',#7355);
#7355 = CARTESIAN_POINT('',(181.683,-139.34136,1.5162));
#7356 = LINE('',#7357,#7358);
#7357 = CARTESIAN_POINT('',(181.683,-139.34136,1.5162));
#7358 = VECTOR('',#7359,1.);
#7359 = DIRECTION('',(-1.,0.,0.));
#7360 = ORIENTED_EDGE('',*,*,#7361,.F.);
#7361 = EDGE_CURVE('',#7338,#7354,#7362,.T.);
#7362 = LINE('',#7363,#7364);
#7363 = CARTESIAN_POINT('',(181.683,-142.34136,1.5162));
#7364 = VECTOR('',#7365,1.);
#7365 = DIRECTION('',(0.,1.,0.));
#7366 = FACE_BOUND('',#7367,.T.);
#7367 = EDGE_LOOP('',(#7368));
#7368 = ORIENTED_EDGE('',*,*,#7369,.T.);
#7369 = EDGE_CURVE('',#7370,#7370,#7372,.T.);
#7370 = VERTEX_POINT('',#7371);
#7371 = CARTESIAN_POINT('',(174.903,-136.19226,1.5162));
#7372 = CIRCLE('',#7373,0.8509);
#7373 = AXIS2_PLACEMENT_3D('',#7374,#7375,#7376);
#7374 = CARTESIAN_POINT('',(174.903,-135.34136,1.5162));
#7375 = DIRECTION('',(-0.,0.,-1.));
#7376 = DIRECTION('',(-0.,-1.,0.));
#7377 = FACE_BOUND('',#7378,.T.);
#7378 = EDGE_LOOP('',(#7379));
#7379 = ORIENTED_EDGE('',*,*,#7380,.T.);
#7380 = EDGE_CURVE('',#7381,#7381,#7383,.T.);
#7381 = VERTEX_POINT('',#7382);
#7382 = CARTESIAN_POINT('',(179.983,-137.33526,1.5162));
#7383 = CIRCLE('',#7384,1.9939);
#7384 = AXIS2_PLACEMENT_3D('',#7385,#7386,#7387);
#7385 = CARTESIAN_POINT('',(179.983,-135.34136,1.5162));
#7386 = DIRECTION('',(-0.,0.,-1.));
#7387 = DIRECTION('',(-0.,-1.,0.));
#7388 = FACE_BOUND('',#7389,.T.);
#7389 = EDGE_LOOP('',(#7390,#7400,#7408,#7416));
#7390 = ORIENTED_EDGE('',*,*,#7391,.F.);
#7391 = EDGE_CURVE('',#7392,#7394,#7396,.T.);
#7392 = VERTEX_POINT('',#7393);
#7393 = CARTESIAN_POINT('',(197.333,-142.34136,1.5162));
#7394 = VERTEX_POINT('',#7395);
#7395 = CARTESIAN_POINT('',(200.733,-142.34136,1.5162));
#7396 = LINE('',#7397,#7398);
#7397 = CARTESIAN_POINT('',(197.333,-142.34136,1.5162));
#7398 = VECTOR('',#7399,1.);
#7399 = DIRECTION('',(1.,0.,0.));
#7400 = ORIENTED_EDGE('',*,*,#7401,.F.);
#7401 = EDGE_CURVE('',#7402,#7392,#7404,.T.);
#7402 = VERTEX_POINT('',#7403);
#7403 = CARTESIAN_POINT('',(197.333,-139.34136,1.5162));
#7404 = LINE('',#7405,#7406);
#7405 = CARTESIAN_POINT('',(197.333,-139.34136,1.5162));
#7406 = VECTOR('',#7407,1.);
#7407 = DIRECTION('',(0.,-1.,0.));
#7408 = ORIENTED_EDGE('',*,*,#7409,.F.);
#7409 = EDGE_CURVE('',#7410,#7402,#7412,.T.);
#7410 = VERTEX_POINT('',#7411);
#7411 = CARTESIAN_POINT('',(200.733,-139.34136,1.5162));
#7412 = LINE('',#7413,#7414);
#7413 = CARTESIAN_POINT('',(200.733,-139.34136,1.5162));
#7414 = VECTOR('',#7415,1.);
#7415 = DIRECTION('',(-1.,0.,0.));
#7416 = ORIENTED_EDGE('',*,*,#7417,.F.);
#7417 = EDGE_CURVE('',#7394,#7410,#7418,.T.);
#7418 = LINE('',#7419,#7420);
#7419 = CARTESIAN_POINT('',(200.733,-142.34136,1.5162));
#7420 = VECTOR('',#7421,1.);
#7421 = DIRECTION('',(0.,1.,0.));
#7422 = FACE_BOUND('',#7423,.T.);
#7423 = EDGE_LOOP('',(#7424));
#7424 = ORIENTED_EDGE('',*,*,#7425,.T.);
#7425 = EDGE_CURVE('',#7426,#7426,#7428,.T.);
#7426 = VERTEX_POINT('',#7427);
#7427 = CARTESIAN_POINT('',(193.953,-136.19226,1.5162));
#7428 = CIRCLE('',#7429,0.8509);
#7429 = AXIS2_PLACEMENT_3D('',#7430,#7431,#7432);
#7430 = CARTESIAN_POINT('',(193.953,-135.34136,1.5162));
#7431 = DIRECTION('',(-0.,0.,-1.));
#7432 = DIRECTION('',(-0.,-1.,0.));
#7433 = FACE_BOUND('',#7434,.T.);
#7434 = EDGE_LOOP('',(#7435));
#7435 = ORIENTED_EDGE('',*,*,#7436,.T.);
#7436 = EDGE_CURVE('',#7437,#7437,#7439,.T.);
#7437 = VERTEX_POINT('',#7438);
#7438 = CARTESIAN_POINT('',(199.033,-137.33526,1.5162));
#7439 = CIRCLE('',#7440,1.9939);
#7440 = AXIS2_PLACEMENT_3D('',#7441,#7442,#7443);
#7441 = CARTESIAN_POINT('',(199.033,-135.34136,1.5162));
#7442 = DIRECTION('',(-0.,0.,-1.));
#7443 = DIRECTION('',(-1.425433042299E-14,-1.,0.));
#7444 = FACE_BOUND('',#7445,.T.);
#7445 = EDGE_LOOP('',(#7446));
#7446 = ORIENTED_EDGE('',*,*,#7447,.T.);
#7447 = EDGE_CURVE('',#7448,#7448,#7450,.T.);
#7448 = VERTEX_POINT('',#7449);
#7449 = CARTESIAN_POINT('',(241.8879,-181.95036,1.5162));
#7450 = CIRCLE('',#7451,1.524);
#7451 = AXIS2_PLACEMENT_3D('',#7452,#7453,#7454);
#7452 = CARTESIAN_POINT('',(241.8879,-180.42636,1.5162));
#7453 = DIRECTION('',(-0.,0.,-1.));
#7454 = DIRECTION('',(-0.,-1.,0.));
#7455 = FACE_BOUND('',#7456,.T.);
#7456 = EDGE_LOOP('',(#7457));
#7457 = ORIENTED_EDGE('',*,*,#7458,.T.);
#7458 = EDGE_CURVE('',#7459,#7459,#7461,.T.);
#7459 = VERTEX_POINT('',#7460);
#7460 = CARTESIAN_POINT('',(250.02,-178.31,1.5162));
#7461 = CIRCLE('',#7462,0.5);
#7462 = AXIS2_PLACEMENT_3D('',#7463,#7464,#7465);
#7463 = CARTESIAN_POINT('',(250.02,-177.81,1.5162));
#7464 = DIRECTION('',(-0.,0.,-1.));
#7465 = DIRECTION('',(-0.,-1.,0.));
#7466 = FACE_BOUND('',#7467,.T.);
#7467 = EDGE_LOOP('',(#7468,#7478,#7486,#7494));
#7468 = ORIENTED_EDGE('',*,*,#7469,.F.);
#7469 = EDGE_CURVE('',#7470,#7472,#7474,.T.);
#7470 = VERTEX_POINT('',#7471);
#7471 = CARTESIAN_POINT('',(261.62675,-180.44136,1.5162));
#7472 = VERTEX_POINT('',#7473);
#7473 = CARTESIAN_POINT('',(265.02675,-180.44136,1.5162));
#7474 = LINE('',#7475,#7476);
#7475 = CARTESIAN_POINT('',(261.62675,-180.44136,1.5162));
#7476 = VECTOR('',#7477,1.);
#7477 = DIRECTION('',(1.,0.,0.));
#7478 = ORIENTED_EDGE('',*,*,#7479,.F.);
#7479 = EDGE_CURVE('',#7480,#7470,#7482,.T.);
#7480 = VERTEX_POINT('',#7481);
#7481 = CARTESIAN_POINT('',(261.62675,-177.44136,1.5162));
#7482 = LINE('',#7483,#7484);
#7483 = CARTESIAN_POINT('',(261.62675,-177.44136,1.5162));
#7484 = VECTOR('',#7485,1.);
#7485 = DIRECTION('',(0.,-1.,0.));
#7486 = ORIENTED_EDGE('',*,*,#7487,.F.);
#7487 = EDGE_CURVE('',#7488,#7480,#7490,.T.);
#7488 = VERTEX_POINT('',#7489);
#7489 = CARTESIAN_POINT('',(265.02675,-177.44136,1.5162));
#7490 = LINE('',#7491,#7492);
#7491 = CARTESIAN_POINT('',(265.02675,-177.44136,1.5162));
#7492 = VECTOR('',#7493,1.);
#7493 = DIRECTION('',(-1.,0.,0.));
#7494 = ORIENTED_EDGE('',*,*,#7495,.F.);
#7495 = EDGE_CURVE('',#7472,#7488,#7496,.T.);
#7496 = LINE('',#7497,#7498);
#7497 = CARTESIAN_POINT('',(265.02675,-180.44136,1.5162));
#7498 = VECTOR('',#7499,1.);
#7499 = DIRECTION('',(0.,1.,0.));
#7500 = FACE_BOUND('',#7501,.T.);
#7501 = EDGE_LOOP('',(#7502));
#7502 = ORIENTED_EDGE('',*,*,#7503,.T.);
#7503 = EDGE_CURVE('',#7504,#7504,#7506,.T.);
#7504 = VERTEX_POINT('',#7505);
#7505 = CARTESIAN_POINT('',(250.02,-175.77,1.5162));
#7506 = CIRCLE('',#7507,0.5);
#7507 = AXIS2_PLACEMENT_3D('',#7508,#7509,#7510);
#7508 = CARTESIAN_POINT('',(250.02,-175.27,1.5162));
#7509 = DIRECTION('',(-0.,0.,-1.));
#7510 = DIRECTION('',(-0.,-1.,0.));
#7511 = FACE_BOUND('',#7512,.T.);
#7512 = EDGE_LOOP('',(#7513));
#7513 = ORIENTED_EDGE('',*,*,#7514,.T.);
#7514 = EDGE_CURVE('',#7515,#7515,#7517,.T.);
#7515 = VERTEX_POINT('',#7516);
#7516 = CARTESIAN_POINT('',(250.02,-173.23,1.5162));
#7517 = CIRCLE('',#7518,0.5);
#7518 = AXIS2_PLACEMENT_3D('',#7519,#7520,#7521);
#7519 = CARTESIAN_POINT('',(250.02,-172.73,1.5162));
#7520 = DIRECTION('',(-0.,0.,-1.));
#7521 = DIRECTION('',(-0.,-1.,0.));
#7522 = FACE_BOUND('',#7523,.T.);
#7523 = EDGE_LOOP('',(#7524));
#7524 = ORIENTED_EDGE('',*,*,#7525,.T.);
#7525 = EDGE_CURVE('',#7526,#7526,#7528,.T.);
#7526 = VERTEX_POINT('',#7527);
#7527 = CARTESIAN_POINT('',(258.24675,-174.29226,1.5162));
#7528 = CIRCLE('',#7529,0.8509);
#7529 = AXIS2_PLACEMENT_3D('',#7530,#7531,#7532);
#7530 = CARTESIAN_POINT('',(258.24675,-173.44136,1.5162));
#7531 = DIRECTION('',(-0.,0.,-1.));
#7532 = DIRECTION('',(-0.,-1.,0.));
#7533 = FACE_BOUND('',#7534,.T.);
#7534 = EDGE_LOOP('',(#7535));
#7535 = ORIENTED_EDGE('',*,*,#7536,.T.);
#7536 = EDGE_CURVE('',#7537,#7537,#7539,.T.);
#7537 = VERTEX_POINT('',#7538);
#7538 = CARTESIAN_POINT('',(263.32675,-175.43526,1.5162));
#7539 = CIRCLE('',#7540,1.9939);
#7540 = AXIS2_PLACEMENT_3D('',#7541,#7542,#7543);
#7541 = CARTESIAN_POINT('',(263.32675,-173.44136,1.5162));
#7542 = DIRECTION('',(-0.,0.,-1.));
#7543 = DIRECTION('',(-0.,-1.,0.));
#7544 = FACE_BOUND('',#7545,.T.);
#7545 = EDGE_LOOP('',(#7546));
#7546 = ORIENTED_EDGE('',*,*,#7547,.T.);
#7547 = EDGE_CURVE('',#7548,#7548,#7550,.T.);
#7548 = VERTEX_POINT('',#7549);
#7549 = CARTESIAN_POINT('',(268.40675,-174.29226,1.5162));
#7550 = CIRCLE('',#7551,0.8509);
#7551 = AXIS2_PLACEMENT_3D('',#7552,#7553,#7554);
#7552 = CARTESIAN_POINT('',(268.40675,-173.44136,1.5162));
#7553 = DIRECTION('',(-0.,0.,-1.));
#7554 = DIRECTION('',(-0.,-1.,0.));
#7555 = FACE_BOUND('',#7556,.T.);
#7556 = EDGE_LOOP('',(#7557));
#7557 = ORIENTED_EDGE('',*,*,#7558,.T.);
#7558 = EDGE_CURVE('',#7559,#7559,#7561,.T.);
#7559 = VERTEX_POINT('',#7560);
#7560 = CARTESIAN_POINT('',(259.51675,-172.40136,1.5162));
#7561 = CIRCLE('',#7562,1.5);
#7562 = AXIS2_PLACEMENT_3D('',#7563,#7564,#7565);
#7563 = CARTESIAN_POINT('',(259.51675,-170.90136,1.5162));
#7564 = DIRECTION('',(-0.,0.,-1.));
#7565 = DIRECTION('',(-0.,-1.,0.));
#7566 = FACE_BOUND('',#7567,.T.);
#7567 = EDGE_LOOP('',(#7568,#7578,#7586,#7594));
#7568 = ORIENTED_EDGE('',*,*,#7569,.F.);
#7569 = EDGE_CURVE('',#7570,#7572,#7574,.T.);
#7570 = VERTEX_POINT('',#7571);
#7571 = CARTESIAN_POINT('',(206.858,-161.39136,1.5162));
#7572 = VERTEX_POINT('',#7573);
#7573 = CARTESIAN_POINT('',(210.258,-161.39136,1.5162));
#7574 = LINE('',#7575,#7576);
#7575 = CARTESIAN_POINT('',(206.858,-161.39136,1.5162));
#7576 = VECTOR('',#7577,1.);
#7577 = DIRECTION('',(1.,0.,0.));
#7578 = ORIENTED_EDGE('',*,*,#7579,.F.);
#7579 = EDGE_CURVE('',#7580,#7570,#7582,.T.);
#7580 = VERTEX_POINT('',#7581);
#7581 = CARTESIAN_POINT('',(206.858,-158.39136,1.5162));
#7582 = LINE('',#7583,#7584);
#7583 = CARTESIAN_POINT('',(206.858,-158.39136,1.5162));
#7584 = VECTOR('',#7585,1.);
#7585 = DIRECTION('',(0.,-1.,0.));
#7586 = ORIENTED_EDGE('',*,*,#7587,.F.);
#7587 = EDGE_CURVE('',#7588,#7580,#7590,.T.);
#7588 = VERTEX_POINT('',#7589);
#7589 = CARTESIAN_POINT('',(210.258,-158.39136,1.5162));
#7590 = LINE('',#7591,#7592);
#7591 = CARTESIAN_POINT('',(210.258,-158.39136,1.5162));
#7592 = VECTOR('',#7593,1.);
#7593 = DIRECTION('',(-1.,0.,0.));
#7594 = ORIENTED_EDGE('',*,*,#7595,.F.);
#7595 = EDGE_CURVE('',#7572,#7588,#7596,.T.);
#7596 = LINE('',#7597,#7598);
#7597 = CARTESIAN_POINT('',(210.258,-161.39136,1.5162));
#7598 = VECTOR('',#7599,1.);
#7599 = DIRECTION('',(0.,1.,0.));
#7600 = FACE_BOUND('',#7601,.T.);
#7601 = EDGE_LOOP('',(#7602,#7612,#7620,#7628));
#7602 = ORIENTED_EDGE('',*,*,#7603,.F.);
#7603 = EDGE_CURVE('',#7604,#7606,#7608,.T.);
#7604 = VERTEX_POINT('',#7605);
#7605 = CARTESIAN_POINT('',(225.908,-161.39136,1.5162));
#7606 = VERTEX_POINT('',#7607);
#7607 = CARTESIAN_POINT('',(229.308,-161.39136,1.5162));
#7608 = LINE('',#7609,#7610);
#7609 = CARTESIAN_POINT('',(225.908,-161.39136,1.5162));
#7610 = VECTOR('',#7611,1.);
#7611 = DIRECTION('',(1.,0.,0.));
#7612 = ORIENTED_EDGE('',*,*,#7613,.F.);
#7613 = EDGE_CURVE('',#7614,#7604,#7616,.T.);
#7614 = VERTEX_POINT('',#7615);
#7615 = CARTESIAN_POINT('',(225.908,-158.39136,1.5162));
#7616 = LINE('',#7617,#7618);
#7617 = CARTESIAN_POINT('',(225.908,-158.39136,1.5162));
#7618 = VECTOR('',#7619,1.);
#7619 = DIRECTION('',(0.,-1.,0.));
#7620 = ORIENTED_EDGE('',*,*,#7621,.F.);
#7621 = EDGE_CURVE('',#7622,#7614,#7624,.T.);
#7622 = VERTEX_POINT('',#7623);
#7623 = CARTESIAN_POINT('',(229.308,-158.39136,1.5162));
#7624 = LINE('',#7625,#7626);
#7625 = CARTESIAN_POINT('',(229.308,-158.39136,1.5162));
#7626 = VECTOR('',#7627,1.);
#7627 = DIRECTION('',(-1.,0.,0.));
#7628 = ORIENTED_EDGE('',*,*,#7629,.F.);
#7629 = EDGE_CURVE('',#7606,#7622,#7630,.T.);
#7630 = LINE('',#7631,#7632);
#7631 = CARTESIAN_POINT('',(229.308,-161.39136,1.5162));
#7632 = VECTOR('',#7633,1.);
#7633 = DIRECTION('',(0.,1.,0.));
#7634 = FACE_BOUND('',#7635,.T.);
#7635 = EDGE_LOOP('',(#7636));
#7636 = ORIENTED_EDGE('',*,*,#7637,.T.);
#7637 = EDGE_CURVE('',#7638,#7638,#7640,.T.);
#7638 = VERTEX_POINT('',#7639);
#7639 = CARTESIAN_POINT('',(250.02,-170.69,1.5162));
#7640 = CIRCLE('',#7641,0.5);
#7641 = AXIS2_PLACEMENT_3D('',#7642,#7643,#7644);
#7642 = CARTESIAN_POINT('',(250.02,-170.19,1.5162));
#7643 = DIRECTION('',(-0.,0.,-1.));
#7644 = DIRECTION('',(-0.,-1.,0.));
#7645 = FACE_BOUND('',#7646,.T.);
#7646 = EDGE_LOOP('',(#7647));
#7647 = ORIENTED_EDGE('',*,*,#7648,.T.);
#7648 = EDGE_CURVE('',#7649,#7649,#7651,.T.);
#7649 = VERTEX_POINT('',#7650);
#7650 = CARTESIAN_POINT('',(241.8879,-167.18026,1.5162));
#7651 = CIRCLE('',#7652,1.9939);
#7652 = AXIS2_PLACEMENT_3D('',#7653,#7654,#7655);
#7653 = CARTESIAN_POINT('',(241.8879,-165.18636,1.5162));
#7654 = DIRECTION('',(-0.,0.,-1.));
#7655 = DIRECTION('',(-0.,-1.,0.));
#7656 = FACE_BOUND('',#7657,.T.);
#7657 = EDGE_LOOP('',(#7658));
#7658 = ORIENTED_EDGE('',*,*,#7659,.T.);
#7659 = EDGE_CURVE('',#7660,#7660,#7662,.T.);
#7660 = VERTEX_POINT('',#7661);
#7661 = CARTESIAN_POINT('',(265.86675,-169.86136,1.5162));
#7662 = CIRCLE('',#7663,1.5);
#7663 = AXIS2_PLACEMENT_3D('',#7664,#7665,#7666);
#7664 = CARTESIAN_POINT('',(265.86675,-168.36136,1.5162));
#7665 = DIRECTION('',(-0.,0.,-1.));
#7666 = DIRECTION('',(-0.,-1.,0.));
#7667 = FACE_BOUND('',#7668,.T.);
#7668 = EDGE_LOOP('',(#7669,#7679,#7687,#7695));
#7669 = ORIENTED_EDGE('',*,*,#7670,.F.);
#7670 = EDGE_CURVE('',#7671,#7673,#7675,.T.);
#7671 = VERTEX_POINT('',#7672);
#7672 = CARTESIAN_POINT('',(244.958,-161.39136,1.5162));
#7673 = VERTEX_POINT('',#7674);
#7674 = CARTESIAN_POINT('',(248.358,-161.39136,1.5162));
#7675 = LINE('',#7676,#7677);
#7676 = CARTESIAN_POINT('',(244.958,-161.39136,1.5162));
#7677 = VECTOR('',#7678,1.);
#7678 = DIRECTION('',(1.,0.,0.));
#7679 = ORIENTED_EDGE('',*,*,#7680,.F.);
#7680 = EDGE_CURVE('',#7681,#7671,#7683,.T.);
#7681 = VERTEX_POINT('',#7682);
#7682 = CARTESIAN_POINT('',(244.958,-158.39136,1.5162));
#7683 = LINE('',#7684,#7685);
#7684 = CARTESIAN_POINT('',(244.958,-158.39136,1.5162));
#7685 = VECTOR('',#7686,1.);
#7686 = DIRECTION('',(0.,-1.,0.));
#7687 = ORIENTED_EDGE('',*,*,#7688,.F.);
#7688 = EDGE_CURVE('',#7689,#7681,#7691,.T.);
#7689 = VERTEX_POINT('',#7690);
#7690 = CARTESIAN_POINT('',(248.358,-158.39136,1.5162));
#7691 = LINE('',#7692,#7693);
#7692 = CARTESIAN_POINT('',(248.358,-158.39136,1.5162));
#7693 = VECTOR('',#7694,1.);
#7694 = DIRECTION('',(-1.,0.,0.));
#7695 = ORIENTED_EDGE('',*,*,#7696,.F.);
#7696 = EDGE_CURVE('',#7673,#7689,#7697,.T.);
#7697 = LINE('',#7698,#7699);
#7698 = CARTESIAN_POINT('',(248.358,-161.39136,1.5162));
#7699 = VECTOR('',#7700,1.);
#7700 = DIRECTION('',(0.,1.,0.));
#7701 = FACE_BOUND('',#7702,.T.);
#7702 = EDGE_LOOP('',(#7703,#7713,#7721,#7729));
#7703 = ORIENTED_EDGE('',*,*,#7704,.F.);
#7704 = EDGE_CURVE('',#7705,#7707,#7709,.T.);
#7705 = VERTEX_POINT('',#7706);
#7706 = CARTESIAN_POINT('',(264.058,-161.39136,1.5162));
#7707 = VERTEX_POINT('',#7708);
#7708 = CARTESIAN_POINT('',(267.458,-161.39136,1.5162));
#7709 = LINE('',#7710,#7711);
#7710 = CARTESIAN_POINT('',(264.058,-161.39136,1.5162));
#7711 = VECTOR('',#7712,1.);
#7712 = DIRECTION('',(1.,0.,0.));
#7713 = ORIENTED_EDGE('',*,*,#7714,.F.);
#7714 = EDGE_CURVE('',#7715,#7705,#7717,.T.);
#7715 = VERTEX_POINT('',#7716);
#7716 = CARTESIAN_POINT('',(264.058,-158.39136,1.5162));
#7717 = LINE('',#7718,#7719);
#7718 = CARTESIAN_POINT('',(264.058,-158.39136,1.5162));
#7719 = VECTOR('',#7720,1.);
#7720 = DIRECTION('',(0.,-1.,0.));
#7721 = ORIENTED_EDGE('',*,*,#7722,.F.);
#7722 = EDGE_CURVE('',#7723,#7715,#7725,.T.);
#7723 = VERTEX_POINT('',#7724);
#7724 = CARTESIAN_POINT('',(267.458,-158.39136,1.5162));
#7725 = LINE('',#7726,#7727);
#7726 = CARTESIAN_POINT('',(267.458,-158.39136,1.5162));
#7727 = VECTOR('',#7728,1.);
#7728 = DIRECTION('',(-1.,0.,0.));
#7729 = ORIENTED_EDGE('',*,*,#7730,.F.);
#7730 = EDGE_CURVE('',#7707,#7723,#7731,.T.);
#7731 = LINE('',#7732,#7733);
#7732 = CARTESIAN_POINT('',(267.458,-161.39136,1.5162));
#7733 = VECTOR('',#7734,1.);
#7734 = DIRECTION('',(0.,1.,0.));
#7735 = FACE_BOUND('',#7736,.T.);
#7736 = EDGE_LOOP('',(#7737,#7747,#7755,#7763));
#7737 = ORIENTED_EDGE('',*,*,#7738,.F.);
#7738 = EDGE_CURVE('',#7739,#7741,#7743,.T.);
#7739 = VERTEX_POINT('',#7740);
#7740 = CARTESIAN_POINT('',(285.43925,-180.44136,1.5162));
#7741 = VERTEX_POINT('',#7742);
#7742 = CARTESIAN_POINT('',(288.83925,-180.44136,1.5162));
#7743 = LINE('',#7744,#7745);
#7744 = CARTESIAN_POINT('',(285.43925,-180.44136,1.5162));
#7745 = VECTOR('',#7746,1.);
#7746 = DIRECTION('',(1.,0.,0.));
#7747 = ORIENTED_EDGE('',*,*,#7748,.F.);
#7748 = EDGE_CURVE('',#7749,#7739,#7751,.T.);
#7749 = VERTEX_POINT('',#7750);
#7750 = CARTESIAN_POINT('',(285.43925,-177.44136,1.5162));
#7751 = LINE('',#7752,#7753);
#7752 = CARTESIAN_POINT('',(285.43925,-177.44136,1.5162));
#7753 = VECTOR('',#7754,1.);
#7754 = DIRECTION('',(0.,-1.,0.));
#7755 = ORIENTED_EDGE('',*,*,#7756,.F.);
#7756 = EDGE_CURVE('',#7757,#7749,#7759,.T.);
#7757 = VERTEX_POINT('',#7758);
#7758 = CARTESIAN_POINT('',(288.83925,-177.44136,1.5162));
#7759 = LINE('',#7760,#7761);
#7760 = CARTESIAN_POINT('',(288.83925,-177.44136,1.5162));
#7761 = VECTOR('',#7762,1.);
#7762 = DIRECTION('',(-1.,0.,0.));
#7763 = ORIENTED_EDGE('',*,*,#7764,.F.);
#7764 = EDGE_CURVE('',#7741,#7757,#7765,.T.);
#7765 = LINE('',#7766,#7767);
#7766 = CARTESIAN_POINT('',(288.83925,-180.44136,1.5162));
#7767 = VECTOR('',#7768,1.);
#7768 = DIRECTION('',(0.,1.,0.));
#7769 = FACE_BOUND('',#7770,.T.);
#7770 = EDGE_LOOP('',(#7771));
#7771 = ORIENTED_EDGE('',*,*,#7772,.T.);
#7772 = EDGE_CURVE('',#7773,#7773,#7775,.T.);
#7773 = VERTEX_POINT('',#7774);
#7774 = CARTESIAN_POINT('',(282.05925,-174.29226,1.5162));
#7775 = CIRCLE('',#7776,0.8509);
#7776 = AXIS2_PLACEMENT_3D('',#7777,#7778,#7779);
#7777 = CARTESIAN_POINT('',(282.05925,-173.44136,1.5162));
#7778 = DIRECTION('',(-0.,0.,-1.));
#7779 = DIRECTION('',(-0.,-1.,0.));
#7780 = FACE_BOUND('',#7781,.T.);
#7781 = EDGE_LOOP('',(#7782));
#7782 = ORIENTED_EDGE('',*,*,#7783,.T.);
#7783 = EDGE_CURVE('',#7784,#7784,#7786,.T.);
#7784 = VERTEX_POINT('',#7785);
#7785 = CARTESIAN_POINT('',(287.13925,-175.43526,1.5162));
#7786 = CIRCLE('',#7787,1.9939);
#7787 = AXIS2_PLACEMENT_3D('',#7788,#7789,#7790);
#7788 = CARTESIAN_POINT('',(287.13925,-173.44136,1.5162));
#7789 = DIRECTION('',(-0.,0.,-1.));
#7790 = DIRECTION('',(-0.,-1.,0.));
#7791 = FACE_BOUND('',#7792,.T.);
#7792 = EDGE_LOOP('',(#7793));
#7793 = ORIENTED_EDGE('',*,*,#7794,.T.);
#7794 = EDGE_CURVE('',#7795,#7795,#7797,.T.);
#7795 = VERTEX_POINT('',#7796);
#7796 = CARTESIAN_POINT('',(283.32925,-172.40136,1.5162));
#7797 = CIRCLE('',#7798,1.5);
#7798 = AXIS2_PLACEMENT_3D('',#7799,#7800,#7801);
#7799 = CARTESIAN_POINT('',(283.32925,-170.90136,1.5162));
#7800 = DIRECTION('',(-0.,0.,-1.));
#7801 = DIRECTION('',(-0.,-1.,0.));
#7802 = FACE_BOUND('',#7803,.T.);
#7803 = EDGE_LOOP('',(#7804));
#7804 = ORIENTED_EDGE('',*,*,#7805,.T.);
#7805 = EDGE_CURVE('',#7806,#7806,#7808,.T.);
#7806 = VERTEX_POINT('',#7807);
#7807 = CARTESIAN_POINT('',(292.21925,-174.29226,1.5162));
#7808 = CIRCLE('',#7809,0.8509);
#7809 = AXIS2_PLACEMENT_3D('',#7810,#7811,#7812);
#7810 = CARTESIAN_POINT('',(292.21925,-173.44136,1.5162));
#7811 = DIRECTION('',(-0.,0.,-1.));
#7812 = DIRECTION('',(-0.,-1.,0.));
#7813 = FACE_BOUND('',#7814,.T.);
#7814 = EDGE_LOOP('',(#7815));
#7815 = ORIENTED_EDGE('',*,*,#7816,.T.);
#7816 = EDGE_CURVE('',#7817,#7817,#7819,.T.);
#7817 = VERTEX_POINT('',#7818);
#7818 = CARTESIAN_POINT('',(305.87175,-174.29226,1.5162));
#7819 = CIRCLE('',#7820,0.8509);
#7820 = AXIS2_PLACEMENT_3D('',#7821,#7822,#7823);
#7821 = CARTESIAN_POINT('',(305.87175,-173.44136,1.5162));
#7822 = DIRECTION('',(-0.,0.,-1.));
#7823 = DIRECTION('',(-0.,-1.,0.));
#7824 = FACE_BOUND('',#7825,.T.);
#7825 = EDGE_LOOP('',(#7826,#7836,#7844,#7852));
#7826 = ORIENTED_EDGE('',*,*,#7827,.F.);
#7827 = EDGE_CURVE('',#7828,#7830,#7832,.T.);
#7828 = VERTEX_POINT('',#7829);
#7829 = CARTESIAN_POINT('',(309.25175,-180.44136,1.5162));
#7830 = VERTEX_POINT('',#7831);
#7831 = CARTESIAN_POINT('',(312.65175,-180.44136,1.5162));
#7832 = LINE('',#7833,#7834);
#7833 = CARTESIAN_POINT('',(309.25175,-180.44136,1.5162));
#7834 = VECTOR('',#7835,1.);
#7835 = DIRECTION('',(1.,0.,0.));
#7836 = ORIENTED_EDGE('',*,*,#7837,.F.);
#7837 = EDGE_CURVE('',#7838,#7828,#7840,.T.);
#7838 = VERTEX_POINT('',#7839);
#7839 = CARTESIAN_POINT('',(309.25175,-177.44136,1.5162));
#7840 = LINE('',#7841,#7842);
#7841 = CARTESIAN_POINT('',(309.25175,-177.44136,1.5162));
#7842 = VECTOR('',#7843,1.);
#7843 = DIRECTION('',(0.,-1.,0.));
#7844 = ORIENTED_EDGE('',*,*,#7845,.F.);
#7845 = EDGE_CURVE('',#7846,#7838,#7848,.T.);
#7846 = VERTEX_POINT('',#7847);
#7847 = CARTESIAN_POINT('',(312.65175,-177.44136,1.5162));
#7848 = LINE('',#7849,#7850);
#7849 = CARTESIAN_POINT('',(312.65175,-177.44136,1.5162));
#7850 = VECTOR('',#7851,1.);
#7851 = DIRECTION('',(-1.,0.,0.));
#7852 = ORIENTED_EDGE('',*,*,#7853,.F.);
#7853 = EDGE_CURVE('',#7830,#7846,#7854,.T.);
#7854 = LINE('',#7855,#7856);
#7855 = CARTESIAN_POINT('',(312.65175,-180.44136,1.5162));
#7856 = VECTOR('',#7857,1.);
#7857 = DIRECTION('',(0.,1.,0.));
#7858 = FACE_BOUND('',#7859,.T.);
#7859 = EDGE_LOOP('',(#7860,#7870,#7878,#7886));
#7860 = ORIENTED_EDGE('',*,*,#7861,.F.);
#7861 = EDGE_CURVE('',#7862,#7864,#7866,.T.);
#7862 = VERTEX_POINT('',#7863);
#7863 = CARTESIAN_POINT('',(333.06425,-180.44136,1.5162));
#7864 = VERTEX_POINT('',#7865);
#7865 = CARTESIAN_POINT('',(336.46425,-180.44136,1.5162));
#7866 = LINE('',#7867,#7868);
#7867 = CARTESIAN_POINT('',(333.06425,-180.44136,1.5162));
#7868 = VECTOR('',#7869,1.);
#7869 = DIRECTION('',(1.,0.,0.));
#7870 = ORIENTED_EDGE('',*,*,#7871,.F.);
#7871 = EDGE_CURVE('',#7872,#7862,#7874,.T.);
#7872 = VERTEX_POINT('',#7873);
#7873 = CARTESIAN_POINT('',(333.06425,-177.44136,1.5162));
#7874 = LINE('',#7875,#7876);
#7875 = CARTESIAN_POINT('',(333.06425,-177.44136,1.5162));
#7876 = VECTOR('',#7877,1.);
#7877 = DIRECTION('',(0.,-1.,0.));
#7878 = ORIENTED_EDGE('',*,*,#7879,.F.);
#7879 = EDGE_CURVE('',#7880,#7872,#7882,.T.);
#7880 = VERTEX_POINT('',#7881);
#7881 = CARTESIAN_POINT('',(336.46425,-177.44136,1.5162));
#7882 = LINE('',#7883,#7884);
#7883 = CARTESIAN_POINT('',(336.46425,-177.44136,1.5162));
#7884 = VECTOR('',#7885,1.);
#7885 = DIRECTION('',(-1.,0.,0.));
#7886 = ORIENTED_EDGE('',*,*,#7887,.F.);
#7887 = EDGE_CURVE('',#7864,#7880,#7888,.T.);
#7888 = LINE('',#7889,#7890);
#7889 = CARTESIAN_POINT('',(336.46425,-180.44136,1.5162));
#7890 = VECTOR('',#7891,1.);
#7891 = DIRECTION('',(0.,1.,0.));
#7892 = FACE_BOUND('',#7893,.T.);
#7893 = EDGE_LOOP('',(#7894));
#7894 = ORIENTED_EDGE('',*,*,#7895,.T.);
#7895 = EDGE_CURVE('',#7896,#7896,#7898,.T.);
#7896 = VERTEX_POINT('',#7897);
#7897 = CARTESIAN_POINT('',(310.95175,-175.43526,1.5162));
#7898 = CIRCLE('',#7899,1.9939);
#7899 = AXIS2_PLACEMENT_3D('',#7900,#7901,#7902);
#7900 = CARTESIAN_POINT('',(310.95175,-173.44136,1.5162));
#7901 = DIRECTION('',(-0.,0.,-1.));
#7902 = DIRECTION('',(-0.,-1.,0.));
#7903 = FACE_BOUND('',#7904,.T.);
#7904 = EDGE_LOOP('',(#7905));
#7905 = ORIENTED_EDGE('',*,*,#7906,.T.);
#7906 = EDGE_CURVE('',#7907,#7907,#7909,.T.);
#7907 = VERTEX_POINT('',#7908);
#7908 = CARTESIAN_POINT('',(316.03175,-174.29226,1.5162));
#7909 = CIRCLE('',#7910,0.8509);
#7910 = AXIS2_PLACEMENT_3D('',#7911,#7912,#7913);
#7911 = CARTESIAN_POINT('',(316.03175,-173.44136,1.5162));
#7912 = DIRECTION('',(-0.,0.,-1.));
#7913 = DIRECTION('',(-0.,-1.,0.));
#7914 = FACE_BOUND('',#7915,.T.);
#7915 = EDGE_LOOP('',(#7916));
#7916 = ORIENTED_EDGE('',*,*,#7917,.T.);
#7917 = EDGE_CURVE('',#7918,#7918,#7920,.T.);
#7918 = VERTEX_POINT('',#7919);
#7919 = CARTESIAN_POINT('',(307.14175,-172.40136,1.5162));
#7920 = CIRCLE('',#7921,1.5);
#7921 = AXIS2_PLACEMENT_3D('',#7922,#7923,#7924);
#7922 = CARTESIAN_POINT('',(307.14175,-170.90136,1.5162));
#7923 = DIRECTION('',(-0.,0.,-1.));
#7924 = DIRECTION('',(-0.,-1.,0.));
#7925 = FACE_BOUND('',#7926,.T.);
#7926 = EDGE_LOOP('',(#7927));
#7927 = ORIENTED_EDGE('',*,*,#7928,.T.);
#7928 = EDGE_CURVE('',#7929,#7929,#7931,.T.);
#7929 = VERTEX_POINT('',#7930);
#7930 = CARTESIAN_POINT('',(329.68425,-174.29226,1.5162));
#7931 = CIRCLE('',#7932,0.8509);
#7932 = AXIS2_PLACEMENT_3D('',#7933,#7934,#7935);
#7933 = CARTESIAN_POINT('',(329.68425,-173.44136,1.5162));
#7934 = DIRECTION('',(-0.,0.,-1.));
#7935 = DIRECTION('',(-0.,-1.,0.));
#7936 = FACE_BOUND('',#7937,.T.);
#7937 = EDGE_LOOP('',(#7938));
#7938 = ORIENTED_EDGE('',*,*,#7939,.T.);
#7939 = EDGE_CURVE('',#7940,#7940,#7942,.T.);
#7940 = VERTEX_POINT('',#7941);
#7941 = CARTESIAN_POINT('',(334.76425,-175.43526,1.5162));
#7942 = CIRCLE('',#7943,1.9939);
#7943 = AXIS2_PLACEMENT_3D('',#7944,#7945,#7946);
#7944 = CARTESIAN_POINT('',(334.76425,-173.44136,1.5162));
#7945 = DIRECTION('',(-0.,0.,-1.));
#7946 = DIRECTION('',(-0.,-1.,0.));
#7947 = FACE_BOUND('',#7948,.T.);
#7948 = EDGE_LOOP('',(#7949));
#7949 = ORIENTED_EDGE('',*,*,#7950,.T.);
#7950 = EDGE_CURVE('',#7951,#7951,#7953,.T.);
#7951 = VERTEX_POINT('',#7952);
#7952 = CARTESIAN_POINT('',(339.84425,-174.29226,1.5162));
#7953 = CIRCLE('',#7954,0.8509);
#7954 = AXIS2_PLACEMENT_3D('',#7955,#7956,#7957);
#7955 = CARTESIAN_POINT('',(339.84425,-173.44136,1.5162));
#7956 = DIRECTION('',(-0.,0.,-1.));
#7957 = DIRECTION('',(-0.,-1.,0.));
#7958 = FACE_BOUND('',#7959,.T.);
#7959 = EDGE_LOOP('',(#7960));
#7960 = ORIENTED_EDGE('',*,*,#7961,.T.);
#7961 = EDGE_CURVE('',#7962,#7962,#7964,.T.);
#7962 = VERTEX_POINT('',#7963);
#7963 = CARTESIAN_POINT('',(330.95425,-172.40136,1.5162));
#7964 = CIRCLE('',#7965,1.5);
#7965 = AXIS2_PLACEMENT_3D('',#7966,#7967,#7968);
#7966 = CARTESIAN_POINT('',(330.95425,-170.90136,1.5162));
#7967 = DIRECTION('',(-0.,0.,-1.));
#7968 = DIRECTION('',(-0.,-1.,0.));
#7969 = FACE_BOUND('',#7970,.T.);
#7970 = EDGE_LOOP('',(#7971));
#7971 = ORIENTED_EDGE('',*,*,#7972,.T.);
#7972 = EDGE_CURVE('',#7973,#7973,#7975,.T.);
#7973 = VERTEX_POINT('',#7974);
#7974 = CARTESIAN_POINT('',(289.67925,-169.86136,1.5162));
#7975 = CIRCLE('',#7976,1.5);
#7976 = AXIS2_PLACEMENT_3D('',#7977,#7978,#7979);
#7977 = CARTESIAN_POINT('',(289.67925,-168.36136,1.5162));
#7978 = DIRECTION('',(-0.,0.,-1.));
#7979 = DIRECTION('',(-0.,-1.,0.));
#7980 = FACE_BOUND('',#7981,.T.);
#7981 = EDGE_LOOP('',(#7982,#7992,#8000,#8008));
#7982 = ORIENTED_EDGE('',*,*,#7983,.F.);
#7983 = EDGE_CURVE('',#7984,#7986,#7988,.T.);
#7984 = VERTEX_POINT('',#7985);
#7985 = CARTESIAN_POINT('',(283.108,-161.39136,1.5162));
#7986 = VERTEX_POINT('',#7987);
#7987 = CARTESIAN_POINT('',(286.508,-161.39136,1.5162));
#7988 = LINE('',#7989,#7990);
#7989 = CARTESIAN_POINT('',(283.108,-161.39136,1.5162));
#7990 = VECTOR('',#7991,1.);
#7991 = DIRECTION('',(1.,0.,0.));
#7992 = ORIENTED_EDGE('',*,*,#7993,.F.);
#7993 = EDGE_CURVE('',#7994,#7984,#7996,.T.);
#7994 = VERTEX_POINT('',#7995);
#7995 = CARTESIAN_POINT('',(283.108,-158.39136,1.5162));
#7996 = LINE('',#7997,#7998);
#7997 = CARTESIAN_POINT('',(283.108,-158.39136,1.5162));
#7998 = VECTOR('',#7999,1.);
#7999 = DIRECTION('',(0.,-1.,0.));
#8000 = ORIENTED_EDGE('',*,*,#8001,.F.);
#8001 = EDGE_CURVE('',#8002,#7994,#8004,.T.);
#8002 = VERTEX_POINT('',#8003);
#8003 = CARTESIAN_POINT('',(286.508,-158.39136,1.5162));
#8004 = LINE('',#8005,#8006);
#8005 = CARTESIAN_POINT('',(286.508,-158.39136,1.5162));
#8006 = VECTOR('',#8007,1.);
#8007 = DIRECTION('',(-1.,0.,0.));
#8008 = ORIENTED_EDGE('',*,*,#8009,.F.);
#8009 = EDGE_CURVE('',#7986,#8002,#8010,.T.);
#8010 = LINE('',#8011,#8012);
#8011 = CARTESIAN_POINT('',(286.508,-161.39136,1.5162));
#8012 = VECTOR('',#8013,1.);
#8013 = DIRECTION('',(0.,1.,0.));
#8014 = FACE_BOUND('',#8015,.T.);
#8015 = EDGE_LOOP('',(#8016));
#8016 = ORIENTED_EDGE('',*,*,#8017,.T.);
#8017 = EDGE_CURVE('',#8018,#8018,#8020,.T.);
#8018 = VERTEX_POINT('',#8019);
#8019 = CARTESIAN_POINT('',(313.49175,-169.86136,1.5162));
#8020 = CIRCLE('',#8021,1.5);
#8021 = AXIS2_PLACEMENT_3D('',#8022,#8023,#8024);
#8022 = CARTESIAN_POINT('',(313.49175,-168.36136,1.5162));
#8023 = DIRECTION('',(-0.,0.,-1.));
#8024 = DIRECTION('',(-0.,-1.,0.));
#8025 = FACE_BOUND('',#8026,.T.);
#8026 = EDGE_LOOP('',(#8027));
#8027 = ORIENTED_EDGE('',*,*,#8028,.T.);
#8028 = EDGE_CURVE('',#8029,#8029,#8031,.T.);
#8029 = VERTEX_POINT('',#8030);
#8030 = CARTESIAN_POINT('',(322.27,-169.1,1.5162));
#8031 = CIRCLE('',#8032,1.1);
#8032 = AXIS2_PLACEMENT_3D('',#8033,#8034,#8035);
#8033 = CARTESIAN_POINT('',(322.27,-168.,1.5162));
#8034 = DIRECTION('',(-0.,0.,-1.));
#8035 = DIRECTION('',(-0.,-1.,0.));
#8036 = FACE_BOUND('',#8037,.T.);
#8037 = EDGE_LOOP('',(#8038));
#8038 = ORIENTED_EDGE('',*,*,#8039,.T.);
#8039 = EDGE_CURVE('',#8040,#8040,#8042,.T.);
#8040 = VERTEX_POINT('',#8041);
#8041 = CARTESIAN_POINT('',(337.30425,-169.86136,1.5162));
#8042 = CIRCLE('',#8043,1.5);
#8043 = AXIS2_PLACEMENT_3D('',#8044,#8045,#8046);
#8044 = CARTESIAN_POINT('',(337.30425,-168.36136,1.5162));
#8045 = DIRECTION('',(-0.,0.,-1.));
#8046 = DIRECTION('',(-0.,-1.,0.));
#8047 = FACE_BOUND('',#8048,.T.);
#8048 = EDGE_LOOP('',(#8049));
#8049 = ORIENTED_EDGE('',*,*,#8050,.T.);
#8050 = EDGE_CURVE('',#8051,#8051,#8053,.T.);
#8051 = VERTEX_POINT('',#8052);
#8052 = CARTESIAN_POINT('',(308.53875,-164.64026,1.5162));
#8053 = CIRCLE('',#8054,1.9939);
#8054 = AXIS2_PLACEMENT_3D('',#8055,#8056,#8057);
#8055 = CARTESIAN_POINT('',(308.53875,-162.64636,1.5162));
#8056 = DIRECTION('',(-0.,0.,-1.));
#8057 = DIRECTION('',(-0.,-1.,0.));
#8058 = FACE_BOUND('',#8059,.T.);
#8059 = EDGE_LOOP('',(#8060,#8070,#8078,#8086));
#8060 = ORIENTED_EDGE('',*,*,#8061,.F.);
#8061 = EDGE_CURVE('',#8062,#8064,#8066,.T.);
#8062 = VERTEX_POINT('',#8063);
#8063 = CARTESIAN_POINT('',(318.82675,-161.39136,1.5162));
#8064 = VERTEX_POINT('',#8065);
#8065 = CARTESIAN_POINT('',(322.22675,-161.39136,1.5162));
#8066 = LINE('',#8067,#8068);
#8067 = CARTESIAN_POINT('',(318.82675,-161.39136,1.5162));
#8068 = VECTOR('',#8069,1.);
#8069 = DIRECTION('',(1.,0.,0.));
#8070 = ORIENTED_EDGE('',*,*,#8071,.F.);
#8071 = EDGE_CURVE('',#8072,#8062,#8074,.T.);
#8072 = VERTEX_POINT('',#8073);
#8073 = CARTESIAN_POINT('',(318.82675,-158.39136,1.5162));
#8074 = LINE('',#8075,#8076);
#8075 = CARTESIAN_POINT('',(318.82675,-158.39136,1.5162));
#8076 = VECTOR('',#8077,1.);
#8077 = DIRECTION('',(0.,-1.,0.));
#8078 = ORIENTED_EDGE('',*,*,#8079,.F.);
#8079 = EDGE_CURVE('',#8080,#8072,#8082,.T.);
#8080 = VERTEX_POINT('',#8081);
#8081 = CARTESIAN_POINT('',(322.22675,-158.39136,1.5162));
#8082 = LINE('',#8083,#8084);
#8083 = CARTESIAN_POINT('',(322.22675,-158.39136,1.5162));
#8084 = VECTOR('',#8085,1.);
#8085 = DIRECTION('',(-1.,0.,0.));
#8086 = ORIENTED_EDGE('',*,*,#8087,.F.);
#8087 = EDGE_CURVE('',#8064,#8080,#8088,.T.);
#8088 = LINE('',#8089,#8090);
#8089 = CARTESIAN_POINT('',(322.22675,-161.39136,1.5162));
#8090 = VECTOR('',#8091,1.);
#8091 = DIRECTION('',(0.,1.,0.));
#8092 = FACE_BOUND('',#8093,.T.);
#8093 = EDGE_LOOP('',(#8094));
#8094 = ORIENTED_EDGE('',*,*,#8095,.T.);
#8095 = EDGE_CURVE('',#8096,#8096,#8098,.T.);
#8096 = VERTEX_POINT('',#8097);
#8097 = CARTESIAN_POINT('',(332.41475,-164.64026,1.5162));
#8098 = CIRCLE('',#8099,1.9939);
#8099 = AXIS2_PLACEMENT_3D('',#8100,#8101,#8102);
#8100 = CARTESIAN_POINT('',(332.41475,-162.64636,1.5162));
#8101 = DIRECTION('',(-0.,0.,-1.));
#8102 = DIRECTION('',(-0.,-1.,0.));
#8103 = FACE_BOUND('',#8104,.T.);
#8104 = EDGE_LOOP('',(#8105));
#8105 = ORIENTED_EDGE('',*,*,#8106,.T.);
#8106 = EDGE_CURVE('',#8107,#8107,#8109,.T.);
#8107 = VERTEX_POINT('',#8108);
#8108 = CARTESIAN_POINT('',(203.478,-155.24226,1.5162));
#8109 = CIRCLE('',#8110,0.8509);
#8110 = AXIS2_PLACEMENT_3D('',#8111,#8112,#8113);
#8111 = CARTESIAN_POINT('',(203.478,-154.39136,1.5162));
#8112 = DIRECTION('',(-0.,0.,-1.));
#8113 = DIRECTION('',(-0.,-1.,0.));
#8114 = FACE_BOUND('',#8115,.T.);
#8115 = EDGE_LOOP('',(#8116));
#8116 = ORIENTED_EDGE('',*,*,#8117,.T.);
#8117 = EDGE_CURVE('',#8118,#8118,#8120,.T.);
#8118 = VERTEX_POINT('',#8119);
#8119 = CARTESIAN_POINT('',(208.558,-156.38526,1.5162));
#8120 = CIRCLE('',#8121,1.9939);
#8121 = AXIS2_PLACEMENT_3D('',#8122,#8123,#8124);
#8122 = CARTESIAN_POINT('',(208.558,-154.39136,1.5162));
#8123 = DIRECTION('',(-0.,0.,-1.));
#8124 = DIRECTION('',(-0.,-1.,0.));
#8125 = FACE_BOUND('',#8126,.T.);
#8126 = EDGE_LOOP('',(#8127));
#8127 = ORIENTED_EDGE('',*,*,#8128,.T.);
#8128 = EDGE_CURVE('',#8129,#8129,#8131,.T.);
#8129 = VERTEX_POINT('',#8130);
#8130 = CARTESIAN_POINT('',(213.638,-155.24226,1.5162));
#8131 = CIRCLE('',#8132,0.8509);
#8132 = AXIS2_PLACEMENT_3D('',#8133,#8134,#8135);
#8133 = CARTESIAN_POINT('',(213.638,-154.39136,1.5162));
#8134 = DIRECTION('',(-0.,0.,-1.));
#8135 = DIRECTION('',(-0.,-1.,0.));
#8136 = FACE_BOUND('',#8137,.T.);
#8137 = EDGE_LOOP('',(#8138));
#8138 = ORIENTED_EDGE('',*,*,#8139,.T.);
#8139 = EDGE_CURVE('',#8140,#8140,#8142,.T.);
#8140 = VERTEX_POINT('',#8141);
#8141 = CARTESIAN_POINT('',(222.528,-155.24226,1.5162));
#8142 = CIRCLE('',#8143,0.8509);
#8143 = AXIS2_PLACEMENT_3D('',#8144,#8145,#8146);
#8144 = CARTESIAN_POINT('',(222.528,-154.39136,1.5162));
#8145 = DIRECTION('',(-0.,0.,-1.));
#8146 = DIRECTION('',(-0.,-1.,0.));
#8147 = FACE_BOUND('',#8148,.T.);
#8148 = EDGE_LOOP('',(#8149));
#8149 = ORIENTED_EDGE('',*,*,#8150,.T.);
#8150 = EDGE_CURVE('',#8151,#8151,#8153,.T.);
#8151 = VERTEX_POINT('',#8152);
#8152 = CARTESIAN_POINT('',(227.608,-156.38526,1.5162));
#8153 = CIRCLE('',#8154,1.9939);
#8154 = AXIS2_PLACEMENT_3D('',#8155,#8156,#8157);
#8155 = CARTESIAN_POINT('',(227.608,-154.39136,1.5162));
#8156 = DIRECTION('',(-0.,0.,-1.));
#8157 = DIRECTION('',(-0.,-1.,0.));
#8158 = FACE_BOUND('',#8159,.T.);
#8159 = EDGE_LOOP('',(#8160));
#8160 = ORIENTED_EDGE('',*,*,#8161,.T.);
#8161 = EDGE_CURVE('',#8162,#8162,#8164,.T.);
#8162 = VERTEX_POINT('',#8163);
#8163 = CARTESIAN_POINT('',(232.688,-155.24226,1.5162));
#8164 = CIRCLE('',#8165,0.8509);
#8165 = AXIS2_PLACEMENT_3D('',#8166,#8167,#8168);
#8166 = CARTESIAN_POINT('',(232.688,-154.39136,1.5162));
#8167 = DIRECTION('',(-0.,0.,-1.));
#8168 = DIRECTION('',(-0.,-1.,0.));
#8169 = FACE_BOUND('',#8170,.T.);
#8170 = EDGE_LOOP('',(#8171));
#8171 = ORIENTED_EDGE('',*,*,#8172,.T.);
#8172 = EDGE_CURVE('',#8173,#8173,#8175,.T.);
#8173 = VERTEX_POINT('',#8174);
#8174 = CARTESIAN_POINT('',(204.748,-153.35136,1.5162));
#8175 = CIRCLE('',#8176,1.5);
#8176 = AXIS2_PLACEMENT_3D('',#8177,#8178,#8179);
#8177 = CARTESIAN_POINT('',(204.748,-151.85136,1.5162));
#8178 = DIRECTION('',(-0.,0.,-1.));
#8179 = DIRECTION('',(-0.,-1.,0.));
#8180 = FACE_BOUND('',#8181,.T.);
#8181 = EDGE_LOOP('',(#8182));
#8182 = ORIENTED_EDGE('',*,*,#8183,.T.);
#8183 = EDGE_CURVE('',#8184,#8184,#8186,.T.);
#8184 = VERTEX_POINT('',#8185);
#8185 = CARTESIAN_POINT('',(211.098,-150.81136,1.5162));
#8186 = CIRCLE('',#8187,1.5);
#8187 = AXIS2_PLACEMENT_3D('',#8188,#8189,#8190);
#8188 = CARTESIAN_POINT('',(211.098,-149.31136,1.5162));
#8189 = DIRECTION('',(-0.,0.,-1.));
#8190 = DIRECTION('',(-0.,-1.,0.));
#8191 = FACE_BOUND('',#8192,.T.);
#8192 = EDGE_LOOP('',(#8193));
#8193 = ORIENTED_EDGE('',*,*,#8194,.T.);
#8194 = EDGE_CURVE('',#8195,#8195,#8197,.T.);
#8195 = VERTEX_POINT('',#8196);
#8196 = CARTESIAN_POINT('',(223.798,-153.35136,1.5162));
#8197 = CIRCLE('',#8198,1.5);
#8198 = AXIS2_PLACEMENT_3D('',#8199,#8200,#8201);
#8199 = CARTESIAN_POINT('',(223.798,-151.85136,1.5162));
#8200 = DIRECTION('',(-0.,0.,-1.));
#8201 = DIRECTION('',(-0.,-1.,0.));
#8202 = FACE_BOUND('',#8203,.T.);
#8203 = EDGE_LOOP('',(#8204));
#8204 = ORIENTED_EDGE('',*,*,#8205,.T.);
#8205 = EDGE_CURVE('',#8206,#8206,#8208,.T.);
#8206 = VERTEX_POINT('',#8207);
#8207 = CARTESIAN_POINT('',(230.148,-150.81136,1.5162));
#8208 = CIRCLE('',#8209,1.5);
#8209 = AXIS2_PLACEMENT_3D('',#8210,#8211,#8212);
#8210 = CARTESIAN_POINT('',(230.148,-149.31136,1.5162));
#8211 = DIRECTION('',(-0.,0.,-1.));
#8212 = DIRECTION('',(-0.,-1.,0.));
#8213 = FACE_BOUND('',#8214,.T.);
#8214 = EDGE_LOOP('',(#8215));
#8215 = ORIENTED_EDGE('',*,*,#8216,.T.);
#8216 = EDGE_CURVE('',#8217,#8217,#8219,.T.);
#8217 = VERTEX_POINT('',#8218);
#8218 = CARTESIAN_POINT('',(241.578,-155.24226,1.5162));
#8219 = CIRCLE('',#8220,0.8509);
#8220 = AXIS2_PLACEMENT_3D('',#8221,#8222,#8223);
#8221 = CARTESIAN_POINT('',(241.578,-154.39136,1.5162));
#8222 = DIRECTION('',(-0.,0.,-1.));
#8223 = DIRECTION('',(-0.,-1.,0.));
#8224 = FACE_BOUND('',#8225,.T.);
#8225 = EDGE_LOOP('',(#8226));
#8226 = ORIENTED_EDGE('',*,*,#8227,.T.);
#8227 = EDGE_CURVE('',#8228,#8228,#8230,.T.);
#8228 = VERTEX_POINT('',#8229);
#8229 = CARTESIAN_POINT('',(246.658,-156.38526,1.5162));
#8230 = CIRCLE('',#8231,1.9939);
#8231 = AXIS2_PLACEMENT_3D('',#8232,#8233,#8234);
#8232 = CARTESIAN_POINT('',(246.658,-154.39136,1.5162));
#8233 = DIRECTION('',(-0.,0.,-1.));
#8234 = DIRECTION('',(-1.425433042299E-14,-1.,0.));
#8235 = FACE_BOUND('',#8236,.T.);
#8236 = EDGE_LOOP('',(#8237));
#8237 = ORIENTED_EDGE('',*,*,#8238,.T.);
#8238 = EDGE_CURVE('',#8239,#8239,#8241,.T.);
#8239 = VERTEX_POINT('',#8240);
#8240 = CARTESIAN_POINT('',(251.738,-155.24226,1.5162));
#8241 = CIRCLE('',#8242,0.8509);
#8242 = AXIS2_PLACEMENT_3D('',#8243,#8244,#8245);
#8243 = CARTESIAN_POINT('',(251.738,-154.39136,1.5162));
#8244 = DIRECTION('',(-0.,0.,-1.));
#8245 = DIRECTION('',(-0.,-1.,0.));
#8246 = FACE_BOUND('',#8247,.T.);
#8247 = EDGE_LOOP('',(#8248));
#8248 = ORIENTED_EDGE('',*,*,#8249,.T.);
#8249 = EDGE_CURVE('',#8250,#8250,#8252,.T.);
#8250 = VERTEX_POINT('',#8251);
#8251 = CARTESIAN_POINT('',(260.628,-155.24226,1.5162));
#8252 = CIRCLE('',#8253,0.8509);
#8253 = AXIS2_PLACEMENT_3D('',#8254,#8255,#8256);
#8254 = CARTESIAN_POINT('',(260.628,-154.39136,1.5162));
#8255 = DIRECTION('',(-0.,0.,-1.));
#8256 = DIRECTION('',(-6.680387690775E-14,-1.,0.));
#8257 = FACE_BOUND('',#8258,.T.);
#8258 = EDGE_LOOP('',(#8259));
#8259 = ORIENTED_EDGE('',*,*,#8260,.T.);
#8260 = EDGE_CURVE('',#8261,#8261,#8263,.T.);
#8261 = VERTEX_POINT('',#8262);
#8262 = CARTESIAN_POINT('',(265.708,-156.38526,1.5162));
#8263 = CIRCLE('',#8264,1.9939);
#8264 = AXIS2_PLACEMENT_3D('',#8265,#8266,#8267);
#8265 = CARTESIAN_POINT('',(265.708,-154.39136,1.5162));
#8266 = DIRECTION('',(-0.,0.,-1.));
#8267 = DIRECTION('',(2.850866084598E-14,-1.,-0.));
#8268 = FACE_BOUND('',#8269,.T.);
#8269 = EDGE_LOOP('',(#8270));
#8270 = ORIENTED_EDGE('',*,*,#8271,.T.);
#8271 = EDGE_CURVE('',#8272,#8272,#8274,.T.);
#8272 = VERTEX_POINT('',#8273);
#8273 = CARTESIAN_POINT('',(270.788,-155.24226,1.5162));
#8274 = CIRCLE('',#8275,0.8509);
#8275 = AXIS2_PLACEMENT_3D('',#8276,#8277,#8278);
#8276 = CARTESIAN_POINT('',(270.788,-154.39136,1.5162));
#8277 = DIRECTION('',(-0.,0.,-1.));
#8278 = DIRECTION('',(-0.,-1.,0.));
#8279 = FACE_BOUND('',#8280,.T.);
#8280 = EDGE_LOOP('',(#8281));
#8281 = ORIENTED_EDGE('',*,*,#8282,.T.);
#8282 = EDGE_CURVE('',#8283,#8283,#8285,.T.);
#8283 = VERTEX_POINT('',#8284);
#8284 = CARTESIAN_POINT('',(242.848,-153.35136,1.5162));
#8285 = CIRCLE('',#8286,1.5);
#8286 = AXIS2_PLACEMENT_3D('',#8287,#8288,#8289);
#8287 = CARTESIAN_POINT('',(242.848,-151.85136,1.5162));
#8288 = DIRECTION('',(-0.,0.,-1.));
#8289 = DIRECTION('',(-0.,-1.,0.));
#8290 = FACE_BOUND('',#8291,.T.);
#8291 = EDGE_LOOP('',(#8292));
#8292 = ORIENTED_EDGE('',*,*,#8293,.T.);
#8293 = EDGE_CURVE('',#8294,#8294,#8296,.T.);
#8294 = VERTEX_POINT('',#8295);
#8295 = CARTESIAN_POINT('',(249.198,-150.81136,1.5162));
#8296 = CIRCLE('',#8297,1.5);
#8297 = AXIS2_PLACEMENT_3D('',#8298,#8299,#8300);
#8298 = CARTESIAN_POINT('',(249.198,-149.31136,1.5162));
#8299 = DIRECTION('',(-0.,0.,-1.));
#8300 = DIRECTION('',(-0.,-1.,0.));
#8301 = FACE_BOUND('',#8302,.T.);
#8302 = EDGE_LOOP('',(#8303));
#8303 = ORIENTED_EDGE('',*,*,#8304,.T.);
#8304 = EDGE_CURVE('',#8305,#8305,#8307,.T.);
#8305 = VERTEX_POINT('',#8306);
#8306 = CARTESIAN_POINT('',(261.898,-153.35136,1.5162));
#8307 = CIRCLE('',#8308,1.5);
#8308 = AXIS2_PLACEMENT_3D('',#8309,#8310,#8311);
#8309 = CARTESIAN_POINT('',(261.898,-151.85136,1.5162));
#8310 = DIRECTION('',(-0.,0.,-1.));
#8311 = DIRECTION('',(-0.,-1.,0.));
#8312 = FACE_BOUND('',#8313,.T.);
#8313 = EDGE_LOOP('',(#8314));
#8314 = ORIENTED_EDGE('',*,*,#8315,.T.);
#8315 = EDGE_CURVE('',#8316,#8316,#8318,.T.);
#8316 = VERTEX_POINT('',#8317);
#8317 = CARTESIAN_POINT('',(268.248,-150.81136,1.5162));
#8318 = CIRCLE('',#8319,1.5);
#8319 = AXIS2_PLACEMENT_3D('',#8320,#8321,#8322);
#8320 = CARTESIAN_POINT('',(268.248,-149.31136,1.5162));
#8321 = DIRECTION('',(-0.,0.,-1.));
#8322 = DIRECTION('',(-0.,-1.,0.));
#8323 = FACE_BOUND('',#8324,.T.);
#8324 = EDGE_LOOP('',(#8325,#8335,#8343,#8351));
#8325 = ORIENTED_EDGE('',*,*,#8326,.F.);
#8326 = EDGE_CURVE('',#8327,#8329,#8331,.T.);
#8327 = VERTEX_POINT('',#8328);
#8328 = CARTESIAN_POINT('',(216.383,-142.34136,1.5162));
#8329 = VERTEX_POINT('',#8330);
#8330 = CARTESIAN_POINT('',(219.783,-142.34136,1.5162));
#8331 = LINE('',#8332,#8333);
#8332 = CARTESIAN_POINT('',(216.383,-142.34136,1.5162));
#8333 = VECTOR('',#8334,1.);
#8334 = DIRECTION('',(1.,0.,0.));
#8335 = ORIENTED_EDGE('',*,*,#8336,.F.);
#8336 = EDGE_CURVE('',#8337,#8327,#8339,.T.);
#8337 = VERTEX_POINT('',#8338);
#8338 = CARTESIAN_POINT('',(216.383,-139.34136,1.5162));
#8339 = LINE('',#8340,#8341);
#8340 = CARTESIAN_POINT('',(216.383,-139.34136,1.5162));
#8341 = VECTOR('',#8342,1.);
#8342 = DIRECTION('',(0.,-1.,0.));
#8343 = ORIENTED_EDGE('',*,*,#8344,.F.);
#8344 = EDGE_CURVE('',#8345,#8337,#8347,.T.);
#8345 = VERTEX_POINT('',#8346);
#8346 = CARTESIAN_POINT('',(219.783,-139.34136,1.5162));
#8347 = LINE('',#8348,#8349);
#8348 = CARTESIAN_POINT('',(219.783,-139.34136,1.5162));
#8349 = VECTOR('',#8350,1.);
#8350 = DIRECTION('',(-1.,0.,0.));
#8351 = ORIENTED_EDGE('',*,*,#8352,.F.);
#8352 = EDGE_CURVE('',#8329,#8345,#8353,.T.);
#8353 = LINE('',#8354,#8355);
#8354 = CARTESIAN_POINT('',(219.783,-142.34136,1.5162));
#8355 = VECTOR('',#8356,1.);
#8356 = DIRECTION('',(0.,1.,0.));
#8357 = FACE_BOUND('',#8358,.T.);
#8358 = EDGE_LOOP('',(#8359));
#8359 = ORIENTED_EDGE('',*,*,#8360,.T.);
#8360 = EDGE_CURVE('',#8361,#8361,#8363,.T.);
#8361 = VERTEX_POINT('',#8362);
#8362 = CARTESIAN_POINT('',(204.113,-136.19226,1.5162));
#8363 = CIRCLE('',#8364,0.8509);
#8364 = AXIS2_PLACEMENT_3D('',#8365,#8366,#8367);
#8365 = CARTESIAN_POINT('',(204.113,-135.34136,1.5162));
#8366 = DIRECTION('',(-0.,0.,-1.));
#8367 = DIRECTION('',(-0.,-1.,0.));
#8368 = FACE_BOUND('',#8369,.T.);
#8369 = EDGE_LOOP('',(#8370));
#8370 = ORIENTED_EDGE('',*,*,#8371,.T.);
#8371 = EDGE_CURVE('',#8372,#8372,#8374,.T.);
#8372 = VERTEX_POINT('',#8373);
#8373 = CARTESIAN_POINT('',(218.083,-137.33526,1.5162));
#8374 = CIRCLE('',#8375,1.9939);
#8375 = AXIS2_PLACEMENT_3D('',#8376,#8377,#8378);
#8376 = CARTESIAN_POINT('',(218.083,-135.34136,1.5162));
#8377 = DIRECTION('',(-0.,0.,-1.));
#8378 = DIRECTION('',(-0.,-1.,0.));
#8379 = FACE_BOUND('',#8380,.T.);
#8380 = EDGE_LOOP('',(#8381,#8391,#8399,#8407));
#8381 = ORIENTED_EDGE('',*,*,#8382,.F.);
#8382 = EDGE_CURVE('',#8383,#8385,#8387,.T.);
#8383 = VERTEX_POINT('',#8384);
#8384 = CARTESIAN_POINT('',(235.433,-142.34136,1.5162));
#8385 = VERTEX_POINT('',#8386);
#8386 = CARTESIAN_POINT('',(238.833,-142.34136,1.5162));
#8387 = LINE('',#8388,#8389);
#8388 = CARTESIAN_POINT('',(235.433,-142.34136,1.5162));
#8389 = VECTOR('',#8390,1.);
#8390 = DIRECTION('',(1.,0.,0.));
#8391 = ORIENTED_EDGE('',*,*,#8392,.F.);
#8392 = EDGE_CURVE('',#8393,#8383,#8395,.T.);
#8393 = VERTEX_POINT('',#8394);
#8394 = CARTESIAN_POINT('',(235.433,-139.34136,1.5162));
#8395 = LINE('',#8396,#8397);
#8396 = CARTESIAN_POINT('',(235.433,-139.34136,1.5162));
#8397 = VECTOR('',#8398,1.);
#8398 = DIRECTION('',(0.,-1.,0.));
#8399 = ORIENTED_EDGE('',*,*,#8400,.F.);
#8400 = EDGE_CURVE('',#8401,#8393,#8403,.T.);
#8401 = VERTEX_POINT('',#8402);
#8402 = CARTESIAN_POINT('',(238.833,-139.34136,1.5162));
#8403 = LINE('',#8404,#8405);
#8404 = CARTESIAN_POINT('',(238.833,-139.34136,1.5162));
#8405 = VECTOR('',#8406,1.);
#8406 = DIRECTION('',(-1.,0.,0.));
#8407 = ORIENTED_EDGE('',*,*,#8408,.F.);
#8408 = EDGE_CURVE('',#8385,#8401,#8409,.T.);
#8409 = LINE('',#8410,#8411);
#8410 = CARTESIAN_POINT('',(238.833,-142.34136,1.5162));
#8411 = VECTOR('',#8412,1.);
#8412 = DIRECTION('',(0.,1.,0.));
#8413 = FACE_BOUND('',#8414,.T.);
#8414 = EDGE_LOOP('',(#8415));
#8415 = ORIENTED_EDGE('',*,*,#8416,.T.);
#8416 = EDGE_CURVE('',#8417,#8417,#8419,.T.);
#8417 = VERTEX_POINT('',#8418);
#8418 = CARTESIAN_POINT('',(223.163,-136.19226,1.5162));
#8419 = CIRCLE('',#8420,0.8509);
#8420 = AXIS2_PLACEMENT_3D('',#8421,#8422,#8423);
#8421 = CARTESIAN_POINT('',(223.163,-135.34136,1.5162));
#8422 = DIRECTION('',(-0.,0.,-1.));
#8423 = DIRECTION('',(-0.,-1.,0.));
#8424 = FACE_BOUND('',#8425,.T.);
#8425 = EDGE_LOOP('',(#8426));
#8426 = ORIENTED_EDGE('',*,*,#8427,.T.);
#8427 = EDGE_CURVE('',#8428,#8428,#8430,.T.);
#8428 = VERTEX_POINT('',#8429);
#8429 = CARTESIAN_POINT('',(232.053,-136.19226,1.5162));
#8430 = CIRCLE('',#8431,0.8509);
#8431 = AXIS2_PLACEMENT_3D('',#8432,#8433,#8434);
#8432 = CARTESIAN_POINT('',(232.053,-135.34136,1.5162));
#8433 = DIRECTION('',(-0.,0.,-1.));
#8434 = DIRECTION('',(-0.,-1.,0.));
#8435 = FACE_BOUND('',#8436,.T.);
#8436 = EDGE_LOOP('',(#8437));
#8437 = ORIENTED_EDGE('',*,*,#8438,.T.);
#8438 = EDGE_CURVE('',#8439,#8439,#8441,.T.);
#8439 = VERTEX_POINT('',#8440);
#8440 = CARTESIAN_POINT('',(237.133,-137.33526,1.5162));
#8441 = CIRCLE('',#8442,1.9939);
#8442 = AXIS2_PLACEMENT_3D('',#8443,#8444,#8445);
#8443 = CARTESIAN_POINT('',(237.133,-135.34136,1.5162));
#8444 = DIRECTION('',(-0.,0.,-1.));
#8445 = DIRECTION('',(-0.,-1.,0.));
#8446 = FACE_BOUND('',#8447,.T.);
#8447 = EDGE_LOOP('',(#8448));
#8448 = ORIENTED_EDGE('',*,*,#8449,.T.);
#8449 = EDGE_CURVE('',#8450,#8450,#8452,.T.);
#8450 = VERTEX_POINT('',#8451);
#8451 = CARTESIAN_POINT('',(242.213,-136.19226,1.5162));
#8452 = CIRCLE('',#8453,0.8509);
#8453 = AXIS2_PLACEMENT_3D('',#8454,#8455,#8456);
#8454 = CARTESIAN_POINT('',(242.213,-135.34136,1.5162));
#8455 = DIRECTION('',(-0.,0.,-1.));
#8456 = DIRECTION('',(-0.,-1.,0.));
#8457 = FACE_BOUND('',#8458,.T.);
#8458 = EDGE_LOOP('',(#8459));
#8459 = ORIENTED_EDGE('',*,*,#8460,.T.);
#8460 = EDGE_CURVE('',#8461,#8461,#8463,.T.);
#8461 = VERTEX_POINT('',#8462);
#8462 = CARTESIAN_POINT('',(251.103,-136.19226,1.5162));
#8463 = CIRCLE('',#8464,0.8509);
#8464 = AXIS2_PLACEMENT_3D('',#8465,#8466,#8467);
#8465 = CARTESIAN_POINT('',(251.103,-135.34136,1.5162));
#8466 = DIRECTION('',(-0.,0.,-1.));
#8467 = DIRECTION('',(-0.,-1.,0.));
#8468 = FACE_BOUND('',#8469,.T.);
#8469 = EDGE_LOOP('',(#8470,#8480,#8488,#8496));
#8470 = ORIENTED_EDGE('',*,*,#8471,.F.);
#8471 = EDGE_CURVE('',#8472,#8474,#8476,.T.);
#8472 = VERTEX_POINT('',#8473);
#8473 = CARTESIAN_POINT('',(254.483,-142.34136,1.5162));
#8474 = VERTEX_POINT('',#8475);
#8475 = CARTESIAN_POINT('',(257.883,-142.34136,1.5162));
#8476 = LINE('',#8477,#8478);
#8477 = CARTESIAN_POINT('',(254.483,-142.34136,1.5162));
#8478 = VECTOR('',#8479,1.);
#8479 = DIRECTION('',(1.,0.,0.));
#8480 = ORIENTED_EDGE('',*,*,#8481,.F.);
#8481 = EDGE_CURVE('',#8482,#8472,#8484,.T.);
#8482 = VERTEX_POINT('',#8483);
#8483 = CARTESIAN_POINT('',(254.483,-139.34136,1.5162));
#8484 = LINE('',#8485,#8486);
#8485 = CARTESIAN_POINT('',(254.483,-139.34136,1.5162));
#8486 = VECTOR('',#8487,1.);
#8487 = DIRECTION('',(0.,-1.,0.));
#8488 = ORIENTED_EDGE('',*,*,#8489,.F.);
#8489 = EDGE_CURVE('',#8490,#8482,#8492,.T.);
#8490 = VERTEX_POINT('',#8491);
#8491 = CARTESIAN_POINT('',(257.883,-139.34136,1.5162));
#8492 = LINE('',#8493,#8494);
#8493 = CARTESIAN_POINT('',(257.883,-139.34136,1.5162));
#8494 = VECTOR('',#8495,1.);
#8495 = DIRECTION('',(-1.,0.,0.));
#8496 = ORIENTED_EDGE('',*,*,#8497,.F.);
#8497 = EDGE_CURVE('',#8474,#8490,#8498,.T.);
#8498 = LINE('',#8499,#8500);
#8499 = CARTESIAN_POINT('',(257.883,-142.34136,1.5162));
#8500 = VECTOR('',#8501,1.);
#8501 = DIRECTION('',(0.,1.,0.));
#8502 = FACE_BOUND('',#8503,.T.);
#8503 = EDGE_LOOP('',(#8504));
#8504 = ORIENTED_EDGE('',*,*,#8505,.T.);
#8505 = EDGE_CURVE('',#8506,#8506,#8508,.T.);
#8506 = VERTEX_POINT('',#8507);
#8507 = CARTESIAN_POINT('',(256.183,-137.33526,1.5162));
#8508 = CIRCLE('',#8509,1.9939);
#8509 = AXIS2_PLACEMENT_3D('',#8510,#8511,#8512);
#8510 = CARTESIAN_POINT('',(256.183,-135.34136,1.5162));
#8511 = DIRECTION('',(-0.,0.,-1.));
#8512 = DIRECTION('',(-0.,-1.,0.));
#8513 = FACE_BOUND('',#8514,.T.);
#8514 = EDGE_LOOP('',(#8515));
#8515 = ORIENTED_EDGE('',*,*,#8516,.T.);
#8516 = EDGE_CURVE('',#8517,#8517,#8519,.T.);
#8517 = VERTEX_POINT('',#8518);
#8518 = CARTESIAN_POINT('',(261.263,-136.19226,1.5162));
#8519 = CIRCLE('',#8520,0.8509);
#8520 = AXIS2_PLACEMENT_3D('',#8521,#8522,#8523);
#8521 = CARTESIAN_POINT('',(261.263,-135.34136,1.5162));
#8522 = DIRECTION('',(-0.,0.,-1.));
#8523 = DIRECTION('',(-6.680387690776E-14,-1.,0.));
#8524 = FACE_BOUND('',#8525,.T.);
#8525 = EDGE_LOOP('',(#8526));
#8526 = ORIENTED_EDGE('',*,*,#8527,.T.);
#8527 = EDGE_CURVE('',#8528,#8528,#8530,.T.);
#8528 = VERTEX_POINT('',#8529);
#8529 = CARTESIAN_POINT('',(270.153,-136.19226,1.5162));
#8530 = CIRCLE('',#8531,0.8509);
#8531 = AXIS2_PLACEMENT_3D('',#8532,#8533,#8534);
#8532 = CARTESIAN_POINT('',(270.153,-135.34136,1.5162));
#8533 = DIRECTION('',(-0.,0.,-1.));
#8534 = DIRECTION('',(-0.,-1.,0.));
#8535 = FACE_BOUND('',#8536,.T.);
#8536 = EDGE_LOOP('',(#8537));
#8537 = ORIENTED_EDGE('',*,*,#8538,.T.);
#8538 = EDGE_CURVE('',#8539,#8539,#8541,.T.);
#8539 = VERTEX_POINT('',#8540);
#8540 = CARTESIAN_POINT('',(279.678,-155.24226,1.5162));
#8541 = CIRCLE('',#8542,0.8509);
#8542 = AXIS2_PLACEMENT_3D('',#8543,#8544,#8545);
#8543 = CARTESIAN_POINT('',(279.678,-154.39136,1.5162));
#8544 = DIRECTION('',(-0.,0.,-1.));
#8545 = DIRECTION('',(-0.,-1.,0.));
#8546 = FACE_BOUND('',#8547,.T.);
#8547 = EDGE_LOOP('',(#8548));
#8548 = ORIENTED_EDGE('',*,*,#8549,.T.);
#8549 = EDGE_CURVE('',#8550,#8550,#8552,.T.);
#8550 = VERTEX_POINT('',#8551);
#8551 = CARTESIAN_POINT('',(284.758,-156.38526,1.5162));
#8552 = CIRCLE('',#8553,1.9939);
#8553 = AXIS2_PLACEMENT_3D('',#8554,#8555,#8556);
#8554 = CARTESIAN_POINT('',(284.758,-154.39136,1.5162));
#8555 = DIRECTION('',(-0.,0.,-1.));
#8556 = DIRECTION('',(-0.,-1.,0.));
#8557 = FACE_BOUND('',#8558,.T.);
#8558 = EDGE_LOOP('',(#8559));
#8559 = ORIENTED_EDGE('',*,*,#8560,.T.);
#8560 = EDGE_CURVE('',#8561,#8561,#8563,.T.);
#8561 = VERTEX_POINT('',#8562);
#8562 = CARTESIAN_POINT('',(289.838,-155.24226,1.5162));
#8563 = CIRCLE('',#8564,0.8509);
#8564 = AXIS2_PLACEMENT_3D('',#8565,#8566,#8567);
#8565 = CARTESIAN_POINT('',(289.838,-154.39136,1.5162));
#8566 = DIRECTION('',(-0.,0.,-1.));
#8567 = DIRECTION('',(6.680387690775E-14,-1.,-0.));
#8568 = FACE_BOUND('',#8569,.T.);
#8569 = EDGE_LOOP('',(#8570));
#8570 = ORIENTED_EDGE('',*,*,#8571,.T.);
#8571 = EDGE_CURVE('',#8572,#8572,#8574,.T.);
#8572 = VERTEX_POINT('',#8573);
#8573 = CARTESIAN_POINT('',(280.948,-153.35136,1.5162));
#8574 = CIRCLE('',#8575,1.5);
#8575 = AXIS2_PLACEMENT_3D('',#8576,#8577,#8578);
#8576 = CARTESIAN_POINT('',(280.948,-151.85136,1.5162));
#8577 = DIRECTION('',(-0.,0.,-1.));
#8578 = DIRECTION('',(-0.,-1.,0.));
#8579 = FACE_BOUND('',#8580,.T.);
#8580 = EDGE_LOOP('',(#8581));
#8581 = ORIENTED_EDGE('',*,*,#8582,.T.);
#8582 = EDGE_CURVE('',#8583,#8583,#8585,.T.);
#8583 = VERTEX_POINT('',#8584);
#8584 = CARTESIAN_POINT('',(287.298,-150.81136,1.5162));
#8585 = CIRCLE('',#8586,1.5);
#8586 = AXIS2_PLACEMENT_3D('',#8587,#8588,#8589);
#8587 = CARTESIAN_POINT('',(287.298,-149.31136,1.5162));
#8588 = DIRECTION('',(-0.,0.,-1.));
#8589 = DIRECTION('',(-0.,-1.,0.));
#8590 = FACE_BOUND('',#8591,.T.);
#8591 = EDGE_LOOP('',(#8592));
#8592 = ORIENTED_EDGE('',*,*,#8593,.T.);
#8593 = EDGE_CURVE('',#8594,#8594,#8596,.T.);
#8594 = VERTEX_POINT('',#8595);
#8595 = CARTESIAN_POINT('',(315.39675,-155.24226,1.5162));
#8596 = CIRCLE('',#8597,0.8509);
#8597 = AXIS2_PLACEMENT_3D('',#8598,#8599,#8600);
#8598 = CARTESIAN_POINT('',(315.39675,-154.39136,1.5162));
#8599 = DIRECTION('',(-0.,0.,-1.));
#8600 = DIRECTION('',(-0.,-1.,0.));
#8601 = FACE_BOUND('',#8602,.T.);
#8602 = EDGE_LOOP('',(#8603));
#8603 = ORIENTED_EDGE('',*,*,#8604,.T.);
#8604 = EDGE_CURVE('',#8605,#8605,#8607,.T.);
#8605 = VERTEX_POINT('',#8606);
#8606 = CARTESIAN_POINT('',(320.47675,-156.38526,1.5162));
#8607 = CIRCLE('',#8608,1.9939);
#8608 = AXIS2_PLACEMENT_3D('',#8609,#8610,#8611);
#8609 = CARTESIAN_POINT('',(320.47675,-154.39136,1.5162));
#8610 = DIRECTION('',(-0.,0.,-1.));
#8611 = DIRECTION('',(-0.,-1.,0.));
#8612 = FACE_BOUND('',#8613,.T.);
#8613 = EDGE_LOOP('',(#8614));
#8614 = ORIENTED_EDGE('',*,*,#8615,.T.);
#8615 = EDGE_CURVE('',#8616,#8616,#8618,.T.);
#8616 = VERTEX_POINT('',#8617);
#8617 = CARTESIAN_POINT('',(325.55675,-155.24226,1.5162));
#8618 = CIRCLE('',#8619,0.8509);
#8619 = AXIS2_PLACEMENT_3D('',#8620,#8621,#8622);
#8620 = CARTESIAN_POINT('',(325.55675,-154.39136,1.5162));
#8621 = DIRECTION('',(-0.,0.,-1.));
#8622 = DIRECTION('',(6.680387690775E-14,-1.,-0.));
#8623 = FACE_BOUND('',#8624,.T.);
#8624 = EDGE_LOOP('',(#8625));
#8625 = ORIENTED_EDGE('',*,*,#8626,.T.);
#8626 = EDGE_CURVE('',#8627,#8627,#8629,.T.);
#8627 = VERTEX_POINT('',#8628);
#8628 = CARTESIAN_POINT('',(316.66675,-153.35136,1.5162));
#8629 = CIRCLE('',#8630,1.5);
#8630 = AXIS2_PLACEMENT_3D('',#8631,#8632,#8633);
#8631 = CARTESIAN_POINT('',(316.66675,-151.85136,1.5162));
#8632 = DIRECTION('',(-0.,0.,-1.));
#8633 = DIRECTION('',(-0.,-1.,0.));
#8634 = FACE_BOUND('',#8635,.T.);
#8635 = EDGE_LOOP('',(#8636));
#8636 = ORIENTED_EDGE('',*,*,#8637,.T.);
#8637 = EDGE_CURVE('',#8638,#8638,#8640,.T.);
#8638 = VERTEX_POINT('',#8639);
#8639 = CARTESIAN_POINT('',(308.53875,-148.93036,1.5162));
#8640 = CIRCLE('',#8641,1.524);
#8641 = AXIS2_PLACEMENT_3D('',#8642,#8643,#8644);
#8642 = CARTESIAN_POINT('',(308.53875,-147.40636,1.5162));
#8643 = DIRECTION('',(-0.,0.,-1.));
#8644 = DIRECTION('',(-0.,-1.,0.));
#8645 = FACE_BOUND('',#8646,.T.);
#8646 = EDGE_LOOP('',(#8647));
#8647 = ORIENTED_EDGE('',*,*,#8648,.T.);
#8648 = EDGE_CURVE('',#8649,#8649,#8651,.T.);
#8649 = VERTEX_POINT('',#8650);
#8650 = CARTESIAN_POINT('',(323.01675,-150.81136,1.5162));
#8651 = CIRCLE('',#8652,1.5);
#8652 = AXIS2_PLACEMENT_3D('',#8653,#8654,#8655);
#8653 = CARTESIAN_POINT('',(323.01675,-149.31136,1.5162));
#8654 = DIRECTION('',(-0.,0.,-1.));
#8655 = DIRECTION('',(-0.,-1.,0.));
#8656 = FACE_BOUND('',#8657,.T.);
#8657 = EDGE_LOOP('',(#8658));
#8658 = ORIENTED_EDGE('',*,*,#8659,.T.);
#8659 = EDGE_CURVE('',#8660,#8660,#8662,.T.);
#8660 = VERTEX_POINT('',#8661);
#8661 = CARTESIAN_POINT('',(332.41475,-148.93036,1.5162));
#8662 = CIRCLE('',#8663,1.524);
#8663 = AXIS2_PLACEMENT_3D('',#8664,#8665,#8666);
#8664 = CARTESIAN_POINT('',(332.41475,-147.40636,1.5162));
#8665 = DIRECTION('',(-0.,0.,-1.));
#8666 = DIRECTION('',(-0.,-1.,0.));
#8667 = FACE_BOUND('',#8668,.T.);
#8668 = EDGE_LOOP('',(#8669,#8679,#8687,#8695));
#8669 = ORIENTED_EDGE('',*,*,#8670,.F.);
#8670 = EDGE_CURVE('',#8671,#8673,#8675,.T.);
#8671 = VERTEX_POINT('',#8672);
#8672 = CARTESIAN_POINT('',(273.533,-142.34136,1.5162));
#8673 = VERTEX_POINT('',#8674);
#8674 = CARTESIAN_POINT('',(276.933,-142.34136,1.5162));
#8675 = LINE('',#8676,#8677);
#8676 = CARTESIAN_POINT('',(273.533,-142.34136,1.5162));
#8677 = VECTOR('',#8678,1.);
#8678 = DIRECTION('',(1.,0.,0.));
#8679 = ORIENTED_EDGE('',*,*,#8680,.F.);
#8680 = EDGE_CURVE('',#8681,#8671,#8683,.T.);
#8681 = VERTEX_POINT('',#8682);
#8682 = CARTESIAN_POINT('',(273.533,-139.34136,1.5162));
#8683 = LINE('',#8684,#8685);
#8684 = CARTESIAN_POINT('',(273.533,-139.34136,1.5162));
#8685 = VECTOR('',#8686,1.);
#8686 = DIRECTION('',(0.,-1.,0.));
#8687 = ORIENTED_EDGE('',*,*,#8688,.F.);
#8688 = EDGE_CURVE('',#8689,#8681,#8691,.T.);
#8689 = VERTEX_POINT('',#8690);
#8690 = CARTESIAN_POINT('',(276.933,-139.34136,1.5162));
#8691 = LINE('',#8692,#8693);
#8692 = CARTESIAN_POINT('',(276.933,-139.34136,1.5162));
#8693 = VECTOR('',#8694,1.);
#8694 = DIRECTION('',(-1.,0.,0.));
#8695 = ORIENTED_EDGE('',*,*,#8696,.F.);
#8696 = EDGE_CURVE('',#8673,#8689,#8697,.T.);
#8697 = LINE('',#8698,#8699);
#8698 = CARTESIAN_POINT('',(276.933,-142.34136,1.5162));
#8699 = VECTOR('',#8700,1.);
#8700 = DIRECTION('',(0.,1.,0.));
#8701 = FACE_BOUND('',#8702,.T.);
#8702 = EDGE_LOOP('',(#8703,#8713,#8721,#8729));
#8703 = ORIENTED_EDGE('',*,*,#8704,.F.);
#8704 = EDGE_CURVE('',#8705,#8707,#8709,.T.);
#8705 = VERTEX_POINT('',#8706);
#8706 = CARTESIAN_POINT('',(292.583,-142.34136,1.5162));
#8707 = VERTEX_POINT('',#8708);
#8708 = CARTESIAN_POINT('',(295.983,-142.34136,1.5162));
#8709 = LINE('',#8710,#8711);
#8710 = CARTESIAN_POINT('',(292.583,-142.34136,1.5162));
#8711 = VECTOR('',#8712,1.);
#8712 = DIRECTION('',(1.,0.,0.));
#8713 = ORIENTED_EDGE('',*,*,#8714,.F.);
#8714 = EDGE_CURVE('',#8715,#8705,#8717,.T.);
#8715 = VERTEX_POINT('',#8716);
#8716 = CARTESIAN_POINT('',(292.583,-139.34136,1.5162));
#8717 = LINE('',#8718,#8719);
#8718 = CARTESIAN_POINT('',(292.583,-139.34136,1.5162));
#8719 = VECTOR('',#8720,1.);
#8720 = DIRECTION('',(0.,-1.,0.));
#8721 = ORIENTED_EDGE('',*,*,#8722,.F.);
#8722 = EDGE_CURVE('',#8723,#8715,#8725,.T.);
#8723 = VERTEX_POINT('',#8724);
#8724 = CARTESIAN_POINT('',(295.983,-139.34136,1.5162));
#8725 = LINE('',#8726,#8727);
#8726 = CARTESIAN_POINT('',(295.983,-139.34136,1.5162));
#8727 = VECTOR('',#8728,1.);
#8728 = DIRECTION('',(-1.,0.,0.));
#8729 = ORIENTED_EDGE('',*,*,#8730,.F.);
#8730 = EDGE_CURVE('',#8707,#8723,#8731,.T.);
#8731 = LINE('',#8732,#8733);
#8732 = CARTESIAN_POINT('',(295.983,-142.34136,1.5162));
#8733 = VECTOR('',#8734,1.);
#8734 = DIRECTION('',(0.,1.,0.));
#8735 = FACE_BOUND('',#8736,.T.);
#8736 = EDGE_LOOP('',(#8737));
#8737 = ORIENTED_EDGE('',*,*,#8738,.T.);
#8738 = EDGE_CURVE('',#8739,#8739,#8741,.T.);
#8739 = VERTEX_POINT('',#8740);
#8740 = CARTESIAN_POINT('',(294.283,-137.33526,1.5162));
#8741 = CIRCLE('',#8742,1.9939);
#8742 = AXIS2_PLACEMENT_3D('',#8743,#8744,#8745);
#8743 = CARTESIAN_POINT('',(294.283,-135.34136,1.5162));
#8744 = DIRECTION('',(-0.,0.,-1.));
#8745 = DIRECTION('',(-0.,-1.,0.));
#8746 = FACE_BOUND('',#8747,.T.);
#8747 = EDGE_LOOP('',(#8748));
#8748 = ORIENTED_EDGE('',*,*,#8749,.T.);
#8749 = EDGE_CURVE('',#8750,#8750,#8752,.T.);
#8750 = VERTEX_POINT('',#8751);
#8751 = CARTESIAN_POINT('',(313.30125,-145.59026,1.5162));
#8752 = CIRCLE('',#8753,1.9939);
#8753 = AXIS2_PLACEMENT_3D('',#8754,#8755,#8756);
#8754 = CARTESIAN_POINT('',(313.30125,-143.59636,1.5162));
#8755 = DIRECTION('',(-0.,0.,-1.));
#8756 = DIRECTION('',(-0.,-1.,0.));
#8757 = FACE_BOUND('',#8758,.T.);
#8758 = EDGE_LOOP('',(#8759));
#8759 = ORIENTED_EDGE('',*,*,#8760,.T.);
#8760 = EDGE_CURVE('',#8761,#8761,#8763,.T.);
#8761 = VERTEX_POINT('',#8762);
#8762 = CARTESIAN_POINT('',(337.17725,-145.59026,1.5162));
#8763 = CIRCLE('',#8764,1.9939);
#8764 = AXIS2_PLACEMENT_3D('',#8765,#8766,#8767);
#8765 = CARTESIAN_POINT('',(337.17725,-143.59636,1.5162));
#8766 = DIRECTION('',(-0.,0.,-1.));
#8767 = DIRECTION('',(-0.,-1.,0.));
#8768 = FACE_BOUND('',#8769,.T.);
#8769 = EDGE_LOOP('',(#8770));
#8770 = ORIENTED_EDGE('',*,*,#8771,.T.);
#8771 = EDGE_CURVE('',#8772,#8772,#8774,.T.);
#8772 = VERTEX_POINT('',#8773);
#8773 = CARTESIAN_POINT('',(320.15925,-136.19226,1.5162));
#8774 = CIRCLE('',#8775,0.8509);
#8775 = AXIS2_PLACEMENT_3D('',#8776,#8777,#8778);
#8776 = CARTESIAN_POINT('',(320.15925,-135.34136,1.5162));
#8777 = DIRECTION('',(-0.,0.,-1.));
#8778 = DIRECTION('',(-6.680387690776E-14,-1.,0.));
#8779 = FACE_BOUND('',#8780,.T.);
#8780 = EDGE_LOOP('',(#8781,#8791,#8799,#8807));
#8781 = ORIENTED_EDGE('',*,*,#8782,.F.);
#8782 = EDGE_CURVE('',#8783,#8785,#8787,.T.);
#8783 = VERTEX_POINT('',#8784);
#8784 = CARTESIAN_POINT('',(323.53925,-142.34136,1.5162));
#8785 = VERTEX_POINT('',#8786);
#8786 = CARTESIAN_POINT('',(326.93925,-142.34136,1.5162));
#8787 = LINE('',#8788,#8789);
#8788 = CARTESIAN_POINT('',(323.53925,-142.34136,1.5162));
#8789 = VECTOR('',#8790,1.);
#8790 = DIRECTION('',(1.,0.,0.));
#8791 = ORIENTED_EDGE('',*,*,#8792,.F.);
#8792 = EDGE_CURVE('',#8793,#8783,#8795,.T.);
#8793 = VERTEX_POINT('',#8794);
#8794 = CARTESIAN_POINT('',(323.53925,-139.34136,1.5162));
#8795 = LINE('',#8796,#8797);
#8796 = CARTESIAN_POINT('',(323.53925,-139.34136,1.5162));
#8797 = VECTOR('',#8798,1.);
#8798 = DIRECTION('',(0.,-1.,0.));
#8799 = ORIENTED_EDGE('',*,*,#8800,.F.);
#8800 = EDGE_CURVE('',#8801,#8793,#8803,.T.);
#8801 = VERTEX_POINT('',#8802);
#8802 = CARTESIAN_POINT('',(326.93925,-139.34136,1.5162));
#8803 = LINE('',#8804,#8805);
#8804 = CARTESIAN_POINT('',(326.93925,-139.34136,1.5162));
#8805 = VECTOR('',#8806,1.);
#8806 = DIRECTION('',(-1.,0.,0.));
#8807 = ORIENTED_EDGE('',*,*,#8808,.F.);
#8808 = EDGE_CURVE('',#8785,#8801,#8809,.T.);
#8809 = LINE('',#8810,#8811);
#8810 = CARTESIAN_POINT('',(326.93925,-142.34136,1.5162));
#8811 = VECTOR('',#8812,1.);
#8812 = DIRECTION('',(0.,1.,0.));
#8813 = FACE_BOUND('',#8814,.T.);
#8814 = EDGE_LOOP('',(#8815));
#8815 = ORIENTED_EDGE('',*,*,#8816,.T.);
#8816 = EDGE_CURVE('',#8817,#8817,#8819,.T.);
#8817 = VERTEX_POINT('',#8818);
#8818 = CARTESIAN_POINT('',(330.31925,-136.19226,1.5162));
#8819 = CIRCLE('',#8820,0.8509);
#8820 = AXIS2_PLACEMENT_3D('',#8821,#8822,#8823);
#8821 = CARTESIAN_POINT('',(330.31925,-135.34136,1.5162));
#8822 = DIRECTION('',(-0.,0.,-1.));
#8823 = DIRECTION('',(-0.,-1.,0.));
#8824 = FACE_BOUND('',#8825,.T.);
#8825 = EDGE_LOOP('',(#8826));
#8826 = ORIENTED_EDGE('',*,*,#8827,.T.);
#8827 = EDGE_CURVE('',#8828,#8828,#8830,.T.);
#8828 = VERTEX_POINT('',#8829);
#8829 = CARTESIAN_POINT('',(77.58925,-137.33526,1.5162));
#8830 = CIRCLE('',#8831,1.9939);
#8831 = AXIS2_PLACEMENT_3D('',#8832,#8833,#8834);
#8832 = CARTESIAN_POINT('',(77.58925,-135.34136,1.5162));
#8833 = DIRECTION('',(-0.,0.,-1.));
#8834 = DIRECTION('',(7.127165211496E-15,-1.,-0.));
#8835 = FACE_BOUND('',#8836,.T.);
#8836 = EDGE_LOOP('',(#8837));
#8837 = ORIENTED_EDGE('',*,*,#8838,.T.);
#8838 = EDGE_CURVE('',#8839,#8839,#8841,.T.);
#8839 = VERTEX_POINT('',#8840);
#8840 = CARTESIAN_POINT('',(73.77925,-134.30136,1.5162));
#8841 = CIRCLE('',#8842,1.5);
#8842 = AXIS2_PLACEMENT_3D('',#8843,#8844,#8845);
#8843 = CARTESIAN_POINT('',(73.77925,-132.80136,1.5162));
#8844 = DIRECTION('',(-0.,0.,-1.));
#8845 = DIRECTION('',(-0.,-1.,0.));
#8846 = FACE_BOUND('',#8847,.T.);
#8847 = EDGE_LOOP('',(#8848));
#8848 = ORIENTED_EDGE('',*,*,#8849,.T.);
#8849 = EDGE_CURVE('',#8850,#8850,#8852,.T.);
#8850 = VERTEX_POINT('',#8851);
#8851 = CARTESIAN_POINT('',(80.12925,-131.76136,1.5162));
#8852 = CIRCLE('',#8853,1.5);
#8853 = AXIS2_PLACEMENT_3D('',#8854,#8855,#8856);
#8854 = CARTESIAN_POINT('',(80.12925,-130.26136,1.5162));
#8855 = DIRECTION('',(-0.,0.,-1.));
#8856 = DIRECTION('',(-0.,-1.,0.));
#8857 = FACE_BOUND('',#8858,.T.);
#8858 = EDGE_LOOP('',(#8859));
#8859 = ORIENTED_EDGE('',*,*,#8860,.T.);
#8860 = EDGE_CURVE('',#8861,#8861,#8863,.T.);
#8861 = VERTEX_POINT('',#8862);
#8862 = CARTESIAN_POINT('',(99.973,-134.30136,1.5162));
#8863 = CIRCLE('',#8864,1.5);
#8864 = AXIS2_PLACEMENT_3D('',#8865,#8866,#8867);
#8865 = CARTESIAN_POINT('',(99.973,-132.80136,1.5162));
#8866 = DIRECTION('',(-0.,0.,-1.));
#8867 = DIRECTION('',(-0.,-1.,0.));
#8868 = FACE_BOUND('',#8869,.T.);
#8869 = EDGE_LOOP('',(#8870));
#8870 = ORIENTED_EDGE('',*,*,#8871,.T.);
#8871 = EDGE_CURVE('',#8872,#8872,#8874,.T.);
#8872 = VERTEX_POINT('',#8873);
#8873 = CARTESIAN_POINT('',(106.323,-131.76136,1.5162));
#8874 = CIRCLE('',#8875,1.5);
#8875 = AXIS2_PLACEMENT_3D('',#8876,#8877,#8878);
#8876 = CARTESIAN_POINT('',(106.323,-130.26136,1.5162));
#8877 = DIRECTION('',(-0.,0.,-1.));
#8878 = DIRECTION('',(-0.,-1.,0.));
#8879 = FACE_BOUND('',#8880,.T.);
#8880 = EDGE_LOOP('',(#8881));
#8881 = ORIENTED_EDGE('',*,*,#8882,.T.);
#8882 = EDGE_CURVE('',#8883,#8883,#8885,.T.);
#8883 = VERTEX_POINT('',#8884);
#8884 = CARTESIAN_POINT('',(119.023,-134.30136,1.5162));
#8885 = CIRCLE('',#8886,1.5);
#8886 = AXIS2_PLACEMENT_3D('',#8887,#8888,#8889);
#8887 = CARTESIAN_POINT('',(119.023,-132.80136,1.5162));
#8888 = DIRECTION('',(-0.,0.,-1.));
#8889 = DIRECTION('',(-0.,-1.,0.));
#8890 = FACE_BOUND('',#8891,.T.);
#8891 = EDGE_LOOP('',(#8892));
#8892 = ORIENTED_EDGE('',*,*,#8893,.T.);
#8893 = EDGE_CURVE('',#8894,#8894,#8896,.T.);
#8894 = VERTEX_POINT('',#8895);
#8895 = CARTESIAN_POINT('',(125.373,-131.76136,1.5162));
#8896 = CIRCLE('',#8897,1.5);
#8897 = AXIS2_PLACEMENT_3D('',#8898,#8899,#8900);
#8898 = CARTESIAN_POINT('',(125.373,-130.26136,1.5162));
#8899 = DIRECTION('',(-0.,0.,-1.));
#8900 = DIRECTION('',(-0.,-1.,0.));
#8901 = FACE_BOUND('',#8902,.T.);
#8902 = EDGE_LOOP('',(#8903,#8913,#8921,#8929));
#8903 = ORIENTED_EDGE('',*,*,#8904,.F.);
#8904 = EDGE_CURVE('',#8905,#8907,#8909,.T.);
#8905 = VERTEX_POINT('',#8906);
#8906 = CARTESIAN_POINT('',(73.508,-123.29136,1.5162));
#8907 = VERTEX_POINT('',#8908);
#8908 = CARTESIAN_POINT('',(76.908,-123.29136,1.5162));
#8909 = LINE('',#8910,#8911);
#8910 = CARTESIAN_POINT('',(73.508,-123.29136,1.5162));
#8911 = VECTOR('',#8912,1.);
#8912 = DIRECTION('',(1.,0.,0.));
#8913 = ORIENTED_EDGE('',*,*,#8914,.F.);
#8914 = EDGE_CURVE('',#8915,#8905,#8917,.T.);
#8915 = VERTEX_POINT('',#8916);
#8916 = CARTESIAN_POINT('',(73.508,-120.29136,1.5162));
#8917 = LINE('',#8918,#8919);
#8918 = CARTESIAN_POINT('',(73.508,-120.29136,1.5162));
#8919 = VECTOR('',#8920,1.);
#8920 = DIRECTION('',(0.,-1.,0.));
#8921 = ORIENTED_EDGE('',*,*,#8922,.F.);
#8922 = EDGE_CURVE('',#8923,#8915,#8925,.T.);
#8923 = VERTEX_POINT('',#8924);
#8924 = CARTESIAN_POINT('',(76.908,-120.29136,1.5162));
#8925 = LINE('',#8926,#8927);
#8926 = CARTESIAN_POINT('',(76.908,-120.29136,1.5162));
#8927 = VECTOR('',#8928,1.);
#8928 = DIRECTION('',(-1.,0.,0.));
#8929 = ORIENTED_EDGE('',*,*,#8930,.F.);
#8930 = EDGE_CURVE('',#8907,#8923,#8931,.T.);
#8931 = LINE('',#8932,#8933);
#8932 = CARTESIAN_POINT('',(76.908,-123.29136,1.5162));
#8933 = VECTOR('',#8934,1.);
#8934 = DIRECTION('',(0.,1.,0.));
#8935 = FACE_BOUND('',#8936,.T.);
#8936 = EDGE_LOOP('',(#8937,#8947,#8955,#8963));
#8937 = ORIENTED_EDGE('',*,*,#8938,.F.);
#8938 = EDGE_CURVE('',#8939,#8941,#8943,.T.);
#8939 = VERTEX_POINT('',#8940);
#8940 = CARTESIAN_POINT('',(97.3205,-123.29136,1.5162));
#8941 = VERTEX_POINT('',#8942);
#8942 = CARTESIAN_POINT('',(100.7205,-123.29136,1.5162));
#8943 = LINE('',#8944,#8945);
#8944 = CARTESIAN_POINT('',(97.3205,-123.29136,1.5162));
#8945 = VECTOR('',#8946,1.);
#8946 = DIRECTION('',(1.,0.,0.));
#8947 = ORIENTED_EDGE('',*,*,#8948,.F.);
#8948 = EDGE_CURVE('',#8949,#8939,#8951,.T.);
#8949 = VERTEX_POINT('',#8950);
#8950 = CARTESIAN_POINT('',(97.3205,-120.29136,1.5162));
#8951 = LINE('',#8952,#8953);
#8952 = CARTESIAN_POINT('',(97.3205,-120.29136,1.5162));
#8953 = VECTOR('',#8954,1.);
#8954 = DIRECTION('',(0.,-1.,0.));
#8955 = ORIENTED_EDGE('',*,*,#8956,.F.);
#8956 = EDGE_CURVE('',#8957,#8949,#8959,.T.);
#8957 = VERTEX_POINT('',#8958);
#8958 = CARTESIAN_POINT('',(100.7205,-120.29136,1.5162));
#8959 = LINE('',#8960,#8961);
#8960 = CARTESIAN_POINT('',(100.7205,-120.29136,1.5162));
#8961 = VECTOR('',#8962,1.);
#8962 = DIRECTION('',(-1.,0.,0.));
#8963 = ORIENTED_EDGE('',*,*,#8964,.F.);
#8964 = EDGE_CURVE('',#8941,#8957,#8965,.T.);
#8965 = LINE('',#8966,#8967);
#8966 = CARTESIAN_POINT('',(100.7205,-123.29136,1.5162));
#8967 = VECTOR('',#8968,1.);
#8968 = DIRECTION('',(0.,1.,0.));
#8969 = FACE_BOUND('',#8970,.T.);
#8970 = EDGE_LOOP('',(#8971));
#8971 = ORIENTED_EDGE('',*,*,#8972,.T.);
#8972 = EDGE_CURVE('',#8973,#8973,#8975,.T.);
#8973 = VERTEX_POINT('',#8974);
#8974 = CARTESIAN_POINT('',(70.128,-117.14226,1.5162));
#8975 = CIRCLE('',#8976,0.8509);
#8976 = AXIS2_PLACEMENT_3D('',#8977,#8978,#8979);
#8977 = CARTESIAN_POINT('',(70.128,-116.29136,1.5162));
#8978 = DIRECTION('',(-0.,0.,-1.));
#8979 = DIRECTION('',(-0.,-1.,0.));
#8980 = FACE_BOUND('',#8981,.T.);
#8981 = EDGE_LOOP('',(#8982));
#8982 = ORIENTED_EDGE('',*,*,#8983,.T.);
#8983 = EDGE_CURVE('',#8984,#8984,#8986,.T.);
#8984 = VERTEX_POINT('',#8985);
#8985 = CARTESIAN_POINT('',(75.208,-118.28526,1.5162));
#8986 = CIRCLE('',#8987,1.9939);
#8987 = AXIS2_PLACEMENT_3D('',#8988,#8989,#8990);
#8988 = CARTESIAN_POINT('',(75.208,-116.29136,1.5162));
#8989 = DIRECTION('',(-0.,0.,-1.));
#8990 = DIRECTION('',(-0.,-1.,0.));
#8991 = FACE_BOUND('',#8992,.T.);
#8992 = EDGE_LOOP('',(#8993));
#8993 = ORIENTED_EDGE('',*,*,#8994,.T.);
#8994 = EDGE_CURVE('',#8995,#8995,#8997,.T.);
#8995 = VERTEX_POINT('',#8996);
#8996 = CARTESIAN_POINT('',(80.288,-117.14226,1.5162));
#8997 = CIRCLE('',#8998,0.8509);
#8998 = AXIS2_PLACEMENT_3D('',#8999,#9000,#9001);
#8999 = CARTESIAN_POINT('',(80.288,-116.29136,1.5162));
#9000 = DIRECTION('',(-0.,0.,-1.));
#9001 = DIRECTION('',(-1.670096922694E-14,-1.,0.));
#9002 = FACE_BOUND('',#9003,.T.);
#9003 = EDGE_LOOP('',(#9004));
#9004 = ORIENTED_EDGE('',*,*,#9005,.T.);
#9005 = EDGE_CURVE('',#9006,#9006,#9008,.T.);
#9006 = VERTEX_POINT('',#9007);
#9007 = CARTESIAN_POINT('',(71.398,-115.25136,1.5162));
#9008 = CIRCLE('',#9009,1.5);
#9009 = AXIS2_PLACEMENT_3D('',#9010,#9011,#9012);
#9010 = CARTESIAN_POINT('',(71.398,-113.75136,1.5162));
#9011 = DIRECTION('',(-0.,0.,-1.));
#9012 = DIRECTION('',(-0.,-1.,0.));
#9013 = FACE_BOUND('',#9014,.T.);
#9014 = EDGE_LOOP('',(#9015));
#9015 = ORIENTED_EDGE('',*,*,#9016,.T.);
#9016 = EDGE_CURVE('',#9017,#9017,#9019,.T.);
#9017 = VERTEX_POINT('',#9018);
#9018 = CARTESIAN_POINT('',(93.9405,-117.14226,1.5162));
#9019 = CIRCLE('',#9020,0.8509);
#9020 = AXIS2_PLACEMENT_3D('',#9021,#9022,#9023);
#9021 = CARTESIAN_POINT('',(93.9405,-116.29136,1.5162));
#9022 = DIRECTION('',(-0.,0.,-1.));
#9023 = DIRECTION('',(-0.,-1.,0.));
#9024 = FACE_BOUND('',#9025,.T.);
#9025 = EDGE_LOOP('',(#9026));
#9026 = ORIENTED_EDGE('',*,*,#9027,.T.);
#9027 = EDGE_CURVE('',#9028,#9028,#9030,.T.);
#9028 = VERTEX_POINT('',#9029);
#9029 = CARTESIAN_POINT('',(99.0205,-118.28526,1.5162));
#9030 = CIRCLE('',#9031,1.9939);
#9031 = AXIS2_PLACEMENT_3D('',#9032,#9033,#9034);
#9032 = CARTESIAN_POINT('',(99.0205,-116.29136,1.5162));
#9033 = DIRECTION('',(-0.,0.,-1.));
#9034 = DIRECTION('',(-0.,-1.,0.));
#9035 = FACE_BOUND('',#9036,.T.);
#9036 = EDGE_LOOP('',(#9037));
#9037 = ORIENTED_EDGE('',*,*,#9038,.T.);
#9038 = EDGE_CURVE('',#9039,#9039,#9041,.T.);
#9039 = VERTEX_POINT('',#9040);
#9040 = CARTESIAN_POINT('',(95.2105,-115.25136,1.5162));
#9041 = CIRCLE('',#9042,1.5);
#9042 = AXIS2_PLACEMENT_3D('',#9043,#9044,#9045);
#9043 = CARTESIAN_POINT('',(95.2105,-113.75136,1.5162));
#9044 = DIRECTION('',(-0.,0.,-1.));
#9045 = DIRECTION('',(-0.,-1.,0.));
#9046 = FACE_BOUND('',#9047,.T.);
#9047 = EDGE_LOOP('',(#9048,#9058,#9066,#9074));
#9048 = ORIENTED_EDGE('',*,*,#9049,.F.);
#9049 = EDGE_CURVE('',#9050,#9052,#9054,.T.);
#9050 = VERTEX_POINT('',#9051);
#9051 = CARTESIAN_POINT('',(116.3705,-123.29136,1.5162));
#9052 = VERTEX_POINT('',#9053);
#9053 = CARTESIAN_POINT('',(119.7705,-123.29136,1.5162));
#9054 = LINE('',#9055,#9056);
#9055 = CARTESIAN_POINT('',(116.3705,-123.29136,1.5162));
#9056 = VECTOR('',#9057,1.);
#9057 = DIRECTION('',(1.,0.,0.));
#9058 = ORIENTED_EDGE('',*,*,#9059,.F.);
#9059 = EDGE_CURVE('',#9060,#9050,#9062,.T.);
#9060 = VERTEX_POINT('',#9061);
#9061 = CARTESIAN_POINT('',(116.3705,-120.29136,1.5162));
#9062 = LINE('',#9063,#9064);
#9063 = CARTESIAN_POINT('',(116.3705,-120.29136,1.5162));
#9064 = VECTOR('',#9065,1.);
#9065 = DIRECTION('',(0.,-1.,0.));
#9066 = ORIENTED_EDGE('',*,*,#9067,.F.);
#9067 = EDGE_CURVE('',#9068,#9060,#9070,.T.);
#9068 = VERTEX_POINT('',#9069);
#9069 = CARTESIAN_POINT('',(119.7705,-120.29136,1.5162));
#9070 = LINE('',#9071,#9072);
#9071 = CARTESIAN_POINT('',(119.7705,-120.29136,1.5162));
#9072 = VECTOR('',#9073,1.);
#9073 = DIRECTION('',(-1.,0.,0.));
#9074 = ORIENTED_EDGE('',*,*,#9075,.F.);
#9075 = EDGE_CURVE('',#9052,#9068,#9076,.T.);
#9076 = LINE('',#9077,#9078);
#9077 = CARTESIAN_POINT('',(119.7705,-123.29136,1.5162));
#9078 = VECTOR('',#9079,1.);
#9079 = DIRECTION('',(0.,1.,0.));
#9080 = FACE_BOUND('',#9081,.T.);
#9081 = EDGE_LOOP('',(#9082));
#9082 = ORIENTED_EDGE('',*,*,#9083,.T.);
#9083 = EDGE_CURVE('',#9084,#9084,#9086,.T.);
#9084 = VERTEX_POINT('',#9085);
#9085 = CARTESIAN_POINT('',(104.1005,-117.14226,1.5162));
#9086 = CIRCLE('',#9087,0.8509);
#9087 = AXIS2_PLACEMENT_3D('',#9088,#9089,#9090);
#9088 = CARTESIAN_POINT('',(104.1005,-116.29136,1.5162));
#9089 = DIRECTION('',(-0.,0.,-1.));
#9090 = DIRECTION('',(-1.670096922694E-14,-1.,0.));
#9091 = FACE_BOUND('',#9092,.T.);
#9092 = EDGE_LOOP('',(#9093));
#9093 = ORIENTED_EDGE('',*,*,#9094,.T.);
#9094 = EDGE_CURVE('',#9095,#9095,#9097,.T.);
#9095 = VERTEX_POINT('',#9096);
#9096 = CARTESIAN_POINT('',(112.9905,-117.14226,1.5162));
#9097 = CIRCLE('',#9098,0.8509);
#9098 = AXIS2_PLACEMENT_3D('',#9099,#9100,#9101);
#9099 = CARTESIAN_POINT('',(112.9905,-116.29136,1.5162));
#9100 = DIRECTION('',(-0.,0.,-1.));
#9101 = DIRECTION('',(-0.,-1.,0.));
#9102 = FACE_BOUND('',#9103,.T.);
#9103 = EDGE_LOOP('',(#9104));
#9104 = ORIENTED_EDGE('',*,*,#9105,.T.);
#9105 = EDGE_CURVE('',#9106,#9106,#9108,.T.);
#9106 = VERTEX_POINT('',#9107);
#9107 = CARTESIAN_POINT('',(114.2605,-115.25136,1.5162));
#9108 = CIRCLE('',#9109,1.5);
#9109 = AXIS2_PLACEMENT_3D('',#9110,#9111,#9112);
#9110 = CARTESIAN_POINT('',(114.2605,-113.75136,1.5162));
#9111 = DIRECTION('',(-0.,0.,-1.));
#9112 = DIRECTION('',(-0.,-1.,0.));
#9113 = FACE_BOUND('',#9114,.T.);
#9114 = EDGE_LOOP('',(#9115));
#9115 = ORIENTED_EDGE('',*,*,#9116,.T.);
#9116 = EDGE_CURVE('',#9117,#9117,#9119,.T.);
#9117 = VERTEX_POINT('',#9118);
#9118 = CARTESIAN_POINT('',(118.0705,-118.28526,1.5162));
#9119 = CIRCLE('',#9120,1.9939);
#9120 = AXIS2_PLACEMENT_3D('',#9121,#9122,#9123);
#9121 = CARTESIAN_POINT('',(118.0705,-116.29136,1.5162));
#9122 = DIRECTION('',(-0.,0.,-1.));
#9123 = DIRECTION('',(-7.127165211496E-15,-1.,0.));
#9124 = FACE_BOUND('',#9125,.T.);
#9125 = EDGE_LOOP('',(#9126));
#9126 = ORIENTED_EDGE('',*,*,#9127,.T.);
#9127 = EDGE_CURVE('',#9128,#9128,#9130,.T.);
#9128 = VERTEX_POINT('',#9129);
#9129 = CARTESIAN_POINT('',(123.1505,-117.14226,1.5162));
#9130 = CIRCLE('',#9131,0.8509);
#9131 = AXIS2_PLACEMENT_3D('',#9132,#9133,#9134);
#9132 = CARTESIAN_POINT('',(123.1505,-116.29136,1.5162));
#9133 = DIRECTION('',(-0.,0.,-1.));
#9134 = DIRECTION('',(-0.,-1.,0.));
#9135 = FACE_BOUND('',#9136,.T.);
#9136 = EDGE_LOOP('',(#9137));
#9137 = ORIENTED_EDGE('',*,*,#9138,.T.);
#9138 = EDGE_CURVE('',#9139,#9139,#9141,.T.);
#9139 = VERTEX_POINT('',#9140);
#9140 = CARTESIAN_POINT('',(132.0405,-117.14226,1.5162));
#9141 = CIRCLE('',#9142,0.8509);
#9142 = AXIS2_PLACEMENT_3D('',#9143,#9144,#9145);
#9143 = CARTESIAN_POINT('',(132.0405,-116.29136,1.5162));
#9144 = DIRECTION('',(-0.,0.,-1.));
#9145 = DIRECTION('',(-0.,-1.,0.));
#9146 = FACE_BOUND('',#9147,.T.);
#9147 = EDGE_LOOP('',(#9148));
#9148 = ORIENTED_EDGE('',*,*,#9149,.T.);
#9149 = EDGE_CURVE('',#9150,#9150,#9152,.T.);
#9150 = VERTEX_POINT('',#9151);
#9151 = CARTESIAN_POINT('',(133.3105,-115.25136,1.5162));
#9152 = CIRCLE('',#9153,1.5);
#9153 = AXIS2_PLACEMENT_3D('',#9154,#9155,#9156);
#9154 = CARTESIAN_POINT('',(133.3105,-113.75136,1.5162));
#9155 = DIRECTION('',(-0.,0.,-1.));
#9156 = DIRECTION('',(-0.,-1.,0.));
#9157 = FACE_BOUND('',#9158,.T.);
#9158 = EDGE_LOOP('',(#9159));
#9159 = ORIENTED_EDGE('',*,*,#9160,.T.);
#9160 = EDGE_CURVE('',#9161,#9161,#9163,.T.);
#9161 = VERTEX_POINT('',#9162);
#9162 = CARTESIAN_POINT('',(138.073,-134.30136,1.5162));
#9163 = CIRCLE('',#9164,1.5);
#9164 = AXIS2_PLACEMENT_3D('',#9165,#9166,#9167);
#9165 = CARTESIAN_POINT('',(138.073,-132.80136,1.5162));
#9166 = DIRECTION('',(-0.,0.,-1.));
#9167 = DIRECTION('',(-0.,-1.,0.));
#9168 = FACE_BOUND('',#9169,.T.);
#9169 = EDGE_LOOP('',(#9170));
#9170 = ORIENTED_EDGE('',*,*,#9171,.T.);
#9171 = EDGE_CURVE('',#9172,#9172,#9174,.T.);
#9172 = VERTEX_POINT('',#9173);
#9173 = CARTESIAN_POINT('',(144.423,-131.76136,1.5162));
#9174 = CIRCLE('',#9175,1.5);
#9175 = AXIS2_PLACEMENT_3D('',#9176,#9177,#9178);
#9176 = CARTESIAN_POINT('',(144.423,-130.26136,1.5162));
#9177 = DIRECTION('',(-0.,0.,-1.));
#9178 = DIRECTION('',(-0.,-1.,0.));
#9179 = FACE_BOUND('',#9180,.T.);
#9180 = EDGE_LOOP('',(#9181));
#9181 = ORIENTED_EDGE('',*,*,#9182,.T.);
#9182 = EDGE_CURVE('',#9183,#9183,#9185,.T.);
#9183 = VERTEX_POINT('',#9184);
#9184 = CARTESIAN_POINT('',(157.123,-134.30136,1.5162));
#9185 = CIRCLE('',#9186,1.5);
#9186 = AXIS2_PLACEMENT_3D('',#9187,#9188,#9189);
#9187 = CARTESIAN_POINT('',(157.123,-132.80136,1.5162));
#9188 = DIRECTION('',(-0.,0.,-1.));
#9189 = DIRECTION('',(-0.,-1.,0.));
#9190 = FACE_BOUND('',#9191,.T.);
#9191 = EDGE_LOOP('',(#9192));
#9192 = ORIENTED_EDGE('',*,*,#9193,.T.);
#9193 = EDGE_CURVE('',#9194,#9194,#9196,.T.);
#9194 = VERTEX_POINT('',#9195);
#9195 = CARTESIAN_POINT('',(163.473,-131.76136,1.5162));
#9196 = CIRCLE('',#9197,1.5);
#9197 = AXIS2_PLACEMENT_3D('',#9198,#9199,#9200);
#9198 = CARTESIAN_POINT('',(163.473,-130.26136,1.5162));
#9199 = DIRECTION('',(-0.,0.,-1.));
#9200 = DIRECTION('',(-0.,-1.,0.));
#9201 = FACE_BOUND('',#9202,.T.);
#9202 = EDGE_LOOP('',(#9203));
#9203 = ORIENTED_EDGE('',*,*,#9204,.T.);
#9204 = EDGE_CURVE('',#9205,#9205,#9207,.T.);
#9205 = VERTEX_POINT('',#9206);
#9206 = CARTESIAN_POINT('',(151.82,-128.1,1.5162));
#9207 = CIRCLE('',#9208,1.1);
#9208 = AXIS2_PLACEMENT_3D('',#9209,#9210,#9211);
#9209 = CARTESIAN_POINT('',(151.82,-127.,1.5162));
#9210 = DIRECTION('',(-0.,0.,-1.));
#9211 = DIRECTION('',(-0.,-1.,0.));
#9212 = FACE_BOUND('',#9213,.T.);
#9213 = EDGE_LOOP('',(#9214));
#9214 = ORIENTED_EDGE('',*,*,#9215,.T.);
#9215 = EDGE_CURVE('',#9216,#9216,#9218,.T.);
#9216 = VERTEX_POINT('',#9217);
#9217 = CARTESIAN_POINT('',(176.173,-134.30136,1.5162));
#9218 = CIRCLE('',#9219,1.5);
#9219 = AXIS2_PLACEMENT_3D('',#9220,#9221,#9222);
#9220 = CARTESIAN_POINT('',(176.173,-132.80136,1.5162));
#9221 = DIRECTION('',(-0.,0.,-1.));
#9222 = DIRECTION('',(-0.,-1.,0.));
#9223 = FACE_BOUND('',#9224,.T.);
#9224 = EDGE_LOOP('',(#9225));
#9225 = ORIENTED_EDGE('',*,*,#9226,.T.);
#9226 = EDGE_CURVE('',#9227,#9227,#9229,.T.);
#9227 = VERTEX_POINT('',#9228);
#9228 = CARTESIAN_POINT('',(185.063,-136.19226,1.5162));
#9229 = CIRCLE('',#9230,0.8509);
#9230 = AXIS2_PLACEMENT_3D('',#9231,#9232,#9233);
#9231 = CARTESIAN_POINT('',(185.063,-135.34136,1.5162));
#9232 = DIRECTION('',(-0.,0.,-1.));
#9233 = DIRECTION('',(-0.,-1.,0.));
#9234 = FACE_BOUND('',#9235,.T.);
#9235 = EDGE_LOOP('',(#9236));
#9236 = ORIENTED_EDGE('',*,*,#9237,.T.);
#9237 = EDGE_CURVE('',#9238,#9238,#9240,.T.);
#9238 = VERTEX_POINT('',#9239);
#9239 = CARTESIAN_POINT('',(182.523,-131.76136,1.5162));
#9240 = CIRCLE('',#9241,1.5);
#9241 = AXIS2_PLACEMENT_3D('',#9242,#9243,#9244);
#9242 = CARTESIAN_POINT('',(182.523,-130.26136,1.5162));
#9243 = DIRECTION('',(-0.,0.,-1.));
#9244 = DIRECTION('',(-0.,-1.,0.));
#9245 = FACE_BOUND('',#9246,.T.);
#9246 = EDGE_LOOP('',(#9247));
#9247 = ORIENTED_EDGE('',*,*,#9248,.T.);
#9248 = EDGE_CURVE('',#9249,#9249,#9251,.T.);
#9249 = VERTEX_POINT('',#9250);
#9250 = CARTESIAN_POINT('',(195.223,-134.30136,1.5162));
#9251 = CIRCLE('',#9252,1.5);
#9252 = AXIS2_PLACEMENT_3D('',#9253,#9254,#9255);
#9253 = CARTESIAN_POINT('',(195.223,-132.80136,1.5162));
#9254 = DIRECTION('',(-0.,0.,-1.));
#9255 = DIRECTION('',(-0.,-1.,0.));
#9256 = FACE_BOUND('',#9257,.T.);
#9257 = EDGE_LOOP('',(#9258));
#9258 = ORIENTED_EDGE('',*,*,#9259,.T.);
#9259 = EDGE_CURVE('',#9260,#9260,#9262,.T.);
#9260 = VERTEX_POINT('',#9261);
#9261 = CARTESIAN_POINT('',(201.573,-131.76136,1.5162));
#9262 = CIRCLE('',#9263,1.5);
#9263 = AXIS2_PLACEMENT_3D('',#9264,#9265,#9266);
#9264 = CARTESIAN_POINT('',(201.573,-130.26136,1.5162));
#9265 = DIRECTION('',(-0.,0.,-1.));
#9266 = DIRECTION('',(-0.,-1.,0.));
#9267 = FACE_BOUND('',#9268,.T.);
#9268 = EDGE_LOOP('',(#9269,#9279,#9287,#9295));
#9269 = ORIENTED_EDGE('',*,*,#9270,.F.);
#9270 = EDGE_CURVE('',#9271,#9273,#9275,.T.);
#9271 = VERTEX_POINT('',#9272);
#9272 = CARTESIAN_POINT('',(135.4205,-123.29136,1.5162));
#9273 = VERTEX_POINT('',#9274);
#9274 = CARTESIAN_POINT('',(138.8205,-123.29136,1.5162));
#9275 = LINE('',#9276,#9277);
#9276 = CARTESIAN_POINT('',(135.4205,-123.29136,1.5162));
#9277 = VECTOR('',#9278,1.);
#9278 = DIRECTION('',(1.,0.,0.));
#9279 = ORIENTED_EDGE('',*,*,#9280,.F.);
#9280 = EDGE_CURVE('',#9281,#9271,#9283,.T.);
#9281 = VERTEX_POINT('',#9282);
#9282 = CARTESIAN_POINT('',(135.4205,-120.29136,1.5162));
#9283 = LINE('',#9284,#9285);
#9284 = CARTESIAN_POINT('',(135.4205,-120.29136,1.5162));
#9285 = VECTOR('',#9286,1.);
#9286 = DIRECTION('',(0.,-1.,0.));
#9287 = ORIENTED_EDGE('',*,*,#9288,.F.);
#9288 = EDGE_CURVE('',#9289,#9281,#9291,.T.);
#9289 = VERTEX_POINT('',#9290);
#9290 = CARTESIAN_POINT('',(138.8205,-120.29136,1.5162));
#9291 = LINE('',#9292,#9293);
#9292 = CARTESIAN_POINT('',(138.8205,-120.29136,1.5162));
#9293 = VECTOR('',#9294,1.);
#9294 = DIRECTION('',(-1.,0.,0.));
#9295 = ORIENTED_EDGE('',*,*,#9296,.F.);
#9296 = EDGE_CURVE('',#9273,#9289,#9297,.T.);
#9297 = LINE('',#9298,#9299);
#9298 = CARTESIAN_POINT('',(138.8205,-123.29136,1.5162));
#9299 = VECTOR('',#9300,1.);
#9300 = DIRECTION('',(0.,1.,0.));
#9301 = FACE_BOUND('',#9302,.T.);
#9302 = EDGE_LOOP('',(#9303,#9313,#9321,#9329));
#9303 = ORIENTED_EDGE('',*,*,#9304,.F.);
#9304 = EDGE_CURVE('',#9305,#9307,#9309,.T.);
#9305 = VERTEX_POINT('',#9306);
#9306 = CARTESIAN_POINT('',(154.4705,-123.29136,1.5162));
#9307 = VERTEX_POINT('',#9308);
#9308 = CARTESIAN_POINT('',(157.8705,-123.29136,1.5162));
#9309 = LINE('',#9310,#9311);
#9310 = CARTESIAN_POINT('',(154.4705,-123.29136,1.5162));
#9311 = VECTOR('',#9312,1.);
#9312 = DIRECTION('',(1.,0.,0.));
#9313 = ORIENTED_EDGE('',*,*,#9314,.F.);
#9314 = EDGE_CURVE('',#9315,#9305,#9317,.T.);
#9315 = VERTEX_POINT('',#9316);
#9316 = CARTESIAN_POINT('',(154.4705,-120.29136,1.5162));
#9317 = LINE('',#9318,#9319);
#9318 = CARTESIAN_POINT('',(154.4705,-120.29136,1.5162));
#9319 = VECTOR('',#9320,1.);
#9320 = DIRECTION('',(0.,-1.,0.));
#9321 = ORIENTED_EDGE('',*,*,#9322,.F.);
#9322 = EDGE_CURVE('',#9323,#9315,#9325,.T.);
#9323 = VERTEX_POINT('',#9324);
#9324 = CARTESIAN_POINT('',(157.8705,-120.29136,1.5162));
#9325 = LINE('',#9326,#9327);
#9326 = CARTESIAN_POINT('',(157.8705,-120.29136,1.5162));
#9327 = VECTOR('',#9328,1.);
#9328 = DIRECTION('',(-1.,0.,0.));
#9329 = ORIENTED_EDGE('',*,*,#9330,.F.);
#9330 = EDGE_CURVE('',#9307,#9323,#9331,.T.);
#9331 = LINE('',#9332,#9333);
#9332 = CARTESIAN_POINT('',(157.8705,-123.29136,1.5162));
#9333 = VECTOR('',#9334,1.);
#9334 = DIRECTION('',(0.,1.,0.));
#9335 = FACE_BOUND('',#9336,.T.);
#9336 = EDGE_LOOP('',(#9337));
#9337 = ORIENTED_EDGE('',*,*,#9338,.T.);
#9338 = EDGE_CURVE('',#9339,#9339,#9341,.T.);
#9339 = VERTEX_POINT('',#9340);
#9340 = CARTESIAN_POINT('',(137.1205,-118.28526,1.5162));
#9341 = CIRCLE('',#9342,1.9939);
#9342 = AXIS2_PLACEMENT_3D('',#9343,#9344,#9345);
#9343 = CARTESIAN_POINT('',(137.1205,-116.29136,1.5162));
#9344 = DIRECTION('',(-0.,0.,-1.));
#9345 = DIRECTION('',(-0.,-1.,0.));
#9346 = FACE_BOUND('',#9347,.T.);
#9347 = EDGE_LOOP('',(#9348));
#9348 = ORIENTED_EDGE('',*,*,#9349,.T.);
#9349 = EDGE_CURVE('',#9350,#9350,#9352,.T.);
#9350 = VERTEX_POINT('',#9351);
#9351 = CARTESIAN_POINT('',(142.2005,-117.14226,1.5162));
#9352 = CIRCLE('',#9353,0.8509);
#9353 = AXIS2_PLACEMENT_3D('',#9354,#9355,#9356);
#9354 = CARTESIAN_POINT('',(142.2005,-116.29136,1.5162));
#9355 = DIRECTION('',(-0.,0.,-1.));
#9356 = DIRECTION('',(-0.,-1.,0.));
#9357 = FACE_BOUND('',#9358,.T.);
#9358 = EDGE_LOOP('',(#9359));
#9359 = ORIENTED_EDGE('',*,*,#9360,.T.);
#9360 = EDGE_CURVE('',#9361,#9361,#9363,.T.);
#9361 = VERTEX_POINT('',#9362);
#9362 = CARTESIAN_POINT('',(151.0905,-117.14226,1.5162));
#9363 = CIRCLE('',#9364,0.8509);
#9364 = AXIS2_PLACEMENT_3D('',#9365,#9366,#9367);
#9365 = CARTESIAN_POINT('',(151.0905,-116.29136,1.5162));
#9366 = DIRECTION('',(-0.,0.,-1.));
#9367 = DIRECTION('',(-0.,-1.,0.));
#9368 = FACE_BOUND('',#9369,.T.);
#9369 = EDGE_LOOP('',(#9370));
#9370 = ORIENTED_EDGE('',*,*,#9371,.T.);
#9371 = EDGE_CURVE('',#9372,#9372,#9374,.T.);
#9372 = VERTEX_POINT('',#9373);
#9373 = CARTESIAN_POINT('',(156.1705,-118.28526,1.5162));
#9374 = CIRCLE('',#9375,1.9939);
#9375 = AXIS2_PLACEMENT_3D('',#9376,#9377,#9378);
#9376 = CARTESIAN_POINT('',(156.1705,-116.29136,1.5162));
#9377 = DIRECTION('',(-0.,0.,-1.));
#9378 = DIRECTION('',(-0.,-1.,0.));
#9379 = FACE_BOUND('',#9380,.T.);
#9380 = EDGE_LOOP('',(#9381));
#9381 = ORIENTED_EDGE('',*,*,#9382,.T.);
#9382 = EDGE_CURVE('',#9383,#9383,#9385,.T.);
#9383 = VERTEX_POINT('',#9384);
#9384 = CARTESIAN_POINT('',(161.2505,-117.14226,1.5162));
#9385 = CIRCLE('',#9386,0.8509);
#9386 = AXIS2_PLACEMENT_3D('',#9387,#9388,#9389);
#9387 = CARTESIAN_POINT('',(161.2505,-116.29136,1.5162));
#9388 = DIRECTION('',(-0.,0.,-1.));
#9389 = DIRECTION('',(-0.,-1.,0.));
#9390 = FACE_BOUND('',#9391,.T.);
#9391 = EDGE_LOOP('',(#9392));
#9392 = ORIENTED_EDGE('',*,*,#9393,.T.);
#9393 = EDGE_CURVE('',#9394,#9394,#9396,.T.);
#9394 = VERTEX_POINT('',#9395);
#9395 = CARTESIAN_POINT('',(152.3605,-115.25136,1.5162));
#9396 = CIRCLE('',#9397,1.5);
#9397 = AXIS2_PLACEMENT_3D('',#9398,#9399,#9400);
#9398 = CARTESIAN_POINT('',(152.3605,-113.75136,1.5162));
#9399 = DIRECTION('',(-0.,0.,-1.));
#9400 = DIRECTION('',(-0.,-1.,0.));
#9401 = FACE_BOUND('',#9402,.T.);
#9402 = EDGE_LOOP('',(#9403,#9413,#9421,#9429));
#9403 = ORIENTED_EDGE('',*,*,#9404,.F.);
#9404 = EDGE_CURVE('',#9405,#9407,#9409,.T.);
#9405 = VERTEX_POINT('',#9406);
#9406 = CARTESIAN_POINT('',(173.5205,-123.29136,1.5162));
#9407 = VERTEX_POINT('',#9408);
#9408 = CARTESIAN_POINT('',(176.9205,-123.29136,1.5162));
#9409 = LINE('',#9410,#9411);
#9410 = CARTESIAN_POINT('',(173.5205,-123.29136,1.5162));
#9411 = VECTOR('',#9412,1.);
#9412 = DIRECTION('',(1.,0.,0.));
#9413 = ORIENTED_EDGE('',*,*,#9414,.F.);
#9414 = EDGE_CURVE('',#9415,#9405,#9417,.T.);
#9415 = VERTEX_POINT('',#9416);
#9416 = CARTESIAN_POINT('',(173.5205,-120.29136,1.5162));
#9417 = LINE('',#9418,#9419);
#9418 = CARTESIAN_POINT('',(173.5205,-120.29136,1.5162));
#9419 = VECTOR('',#9420,1.);
#9420 = DIRECTION('',(0.,-1.,0.));
#9421 = ORIENTED_EDGE('',*,*,#9422,.F.);
#9422 = EDGE_CURVE('',#9423,#9415,#9425,.T.);
#9423 = VERTEX_POINT('',#9424);
#9424 = CARTESIAN_POINT('',(176.9205,-120.29136,1.5162));
#9425 = LINE('',#9426,#9427);
#9426 = CARTESIAN_POINT('',(176.9205,-120.29136,1.5162));
#9427 = VECTOR('',#9428,1.);
#9428 = DIRECTION('',(-1.,0.,0.));
#9429 = ORIENTED_EDGE('',*,*,#9430,.F.);
#9430 = EDGE_CURVE('',#9407,#9423,#9431,.T.);
#9431 = LINE('',#9432,#9433);
#9432 = CARTESIAN_POINT('',(176.9205,-123.29136,1.5162));
#9433 = VECTOR('',#9434,1.);
#9434 = DIRECTION('',(0.,1.,0.));
#9435 = FACE_BOUND('',#9436,.T.);
#9436 = EDGE_LOOP('',(#9437,#9447,#9455,#9463));
#9437 = ORIENTED_EDGE('',*,*,#9438,.F.);
#9438 = EDGE_CURVE('',#9439,#9441,#9443,.T.);
#9439 = VERTEX_POINT('',#9440);
#9440 = CARTESIAN_POINT('',(192.5705,-123.29136,1.5162));
#9441 = VERTEX_POINT('',#9442);
#9442 = CARTESIAN_POINT('',(195.9705,-123.29136,1.5162));
#9443 = LINE('',#9444,#9445);
#9444 = CARTESIAN_POINT('',(192.5705,-123.29136,1.5162));
#9445 = VECTOR('',#9446,1.);
#9446 = DIRECTION('',(1.,0.,0.));
#9447 = ORIENTED_EDGE('',*,*,#9448,.F.);
#9448 = EDGE_CURVE('',#9449,#9439,#9451,.T.);
#9449 = VERTEX_POINT('',#9450);
#9450 = CARTESIAN_POINT('',(192.5705,-120.29136,1.5162));
#9451 = LINE('',#9452,#9453);
#9452 = CARTESIAN_POINT('',(192.5705,-120.29136,1.5162));
#9453 = VECTOR('',#9454,1.);
#9454 = DIRECTION('',(0.,-1.,0.));
#9455 = ORIENTED_EDGE('',*,*,#9456,.F.);
#9456 = EDGE_CURVE('',#9457,#9449,#9459,.T.);
#9457 = VERTEX_POINT('',#9458);
#9458 = CARTESIAN_POINT('',(195.9705,-120.29136,1.5162));
#9459 = LINE('',#9460,#9461);
#9460 = CARTESIAN_POINT('',(195.9705,-120.29136,1.5162));
#9461 = VECTOR('',#9462,1.);
#9462 = DIRECTION('',(-1.,0.,0.));
#9463 = ORIENTED_EDGE('',*,*,#9464,.F.);
#9464 = EDGE_CURVE('',#9441,#9457,#9465,.T.);
#9465 = LINE('',#9466,#9467);
#9466 = CARTESIAN_POINT('',(195.9705,-123.29136,1.5162));
#9467 = VECTOR('',#9468,1.);
#9468 = DIRECTION('',(0.,1.,0.));
#9469 = FACE_BOUND('',#9470,.T.);
#9470 = EDGE_LOOP('',(#9471));
#9471 = ORIENTED_EDGE('',*,*,#9472,.T.);
#9472 = EDGE_CURVE('',#9473,#9473,#9475,.T.);
#9473 = VERTEX_POINT('',#9474);
#9474 = CARTESIAN_POINT('',(170.1405,-117.14226,1.5162));
#9475 = CIRCLE('',#9476,0.8509);
#9476 = AXIS2_PLACEMENT_3D('',#9477,#9478,#9479);
#9477 = CARTESIAN_POINT('',(170.1405,-116.29136,1.5162));
#9478 = DIRECTION('',(-0.,0.,-1.));
#9479 = DIRECTION('',(-0.,-1.,0.));
#9480 = FACE_BOUND('',#9481,.T.);
#9481 = EDGE_LOOP('',(#9482));
#9482 = ORIENTED_EDGE('',*,*,#9483,.T.);
#9483 = EDGE_CURVE('',#9484,#9484,#9486,.T.);
#9484 = VERTEX_POINT('',#9485);
#9485 = CARTESIAN_POINT('',(175.2205,-118.28526,1.5162));
#9486 = CIRCLE('',#9487,1.9939);
#9487 = AXIS2_PLACEMENT_3D('',#9488,#9489,#9490);
#9488 = CARTESIAN_POINT('',(175.2205,-116.29136,1.5162));
#9489 = DIRECTION('',(-0.,0.,-1.));
#9490 = DIRECTION('',(-1.425433042299E-14,-1.,0.));
#9491 = FACE_BOUND('',#9492,.T.);
#9492 = EDGE_LOOP('',(#9493));
#9493 = ORIENTED_EDGE('',*,*,#9494,.T.);
#9494 = EDGE_CURVE('',#9495,#9495,#9497,.T.);
#9495 = VERTEX_POINT('',#9496);
#9496 = CARTESIAN_POINT('',(180.3005,-117.14226,1.5162));
#9497 = CIRCLE('',#9498,0.8509);
#9498 = AXIS2_PLACEMENT_3D('',#9499,#9500,#9501);
#9499 = CARTESIAN_POINT('',(180.3005,-116.29136,1.5162));
#9500 = DIRECTION('',(-0.,0.,-1.));
#9501 = DIRECTION('',(-0.,-1.,0.));
#9502 = FACE_BOUND('',#9503,.T.);
#9503 = EDGE_LOOP('',(#9504));
#9504 = ORIENTED_EDGE('',*,*,#9505,.T.);
#9505 = EDGE_CURVE('',#9506,#9506,#9508,.T.);
#9506 = VERTEX_POINT('',#9507);
#9507 = CARTESIAN_POINT('',(171.4105,-115.25136,1.5162));
#9508 = CIRCLE('',#9509,1.5);
#9509 = AXIS2_PLACEMENT_3D('',#9510,#9511,#9512);
#9510 = CARTESIAN_POINT('',(171.4105,-113.75136,1.5162));
#9511 = DIRECTION('',(-0.,0.,-1.));
#9512 = DIRECTION('',(-0.,-1.,0.));
#9513 = FACE_BOUND('',#9514,.T.);
#9514 = EDGE_LOOP('',(#9515));
#9515 = ORIENTED_EDGE('',*,*,#9516,.T.);
#9516 = EDGE_CURVE('',#9517,#9517,#9519,.T.);
#9517 = VERTEX_POINT('',#9518);
#9518 = CARTESIAN_POINT('',(189.1905,-117.14226,1.5162));
#9519 = CIRCLE('',#9520,0.8509);
#9520 = AXIS2_PLACEMENT_3D('',#9521,#9522,#9523);
#9521 = CARTESIAN_POINT('',(189.1905,-116.29136,1.5162));
#9522 = DIRECTION('',(-0.,0.,-1.));
#9523 = DIRECTION('',(-0.,-1.,0.));
#9524 = FACE_BOUND('',#9525,.T.);
#9525 = EDGE_LOOP('',(#9526));
#9526 = ORIENTED_EDGE('',*,*,#9527,.T.);
#9527 = EDGE_CURVE('',#9528,#9528,#9530,.T.);
#9528 = VERTEX_POINT('',#9529);
#9529 = CARTESIAN_POINT('',(194.2705,-118.28526,1.5162));
#9530 = CIRCLE('',#9531,1.9939);
#9531 = AXIS2_PLACEMENT_3D('',#9532,#9533,#9534);
#9532 = CARTESIAN_POINT('',(194.2705,-116.29136,1.5162));
#9533 = DIRECTION('',(-0.,0.,-1.));
#9534 = DIRECTION('',(-0.,-1.,0.));
#9535 = FACE_BOUND('',#9536,.T.);
#9536 = EDGE_LOOP('',(#9537));
#9537 = ORIENTED_EDGE('',*,*,#9538,.T.);
#9538 = EDGE_CURVE('',#9539,#9539,#9541,.T.);
#9539 = VERTEX_POINT('',#9540);
#9540 = CARTESIAN_POINT('',(199.3505,-117.14226,1.5162));
#9541 = CIRCLE('',#9542,0.8509);
#9542 = AXIS2_PLACEMENT_3D('',#9543,#9544,#9545);
#9543 = CARTESIAN_POINT('',(199.3505,-116.29136,1.5162));
#9544 = DIRECTION('',(-0.,0.,-1.));
#9545 = DIRECTION('',(-0.,-1.,0.));
#9546 = FACE_BOUND('',#9547,.T.);
#9547 = EDGE_LOOP('',(#9548));
#9548 = ORIENTED_EDGE('',*,*,#9549,.T.);
#9549 = EDGE_CURVE('',#9550,#9550,#9552,.T.);
#9550 = VERTEX_POINT('',#9551);
#9551 = CARTESIAN_POINT('',(190.4605,-115.25136,1.5162));
#9552 = CIRCLE('',#9553,1.5);
#9553 = AXIS2_PLACEMENT_3D('',#9554,#9555,#9556);
#9554 = CARTESIAN_POINT('',(190.4605,-113.75136,1.5162));
#9555 = DIRECTION('',(-0.,0.,-1.));
#9556 = DIRECTION('',(-0.,-1.,0.));
#9557 = FACE_BOUND('',#9558,.T.);
#9558 = EDGE_LOOP('',(#9559));
#9559 = ORIENTED_EDGE('',*,*,#9560,.T.);
#9560 = EDGE_CURVE('',#9561,#9561,#9563,.T.);
#9561 = VERTEX_POINT('',#9562);
#9562 = CARTESIAN_POINT('',(77.748,-112.71136,1.5162));
#9563 = CIRCLE('',#9564,1.5);
#9564 = AXIS2_PLACEMENT_3D('',#9565,#9566,#9567);
#9565 = CARTESIAN_POINT('',(77.748,-111.21136,1.5162));
#9566 = DIRECTION('',(-0.,0.,-1.));
#9567 = DIRECTION('',(-0.,-1.,0.));
#9568 = FACE_BOUND('',#9569,.T.);
#9569 = EDGE_LOOP('',(#9570));
#9570 = ORIENTED_EDGE('',*,*,#9571,.T.);
#9571 = EDGE_CURVE('',#9572,#9572,#9574,.T.);
#9572 = VERTEX_POINT('',#9573);
#9573 = CARTESIAN_POINT('',(87.02,-110.1,1.5162));
#9574 = CIRCLE('',#9575,1.1);
#9575 = AXIS2_PLACEMENT_3D('',#9576,#9577,#9578);
#9576 = CARTESIAN_POINT('',(87.02,-109.,1.5162));
#9577 = DIRECTION('',(-0.,0.,-1.));
#9578 = DIRECTION('',(-1.2918958832E-14,-1.,0.));
#9579 = FACE_BOUND('',#9580,.T.);
#9580 = EDGE_LOOP('',(#9581,#9591,#9599,#9607));
#9581 = ORIENTED_EDGE('',*,*,#9582,.F.);
#9582 = EDGE_CURVE('',#9583,#9585,#9587,.T.);
#9583 = VERTEX_POINT('',#9584);
#9584 = CARTESIAN_POINT('',(68.7455,-104.24136,1.5162));
#9585 = VERTEX_POINT('',#9586);
#9586 = CARTESIAN_POINT('',(72.1455,-104.24136,1.5162));
#9587 = LINE('',#9588,#9589);
#9588 = CARTESIAN_POINT('',(68.7455,-104.24136,1.5162));
#9589 = VECTOR('',#9590,1.);
#9590 = DIRECTION('',(1.,0.,0.));
#9591 = ORIENTED_EDGE('',*,*,#9592,.F.);
#9592 = EDGE_CURVE('',#9593,#9583,#9595,.T.);
#9593 = VERTEX_POINT('',#9594);
#9594 = CARTESIAN_POINT('',(68.7455,-101.24136,1.5162));
#9595 = LINE('',#9596,#9597);
#9596 = CARTESIAN_POINT('',(68.7455,-101.24136,1.5162));
#9597 = VECTOR('',#9598,1.);
#9598 = DIRECTION('',(0.,-1.,0.));
#9599 = ORIENTED_EDGE('',*,*,#9600,.F.);
#9600 = EDGE_CURVE('',#9601,#9593,#9603,.T.);
#9601 = VERTEX_POINT('',#9602);
#9602 = CARTESIAN_POINT('',(72.1455,-101.24136,1.5162));
#9603 = LINE('',#9604,#9605);
#9604 = CARTESIAN_POINT('',(72.1455,-101.24136,1.5162));
#9605 = VECTOR('',#9606,1.);
#9606 = DIRECTION('',(-1.,0.,0.));
#9607 = ORIENTED_EDGE('',*,*,#9608,.F.);
#9608 = EDGE_CURVE('',#9585,#9601,#9609,.T.);
#9609 = LINE('',#9610,#9611);
#9610 = CARTESIAN_POINT('',(72.1455,-104.24136,1.5162));
#9611 = VECTOR('',#9612,1.);
#9612 = DIRECTION('',(0.,1.,0.));
#9613 = FACE_BOUND('',#9614,.T.);
#9614 = EDGE_LOOP('',(#9615,#9625,#9633,#9641));
#9615 = ORIENTED_EDGE('',*,*,#9616,.F.);
#9616 = EDGE_CURVE('',#9617,#9619,#9621,.T.);
#9617 = VERTEX_POINT('',#9618);
#9618 = CARTESIAN_POINT('',(87.7955,-104.24136,1.5162));
#9619 = VERTEX_POINT('',#9620);
#9620 = CARTESIAN_POINT('',(91.1955,-104.24136,1.5162));
#9621 = LINE('',#9622,#9623);
#9622 = CARTESIAN_POINT('',(87.7955,-104.24136,1.5162));
#9623 = VECTOR('',#9624,1.);
#9624 = DIRECTION('',(1.,0.,0.));
#9625 = ORIENTED_EDGE('',*,*,#9626,.F.);
#9626 = EDGE_CURVE('',#9627,#9617,#9629,.T.);
#9627 = VERTEX_POINT('',#9628);
#9628 = CARTESIAN_POINT('',(87.7955,-101.24136,1.5162));
#9629 = LINE('',#9630,#9631);
#9630 = CARTESIAN_POINT('',(87.7955,-101.24136,1.5162));
#9631 = VECTOR('',#9632,1.);
#9632 = DIRECTION('',(0.,-1.,0.));
#9633 = ORIENTED_EDGE('',*,*,#9634,.F.);
#9634 = EDGE_CURVE('',#9635,#9627,#9637,.T.);
#9635 = VERTEX_POINT('',#9636);
#9636 = CARTESIAN_POINT('',(91.1955,-101.24136,1.5162));
#9637 = LINE('',#9638,#9639);
#9638 = CARTESIAN_POINT('',(91.1955,-101.24136,1.5162));
#9639 = VECTOR('',#9640,1.);
#9640 = DIRECTION('',(-1.,0.,0.));
#9641 = ORIENTED_EDGE('',*,*,#9642,.F.);
#9642 = EDGE_CURVE('',#9619,#9635,#9643,.T.);
#9643 = LINE('',#9644,#9645);
#9644 = CARTESIAN_POINT('',(91.1955,-104.24136,1.5162));
#9645 = VECTOR('',#9646,1.);
#9646 = DIRECTION('',(0.,1.,0.));
#9647 = FACE_BOUND('',#9648,.T.);
#9648 = EDGE_LOOP('',(#9649));
#9649 = ORIENTED_EDGE('',*,*,#9650,.T.);
#9650 = EDGE_CURVE('',#9651,#9651,#9653,.T.);
#9651 = VERTEX_POINT('',#9652);
#9652 = CARTESIAN_POINT('',(101.5605,-112.71136,1.5162));
#9653 = CIRCLE('',#9654,1.5);
#9654 = AXIS2_PLACEMENT_3D('',#9655,#9656,#9657);
#9655 = CARTESIAN_POINT('',(101.5605,-111.21136,1.5162));
#9656 = DIRECTION('',(-0.,0.,-1.));
#9657 = DIRECTION('',(-0.,-1.,0.));
#9658 = FACE_BOUND('',#9659,.T.);
#9659 = EDGE_LOOP('',(#9660));
#9660 = ORIENTED_EDGE('',*,*,#9661,.T.);
#9661 = EDGE_CURVE('',#9662,#9662,#9664,.T.);
#9662 = VERTEX_POINT('',#9663);
#9663 = CARTESIAN_POINT('',(120.6105,-112.71136,1.5162));
#9664 = CIRCLE('',#9665,1.5);
#9665 = AXIS2_PLACEMENT_3D('',#9666,#9667,#9668);
#9666 = CARTESIAN_POINT('',(120.6105,-111.21136,1.5162));
#9667 = DIRECTION('',(-0.,0.,-1.));
#9668 = DIRECTION('',(-0.,-1.,0.));
#9669 = FACE_BOUND('',#9670,.T.);
#9670 = EDGE_LOOP('',(#9671,#9681,#9689,#9697));
#9671 = ORIENTED_EDGE('',*,*,#9672,.F.);
#9672 = EDGE_CURVE('',#9673,#9675,#9677,.T.);
#9673 = VERTEX_POINT('',#9674);
#9674 = CARTESIAN_POINT('',(106.8455,-104.24136,1.5162));
#9675 = VERTEX_POINT('',#9676);
#9676 = CARTESIAN_POINT('',(110.2455,-104.24136,1.5162));
#9677 = LINE('',#9678,#9679);
#9678 = CARTESIAN_POINT('',(106.8455,-104.24136,1.5162));
#9679 = VECTOR('',#9680,1.);
#9680 = DIRECTION('',(1.,0.,0.));
#9681 = ORIENTED_EDGE('',*,*,#9682,.F.);
#9682 = EDGE_CURVE('',#9683,#9673,#9685,.T.);
#9683 = VERTEX_POINT('',#9684);
#9684 = CARTESIAN_POINT('',(106.8455,-101.24136,1.5162));
#9685 = LINE('',#9686,#9687);
#9686 = CARTESIAN_POINT('',(106.8455,-101.24136,1.5162));
#9687 = VECTOR('',#9688,1.);
#9688 = DIRECTION('',(0.,-1.,0.));
#9689 = ORIENTED_EDGE('',*,*,#9690,.F.);
#9690 = EDGE_CURVE('',#9691,#9683,#9693,.T.);
#9691 = VERTEX_POINT('',#9692);
#9692 = CARTESIAN_POINT('',(110.2455,-101.24136,1.5162));
#9693 = LINE('',#9694,#9695);
#9694 = CARTESIAN_POINT('',(110.2455,-101.24136,1.5162));
#9695 = VECTOR('',#9696,1.);
#9696 = DIRECTION('',(-1.,0.,0.));
#9697 = ORIENTED_EDGE('',*,*,#9698,.F.);
#9698 = EDGE_CURVE('',#9675,#9691,#9699,.T.);
#9699 = LINE('',#9700,#9701);
#9700 = CARTESIAN_POINT('',(110.2455,-104.24136,1.5162));
#9701 = VECTOR('',#9702,1.);
#9702 = DIRECTION('',(0.,1.,0.));
#9703 = FACE_BOUND('',#9704,.T.);
#9704 = EDGE_LOOP('',(#9705,#9715,#9723,#9731));
#9705 = ORIENTED_EDGE('',*,*,#9706,.F.);
#9706 = EDGE_CURVE('',#9707,#9709,#9711,.T.);
#9707 = VERTEX_POINT('',#9708);
#9708 = CARTESIAN_POINT('',(125.8955,-104.24136,1.5162));
#9709 = VERTEX_POINT('',#9710);
#9710 = CARTESIAN_POINT('',(129.2955,-104.24136,1.5162));
#9711 = LINE('',#9712,#9713);
#9712 = CARTESIAN_POINT('',(125.8955,-104.24136,1.5162));
#9713 = VECTOR('',#9714,1.);
#9714 = DIRECTION('',(1.,0.,0.));
#9715 = ORIENTED_EDGE('',*,*,#9716,.F.);
#9716 = EDGE_CURVE('',#9717,#9707,#9719,.T.);
#9717 = VERTEX_POINT('',#9718);
#9718 = CARTESIAN_POINT('',(125.8955,-101.24136,1.5162));
#9719 = LINE('',#9720,#9721);
#9720 = CARTESIAN_POINT('',(125.8955,-101.24136,1.5162));
#9721 = VECTOR('',#9722,1.);
#9722 = DIRECTION('',(0.,-1.,0.));
#9723 = ORIENTED_EDGE('',*,*,#9724,.F.);
#9724 = EDGE_CURVE('',#9725,#9717,#9727,.T.);
#9725 = VERTEX_POINT('',#9726);
#9726 = CARTESIAN_POINT('',(129.2955,-101.24136,1.5162));
#9727 = LINE('',#9728,#9729);
#9728 = CARTESIAN_POINT('',(129.2955,-101.24136,1.5162));
#9729 = VECTOR('',#9730,1.);
#9730 = DIRECTION('',(-1.,0.,0.));
#9731 = ORIENTED_EDGE('',*,*,#9732,.F.);
#9732 = EDGE_CURVE('',#9709,#9725,#9733,.T.);
#9733 = LINE('',#9734,#9735);
#9734 = CARTESIAN_POINT('',(129.2955,-104.24136,1.5162));
#9735 = VECTOR('',#9736,1.);
#9736 = DIRECTION('',(0.,1.,0.));
#9737 = FACE_BOUND('',#9738,.T.);
#9738 = EDGE_LOOP('',(#9739));
#9739 = ORIENTED_EDGE('',*,*,#9740,.T.);
#9740 = EDGE_CURVE('',#9741,#9741,#9743,.T.);
#9741 = VERTEX_POINT('',#9742);
#9742 = CARTESIAN_POINT('',(65.3655,-98.09226,1.5162));
#9743 = CIRCLE('',#9744,0.8509);
#9744 = AXIS2_PLACEMENT_3D('',#9745,#9746,#9747);
#9745 = CARTESIAN_POINT('',(65.3655,-97.24136,1.5162));
#9746 = DIRECTION('',(-0.,0.,-1.));
#9747 = DIRECTION('',(-0.,-1.,0.));
#9748 = FACE_BOUND('',#9749,.T.);
#9749 = EDGE_LOOP('',(#9750));
#9750 = ORIENTED_EDGE('',*,*,#9751,.T.);
#9751 = EDGE_CURVE('',#9752,#9752,#9754,.T.);
#9752 = VERTEX_POINT('',#9753);
#9753 = CARTESIAN_POINT('',(70.4455,-99.23526,1.5162));
#9754 = CIRCLE('',#9755,1.9939);
#9755 = AXIS2_PLACEMENT_3D('',#9756,#9757,#9758);
#9756 = CARTESIAN_POINT('',(70.4455,-97.24136,1.5162));
#9757 = DIRECTION('',(-0.,0.,-1.));
#9758 = DIRECTION('',(-7.127165211496E-15,-1.,0.));
#9759 = FACE_BOUND('',#9760,.T.);
#9760 = EDGE_LOOP('',(#9761));
#9761 = ORIENTED_EDGE('',*,*,#9762,.T.);
#9762 = EDGE_CURVE('',#9763,#9763,#9765,.T.);
#9763 = VERTEX_POINT('',#9764);
#9764 = CARTESIAN_POINT('',(66.6355,-96.20136,1.5162));
#9765 = CIRCLE('',#9766,1.5);
#9766 = AXIS2_PLACEMENT_3D('',#9767,#9768,#9769);
#9767 = CARTESIAN_POINT('',(66.6355,-94.70136,1.5162));
#9768 = DIRECTION('',(-0.,0.,-1.));
#9769 = DIRECTION('',(-0.,-1.,0.));
#9770 = FACE_BOUND('',#9771,.T.);
#9771 = EDGE_LOOP('',(#9772));
#9772 = ORIENTED_EDGE('',*,*,#9773,.T.);
#9773 = EDGE_CURVE('',#9774,#9774,#9776,.T.);
#9774 = VERTEX_POINT('',#9775);
#9775 = CARTESIAN_POINT('',(75.5255,-98.09226,1.5162));
#9776 = CIRCLE('',#9777,0.8509);
#9777 = AXIS2_PLACEMENT_3D('',#9778,#9779,#9780);
#9778 = CARTESIAN_POINT('',(75.5255,-97.24136,1.5162));
#9779 = DIRECTION('',(-0.,0.,-1.));
#9780 = DIRECTION('',(-0.,-1.,0.));
#9781 = FACE_BOUND('',#9782,.T.);
#9782 = EDGE_LOOP('',(#9783));
#9783 = ORIENTED_EDGE('',*,*,#9784,.T.);
#9784 = EDGE_CURVE('',#9785,#9785,#9787,.T.);
#9785 = VERTEX_POINT('',#9786);
#9786 = CARTESIAN_POINT('',(84.4155,-98.09226,1.5162));
#9787 = CIRCLE('',#9788,0.8509);
#9788 = AXIS2_PLACEMENT_3D('',#9789,#9790,#9791);
#9789 = CARTESIAN_POINT('',(84.4155,-97.24136,1.5162));
#9790 = DIRECTION('',(-0.,0.,-1.));
#9791 = DIRECTION('',(-1.670096922694E-14,-1.,0.));
#9792 = FACE_BOUND('',#9793,.T.);
#9793 = EDGE_LOOP('',(#9794));
#9794 = ORIENTED_EDGE('',*,*,#9795,.T.);
#9795 = EDGE_CURVE('',#9796,#9796,#9798,.T.);
#9796 = VERTEX_POINT('',#9797);
#9797 = CARTESIAN_POINT('',(89.4955,-99.23526,1.5162));
#9798 = CIRCLE('',#9799,1.9939);
#9799 = AXIS2_PLACEMENT_3D('',#9800,#9801,#9802);
#9800 = CARTESIAN_POINT('',(89.4955,-97.24136,1.5162));
#9801 = DIRECTION('',(-0.,0.,-1.));
#9802 = DIRECTION('',(7.127165211496E-15,-1.,-0.));
#9803 = FACE_BOUND('',#9804,.T.);
#9804 = EDGE_LOOP('',(#9805));
#9805 = ORIENTED_EDGE('',*,*,#9806,.T.);
#9806 = EDGE_CURVE('',#9807,#9807,#9809,.T.);
#9807 = VERTEX_POINT('',#9808);
#9808 = CARTESIAN_POINT('',(85.6855,-96.20136,1.5162));
#9809 = CIRCLE('',#9810,1.5);
#9810 = AXIS2_PLACEMENT_3D('',#9811,#9812,#9813);
#9811 = CARTESIAN_POINT('',(85.6855,-94.70136,1.5162));
#9812 = DIRECTION('',(-0.,0.,-1.));
#9813 = DIRECTION('',(-0.,-1.,0.));
#9814 = FACE_BOUND('',#9815,.T.);
#9815 = EDGE_LOOP('',(#9816));
#9816 = ORIENTED_EDGE('',*,*,#9817,.T.);
#9817 = EDGE_CURVE('',#9818,#9818,#9820,.T.);
#9818 = VERTEX_POINT('',#9819);
#9819 = CARTESIAN_POINT('',(94.5755,-98.09226,1.5162));
#9820 = CIRCLE('',#9821,0.8509);
#9821 = AXIS2_PLACEMENT_3D('',#9822,#9823,#9824);
#9822 = CARTESIAN_POINT('',(94.5755,-97.24136,1.5162));
#9823 = DIRECTION('',(-0.,0.,-1.));
#9824 = DIRECTION('',(-0.,-1.,0.));
#9825 = FACE_BOUND('',#9826,.T.);
#9826 = EDGE_LOOP('',(#9827));
#9827 = ORIENTED_EDGE('',*,*,#9828,.T.);
#9828 = EDGE_CURVE('',#9829,#9829,#9831,.T.);
#9829 = VERTEX_POINT('',#9830);
#9830 = CARTESIAN_POINT('',(72.9855,-93.66136,1.5162));
#9831 = CIRCLE('',#9832,1.5);
#9832 = AXIS2_PLACEMENT_3D('',#9833,#9834,#9835);
#9833 = CARTESIAN_POINT('',(72.9855,-92.16136,1.5162));
#9834 = DIRECTION('',(-0.,0.,-1.));
#9835 = DIRECTION('',(-0.,-1.,0.));
#9836 = FACE_BOUND('',#9837,.T.);
#9837 = EDGE_LOOP('',(#9838));
#9838 = ORIENTED_EDGE('',*,*,#9839,.T.);
#9839 = EDGE_CURVE('',#9840,#9840,#9842,.T.);
#9840 = VERTEX_POINT('',#9841);
#9841 = CARTESIAN_POINT('',(92.0355,-93.66136,1.5162));
#9842 = CIRCLE('',#9843,1.5);
#9843 = AXIS2_PLACEMENT_3D('',#9844,#9845,#9846);
#9844 = CARTESIAN_POINT('',(92.0355,-92.16136,1.5162));
#9845 = DIRECTION('',(-0.,0.,-1.));
#9846 = DIRECTION('',(-0.,-1.,0.));
#9847 = FACE_BOUND('',#9848,.T.);
#9848 = EDGE_LOOP('',(#9849));
#9849 = ORIENTED_EDGE('',*,*,#9850,.T.);
#9850 = EDGE_CURVE('',#9851,#9851,#9853,.T.);
#9851 = VERTEX_POINT('',#9852);
#9852 = CARTESIAN_POINT('',(103.4655,-98.09226,1.5162));
#9853 = CIRCLE('',#9854,0.8509);
#9854 = AXIS2_PLACEMENT_3D('',#9855,#9856,#9857);
#9855 = CARTESIAN_POINT('',(103.4655,-97.24136,1.5162));
#9856 = DIRECTION('',(-0.,0.,-1.));
#9857 = DIRECTION('',(1.670096922694E-14,-1.,-0.));
#9858 = FACE_BOUND('',#9859,.T.);
#9859 = EDGE_LOOP('',(#9860));
#9860 = ORIENTED_EDGE('',*,*,#9861,.T.);
#9861 = EDGE_CURVE('',#9862,#9862,#9864,.T.);
#9862 = VERTEX_POINT('',#9863);
#9863 = CARTESIAN_POINT('',(104.7355,-96.20136,1.5162));
#9864 = CIRCLE('',#9865,1.5);
#9865 = AXIS2_PLACEMENT_3D('',#9866,#9867,#9868);
#9866 = CARTESIAN_POINT('',(104.7355,-94.70136,1.5162));
#9867 = DIRECTION('',(-0.,0.,-1.));
#9868 = DIRECTION('',(-0.,-1.,0.));
#9869 = FACE_BOUND('',#9870,.T.);
#9870 = EDGE_LOOP('',(#9871));
#9871 = ORIENTED_EDGE('',*,*,#9872,.T.);
#9872 = EDGE_CURVE('',#9873,#9873,#9875,.T.);
#9873 = VERTEX_POINT('',#9874);
#9874 = CARTESIAN_POINT('',(108.5455,-99.23526,1.5162));
#9875 = CIRCLE('',#9876,1.9939);
#9876 = AXIS2_PLACEMENT_3D('',#9877,#9878,#9879);
#9877 = CARTESIAN_POINT('',(108.5455,-97.24136,1.5162));
#9878 = DIRECTION('',(-0.,0.,-1.));
#9879 = DIRECTION('',(-0.,-1.,0.));
#9880 = FACE_BOUND('',#9881,.T.);
#9881 = EDGE_LOOP('',(#9882));
#9882 = ORIENTED_EDGE('',*,*,#9883,.T.);
#9883 = EDGE_CURVE('',#9884,#9884,#9886,.T.);
#9884 = VERTEX_POINT('',#9885);
#9885 = CARTESIAN_POINT('',(113.6255,-98.09226,1.5162));
#9886 = CIRCLE('',#9887,0.8509);
#9887 = AXIS2_PLACEMENT_3D('',#9888,#9889,#9890);
#9888 = CARTESIAN_POINT('',(113.6255,-97.24136,1.5162));
#9889 = DIRECTION('',(-0.,0.,-1.));
#9890 = DIRECTION('',(-0.,-1.,0.));
#9891 = FACE_BOUND('',#9892,.T.);
#9892 = EDGE_LOOP('',(#9893));
#9893 = ORIENTED_EDGE('',*,*,#9894,.T.);
#9894 = EDGE_CURVE('',#9895,#9895,#9897,.T.);
#9895 = VERTEX_POINT('',#9896);
#9896 = CARTESIAN_POINT('',(122.5155,-98.09226,1.5162));
#9897 = CIRCLE('',#9898,0.8509);
#9898 = AXIS2_PLACEMENT_3D('',#9899,#9900,#9901);
#9899 = CARTESIAN_POINT('',(122.5155,-97.24136,1.5162));
#9900 = DIRECTION('',(-0.,0.,-1.));
#9901 = DIRECTION('',(-0.,-1.,0.));
#9902 = FACE_BOUND('',#9903,.T.);
#9903 = EDGE_LOOP('',(#9904));
#9904 = ORIENTED_EDGE('',*,*,#9905,.T.);
#9905 = EDGE_CURVE('',#9906,#9906,#9908,.T.);
#9906 = VERTEX_POINT('',#9907);
#9907 = CARTESIAN_POINT('',(123.7855,-96.20136,1.5162));
#9908 = CIRCLE('',#9909,1.5);
#9909 = AXIS2_PLACEMENT_3D('',#9910,#9911,#9912);
#9910 = CARTESIAN_POINT('',(123.7855,-94.70136,1.5162));
#9911 = DIRECTION('',(-0.,0.,-1.));
#9912 = DIRECTION('',(-0.,-1.,0.));
#9913 = FACE_BOUND('',#9914,.T.);
#9914 = EDGE_LOOP('',(#9915));
#9915 = ORIENTED_EDGE('',*,*,#9916,.T.);
#9916 = EDGE_CURVE('',#9917,#9917,#9919,.T.);
#9917 = VERTEX_POINT('',#9918);
#9918 = CARTESIAN_POINT('',(127.5955,-99.23526,1.5162));
#9919 = CIRCLE('',#9920,1.9939);
#9920 = AXIS2_PLACEMENT_3D('',#9921,#9922,#9923);
#9921 = CARTESIAN_POINT('',(127.5955,-97.24136,1.5162));
#9922 = DIRECTION('',(-0.,0.,-1.));
#9923 = DIRECTION('',(-7.127165211496E-15,-1.,0.));
#9924 = FACE_BOUND('',#9925,.T.);
#9925 = EDGE_LOOP('',(#9926));
#9926 = ORIENTED_EDGE('',*,*,#9927,.T.);
#9927 = EDGE_CURVE('',#9928,#9928,#9930,.T.);
#9928 = VERTEX_POINT('',#9929);
#9929 = CARTESIAN_POINT('',(132.6755,-98.09226,1.5162));
#9930 = CIRCLE('',#9931,0.8509);
#9931 = AXIS2_PLACEMENT_3D('',#9932,#9933,#9934);
#9932 = CARTESIAN_POINT('',(132.6755,-97.24136,1.5162));
#9933 = DIRECTION('',(-0.,0.,-1.));
#9934 = DIRECTION('',(-0.,-1.,0.));
#9935 = FACE_BOUND('',#9936,.T.);
#9936 = EDGE_LOOP('',(#9937));
#9937 = ORIENTED_EDGE('',*,*,#9938,.T.);
#9938 = EDGE_CURVE('',#9939,#9939,#9941,.T.);
#9939 = VERTEX_POINT('',#9940);
#9940 = CARTESIAN_POINT('',(111.0855,-93.66136,1.5162));
#9941 = CIRCLE('',#9942,1.5);
#9942 = AXIS2_PLACEMENT_3D('',#9943,#9944,#9945);
#9943 = CARTESIAN_POINT('',(111.0855,-92.16136,1.5162));
#9944 = DIRECTION('',(-0.,0.,-1.));
#9945 = DIRECTION('',(-0.,-1.,0.));
#9946 = FACE_BOUND('',#9947,.T.);
#9947 = EDGE_LOOP('',(#9948));
#9948 = ORIENTED_EDGE('',*,*,#9949,.T.);
#9949 = EDGE_CURVE('',#9950,#9950,#9952,.T.);
#9950 = VERTEX_POINT('',#9951);
#9951 = CARTESIAN_POINT('',(130.1355,-93.66136,1.5162));
#9952 = CIRCLE('',#9953,1.5);
#9953 = AXIS2_PLACEMENT_3D('',#9954,#9955,#9956);
#9954 = CARTESIAN_POINT('',(130.1355,-92.16136,1.5162));
#9955 = DIRECTION('',(-0.,0.,-1.));
#9956 = DIRECTION('',(-0.,-1.,0.));
#9957 = FACE_BOUND('',#9958,.T.);
#9958 = EDGE_LOOP('',(#9959));
#9959 = ORIENTED_EDGE('',*,*,#9960,.T.);
#9960 = EDGE_CURVE('',#9961,#9961,#9963,.T.);
#9961 = VERTEX_POINT('',#9962);
#9962 = CARTESIAN_POINT('',(139.6605,-112.71136,1.5162));
#9963 = CIRCLE('',#9964,1.5);
#9964 = AXIS2_PLACEMENT_3D('',#9965,#9966,#9967);
#9965 = CARTESIAN_POINT('',(139.6605,-111.21136,1.5162));
#9966 = DIRECTION('',(-0.,0.,-1.));
#9967 = DIRECTION('',(-0.,-1.,0.));
#9968 = FACE_BOUND('',#9969,.T.);
#9969 = EDGE_LOOP('',(#9970));
#9970 = ORIENTED_EDGE('',*,*,#9971,.T.);
#9971 = EDGE_CURVE('',#9972,#9972,#9974,.T.);
#9972 = VERTEX_POINT('',#9973);
#9973 = CARTESIAN_POINT('',(158.7105,-112.71136,1.5162));
#9974 = CIRCLE('',#9975,1.5);
#9975 = AXIS2_PLACEMENT_3D('',#9976,#9977,#9978);
#9976 = CARTESIAN_POINT('',(158.7105,-111.21136,1.5162));
#9977 = DIRECTION('',(-0.,0.,-1.));
#9978 = DIRECTION('',(-0.,-1.,0.));
#9979 = FACE_BOUND('',#9980,.T.);
#9980 = EDGE_LOOP('',(#9981,#9991,#9999,#10007));
#9981 = ORIENTED_EDGE('',*,*,#9982,.F.);
#9982 = EDGE_CURVE('',#9983,#9985,#9987,.T.);
#9983 = VERTEX_POINT('',#9984);
#9984 = CARTESIAN_POINT('',(144.9455,-104.24136,1.5162));
#9985 = VERTEX_POINT('',#9986);
#9986 = CARTESIAN_POINT('',(148.3455,-104.24136,1.5162));
#9987 = LINE('',#9988,#9989);
#9988 = CARTESIAN_POINT('',(144.9455,-104.24136,1.5162));
#9989 = VECTOR('',#9990,1.);
#9990 = DIRECTION('',(1.,0.,0.));
#9991 = ORIENTED_EDGE('',*,*,#9992,.F.);
#9992 = EDGE_CURVE('',#9993,#9983,#9995,.T.);
#9993 = VERTEX_POINT('',#9994);
#9994 = CARTESIAN_POINT('',(144.9455,-101.24136,1.5162));
#9995 = LINE('',#9996,#9997);
#9996 = CARTESIAN_POINT('',(144.9455,-101.24136,1.5162));
#9997 = VECTOR('',#9998,1.);
#9998 = DIRECTION('',(0.,-1.,0.));
#9999 = ORIENTED_EDGE('',*,*,#10000,.F.);
#10000 = EDGE_CURVE('',#10001,#9993,#10003,.T.);
#10001 = VERTEX_POINT('',#10002);
#10002 = CARTESIAN_POINT('',(148.3455,-101.24136,1.5162));
#10003 = LINE('',#10004,#10005);
#10004 = CARTESIAN_POINT('',(148.3455,-101.24136,1.5162));
#10005 = VECTOR('',#10006,1.);
#10006 = DIRECTION('',(-1.,0.,0.));
#10007 = ORIENTED_EDGE('',*,*,#10008,.F.);
#10008 = EDGE_CURVE('',#9985,#10001,#10009,.T.);
#10009 = LINE('',#10010,#10011);
#10010 = CARTESIAN_POINT('',(148.3455,-104.24136,1.5162));
#10011 = VECTOR('',#10012,1.);
#10012 = DIRECTION('',(0.,1.,0.));
#10013 = FACE_BOUND('',#10014,.T.);
#10014 = EDGE_LOOP('',(#10015,#10025,#10033,#10041));
#10015 = ORIENTED_EDGE('',*,*,#10016,.F.);
#10016 = EDGE_CURVE('',#10017,#10019,#10021,.T.);
#10017 = VERTEX_POINT('',#10018);
#10018 = CARTESIAN_POINT('',(163.9955,-104.24136,1.5162));
#10019 = VERTEX_POINT('',#10020);
#10020 = CARTESIAN_POINT('',(167.3955,-104.24136,1.5162));
#10021 = LINE('',#10022,#10023);
#10022 = CARTESIAN_POINT('',(163.9955,-104.24136,1.5162));
#10023 = VECTOR('',#10024,1.);
#10024 = DIRECTION('',(1.,0.,0.));
#10025 = ORIENTED_EDGE('',*,*,#10026,.F.);
#10026 = EDGE_CURVE('',#10027,#10017,#10029,.T.);
#10027 = VERTEX_POINT('',#10028);
#10028 = CARTESIAN_POINT('',(163.9955,-101.24136,1.5162));
#10029 = LINE('',#10030,#10031);
#10030 = CARTESIAN_POINT('',(163.9955,-101.24136,1.5162));
#10031 = VECTOR('',#10032,1.);
#10032 = DIRECTION('',(0.,-1.,0.));
#10033 = ORIENTED_EDGE('',*,*,#10034,.F.);
#10034 = EDGE_CURVE('',#10035,#10027,#10037,.T.);
#10035 = VERTEX_POINT('',#10036);
#10036 = CARTESIAN_POINT('',(167.3955,-101.24136,1.5162));
#10037 = LINE('',#10038,#10039);
#10038 = CARTESIAN_POINT('',(167.3955,-101.24136,1.5162));
#10039 = VECTOR('',#10040,1.);
#10040 = DIRECTION('',(-1.,0.,0.));
#10041 = ORIENTED_EDGE('',*,*,#10042,.F.);
#10042 = EDGE_CURVE('',#10019,#10035,#10043,.T.);
#10043 = LINE('',#10044,#10045);
#10044 = CARTESIAN_POINT('',(167.3955,-104.24136,1.5162));
#10045 = VECTOR('',#10046,1.);
#10046 = DIRECTION('',(0.,1.,0.));
#10047 = FACE_BOUND('',#10048,.T.);
#10048 = EDGE_LOOP('',(#10049));
#10049 = ORIENTED_EDGE('',*,*,#10050,.T.);
#10050 = EDGE_CURVE('',#10051,#10051,#10053,.T.);
#10051 = VERTEX_POINT('',#10052);
#10052 = CARTESIAN_POINT('',(177.7605,-112.71136,1.5162));
#10053 = CIRCLE('',#10054,1.5);
#10054 = AXIS2_PLACEMENT_3D('',#10055,#10056,#10057);
#10055 = CARTESIAN_POINT('',(177.7605,-111.21136,1.5162));
#10056 = DIRECTION('',(-0.,0.,-1.));
#10057 = DIRECTION('',(-0.,-1.,0.));
#10058 = FACE_BOUND('',#10059,.T.);
#10059 = EDGE_LOOP('',(#10060));
#10060 = ORIENTED_EDGE('',*,*,#10061,.T.);
#10061 = EDGE_CURVE('',#10062,#10062,#10064,.T.);
#10062 = VERTEX_POINT('',#10063);
#10063 = CARTESIAN_POINT('',(196.8105,-112.71136,1.5162));
#10064 = CIRCLE('',#10065,1.5);
#10065 = AXIS2_PLACEMENT_3D('',#10066,#10067,#10068);
#10066 = CARTESIAN_POINT('',(196.8105,-111.21136,1.5162));
#10067 = DIRECTION('',(-0.,0.,-1.));
#10068 = DIRECTION('',(-0.,-1.,0.));
#10069 = FACE_BOUND('',#10070,.T.);
#10070 = EDGE_LOOP('',(#10071,#10081,#10089,#10097));
#10071 = ORIENTED_EDGE('',*,*,#10072,.F.);
#10072 = EDGE_CURVE('',#10073,#10075,#10077,.T.);
#10073 = VERTEX_POINT('',#10074);
#10074 = CARTESIAN_POINT('',(183.0455,-104.24136,1.5162));
#10075 = VERTEX_POINT('',#10076);
#10076 = CARTESIAN_POINT('',(186.4455,-104.24136,1.5162));
#10077 = LINE('',#10078,#10079);
#10078 = CARTESIAN_POINT('',(183.0455,-104.24136,1.5162));
#10079 = VECTOR('',#10080,1.);
#10080 = DIRECTION('',(1.,0.,0.));
#10081 = ORIENTED_EDGE('',*,*,#10082,.F.);
#10082 = EDGE_CURVE('',#10083,#10073,#10085,.T.);
#10083 = VERTEX_POINT('',#10084);
#10084 = CARTESIAN_POINT('',(183.0455,-101.24136,1.5162));
#10085 = LINE('',#10086,#10087);
#10086 = CARTESIAN_POINT('',(183.0455,-101.24136,1.5162));
#10087 = VECTOR('',#10088,1.);
#10088 = DIRECTION('',(0.,-1.,0.));
#10089 = ORIENTED_EDGE('',*,*,#10090,.F.);
#10090 = EDGE_CURVE('',#10091,#10083,#10093,.T.);
#10091 = VERTEX_POINT('',#10092);
#10092 = CARTESIAN_POINT('',(186.4455,-101.24136,1.5162));
#10093 = LINE('',#10094,#10095);
#10094 = CARTESIAN_POINT('',(186.4455,-101.24136,1.5162));
#10095 = VECTOR('',#10096,1.);
#10096 = DIRECTION('',(-1.,0.,0.));
#10097 = ORIENTED_EDGE('',*,*,#10098,.F.);
#10098 = EDGE_CURVE('',#10075,#10091,#10099,.T.);
#10099 = LINE('',#10100,#10101);
#10100 = CARTESIAN_POINT('',(186.4455,-104.24136,1.5162));
#10101 = VECTOR('',#10102,1.);
#10102 = DIRECTION('',(0.,1.,0.));
#10103 = FACE_BOUND('',#10104,.T.);
#10104 = EDGE_LOOP('',(#10105));
#10105 = ORIENTED_EDGE('',*,*,#10106,.T.);
#10106 = EDGE_CURVE('',#10107,#10107,#10109,.T.);
#10107 = VERTEX_POINT('',#10108);
#10108 = CARTESIAN_POINT('',(141.5655,-98.09226,1.5162));
#10109 = CIRCLE('',#10110,0.8509);
#10110 = AXIS2_PLACEMENT_3D('',#10111,#10112,#10113);
#10111 = CARTESIAN_POINT('',(141.5655,-97.24136,1.5162));
#10112 = DIRECTION('',(-0.,0.,-1.));
#10113 = DIRECTION('',(-0.,-1.,0.));
#10114 = FACE_BOUND('',#10115,.T.);
#10115 = EDGE_LOOP('',(#10116));
#10116 = ORIENTED_EDGE('',*,*,#10117,.T.);
#10117 = EDGE_CURVE('',#10118,#10118,#10120,.T.);
#10118 = VERTEX_POINT('',#10119);
#10119 = CARTESIAN_POINT('',(146.6455,-99.23526,1.5162));
#10120 = CIRCLE('',#10121,1.9939);
#10121 = AXIS2_PLACEMENT_3D('',#10122,#10123,#10124);
#10122 = CARTESIAN_POINT('',(146.6455,-97.24136,1.5162));
#10123 = DIRECTION('',(-0.,0.,-1.));
#10124 = DIRECTION('',(-0.,-1.,0.));
#10125 = FACE_BOUND('',#10126,.T.);
#10126 = EDGE_LOOP('',(#10127));
#10127 = ORIENTED_EDGE('',*,*,#10128,.T.);
#10128 = EDGE_CURVE('',#10129,#10129,#10131,.T.);
#10129 = VERTEX_POINT('',#10130);
#10130 = CARTESIAN_POINT('',(142.8355,-96.20136,1.5162));
#10131 = CIRCLE('',#10132,1.5);
#10132 = AXIS2_PLACEMENT_3D('',#10133,#10134,#10135);
#10133 = CARTESIAN_POINT('',(142.8355,-94.70136,1.5162));
#10134 = DIRECTION('',(-0.,0.,-1.));
#10135 = DIRECTION('',(-0.,-1.,0.));
#10136 = FACE_BOUND('',#10137,.T.);
#10137 = EDGE_LOOP('',(#10138));
#10138 = ORIENTED_EDGE('',*,*,#10139,.T.);
#10139 = EDGE_CURVE('',#10140,#10140,#10142,.T.);
#10140 = VERTEX_POINT('',#10141);
#10141 = CARTESIAN_POINT('',(151.7255,-98.09226,1.5162));
#10142 = CIRCLE('',#10143,0.8509);
#10143 = AXIS2_PLACEMENT_3D('',#10144,#10145,#10146);
#10144 = CARTESIAN_POINT('',(151.7255,-97.24136,1.5162));
#10145 = DIRECTION('',(-0.,0.,-1.));
#10146 = DIRECTION('',(-0.,-1.,0.));
#10147 = FACE_BOUND('',#10148,.T.);
#10148 = EDGE_LOOP('',(#10149));
#10149 = ORIENTED_EDGE('',*,*,#10150,.T.);
#10150 = EDGE_CURVE('',#10151,#10151,#10153,.T.);
#10151 = VERTEX_POINT('',#10152);
#10152 = CARTESIAN_POINT('',(160.6155,-98.09226,1.5162));
#10153 = CIRCLE('',#10154,0.8509);
#10154 = AXIS2_PLACEMENT_3D('',#10155,#10156,#10157);
#10155 = CARTESIAN_POINT('',(160.6155,-97.24136,1.5162));
#10156 = DIRECTION('',(-0.,0.,-1.));
#10157 = DIRECTION('',(-0.,-1.,0.));
#10158 = FACE_BOUND('',#10159,.T.);
#10159 = EDGE_LOOP('',(#10160));
#10160 = ORIENTED_EDGE('',*,*,#10161,.T.);
#10161 = EDGE_CURVE('',#10162,#10162,#10164,.T.);
#10162 = VERTEX_POINT('',#10163);
#10163 = CARTESIAN_POINT('',(165.6955,-99.23526,1.5162));
#10164 = CIRCLE('',#10165,1.9939);
#10165 = AXIS2_PLACEMENT_3D('',#10166,#10167,#10168);
#10166 = CARTESIAN_POINT('',(165.6955,-97.24136,1.5162));
#10167 = DIRECTION('',(-0.,0.,-1.));
#10168 = DIRECTION('',(-0.,-1.,0.));
#10169 = FACE_BOUND('',#10170,.T.);
#10170 = EDGE_LOOP('',(#10171));
#10171 = ORIENTED_EDGE('',*,*,#10172,.T.);
#10172 = EDGE_CURVE('',#10173,#10173,#10175,.T.);
#10173 = VERTEX_POINT('',#10174);
#10174 = CARTESIAN_POINT('',(161.8855,-96.20136,1.5162));
#10175 = CIRCLE('',#10176,1.5);
#10176 = AXIS2_PLACEMENT_3D('',#10177,#10178,#10179);
#10177 = CARTESIAN_POINT('',(161.8855,-94.70136,1.5162));
#10178 = DIRECTION('',(-0.,0.,-1.));
#10179 = DIRECTION('',(-0.,-1.,0.));
#10180 = FACE_BOUND('',#10181,.T.);
#10181 = EDGE_LOOP('',(#10182));
#10182 = ORIENTED_EDGE('',*,*,#10183,.T.);
#10183 = EDGE_CURVE('',#10184,#10184,#10186,.T.);
#10184 = VERTEX_POINT('',#10185);
#10185 = CARTESIAN_POINT('',(149.1855,-93.66136,1.5162));
#10186 = CIRCLE('',#10187,1.5);
#10187 = AXIS2_PLACEMENT_3D('',#10188,#10189,#10190);
#10188 = CARTESIAN_POINT('',(149.1855,-92.16136,1.5162));
#10189 = DIRECTION('',(-0.,0.,-1.));
#10190 = DIRECTION('',(-0.,-1.,0.));
#10191 = FACE_BOUND('',#10192,.T.);
#10192 = EDGE_LOOP('',(#10193));
#10193 = ORIENTED_EDGE('',*,*,#10194,.T.);
#10194 = EDGE_CURVE('',#10195,#10195,#10197,.T.);
#10195 = VERTEX_POINT('',#10196);
#10196 = CARTESIAN_POINT('',(168.2355,-93.66136,1.5162));
#10197 = CIRCLE('',#10198,1.5);
#10198 = AXIS2_PLACEMENT_3D('',#10199,#10200,#10201);
#10199 = CARTESIAN_POINT('',(168.2355,-92.16136,1.5162));
#10200 = DIRECTION('',(-0.,0.,-1.));
#10201 = DIRECTION('',(-0.,-1.,0.));
#10202 = FACE_BOUND('',#10203,.T.);
#10203 = EDGE_LOOP('',(#10204));
#10204 = ORIENTED_EDGE('',*,*,#10205,.T.);
#10205 = EDGE_CURVE('',#10206,#10206,#10208,.T.);
#10206 = VERTEX_POINT('',#10207);
#10207 = CARTESIAN_POINT('',(170.7755,-98.09226,1.5162));
#10208 = CIRCLE('',#10209,0.8509);
#10209 = AXIS2_PLACEMENT_3D('',#10210,#10211,#10212);
#10210 = CARTESIAN_POINT('',(170.7755,-97.24136,1.5162));
#10211 = DIRECTION('',(-0.,0.,-1.));
#10212 = DIRECTION('',(-0.,-1.,0.));
#10213 = FACE_BOUND('',#10214,.T.);
#10214 = EDGE_LOOP('',(#10215));
#10215 = ORIENTED_EDGE('',*,*,#10216,.T.);
#10216 = EDGE_CURVE('',#10217,#10217,#10219,.T.);
#10217 = VERTEX_POINT('',#10218);
#10218 = CARTESIAN_POINT('',(179.6655,-98.09226,1.5162));
#10219 = CIRCLE('',#10220,0.8509);
#10220 = AXIS2_PLACEMENT_3D('',#10221,#10222,#10223);
#10221 = CARTESIAN_POINT('',(179.6655,-97.24136,1.5162));
#10222 = DIRECTION('',(-0.,0.,-1.));
#10223 = DIRECTION('',(-0.,-1.,0.));
#10224 = FACE_BOUND('',#10225,.T.);
#10225 = EDGE_LOOP('',(#10226));
#10226 = ORIENTED_EDGE('',*,*,#10227,.T.);
#10227 = EDGE_CURVE('',#10228,#10228,#10230,.T.);
#10228 = VERTEX_POINT('',#10229);
#10229 = CARTESIAN_POINT('',(184.7455,-99.23526,1.5162));
#10230 = CIRCLE('',#10231,1.9939);
#10231 = AXIS2_PLACEMENT_3D('',#10232,#10233,#10234);
#10232 = CARTESIAN_POINT('',(184.7455,-97.24136,1.5162));
#10233 = DIRECTION('',(-0.,0.,-1.));
#10234 = DIRECTION('',(-0.,-1.,0.));
#10235 = FACE_BOUND('',#10236,.T.);
#10236 = EDGE_LOOP('',(#10237));
#10237 = ORIENTED_EDGE('',*,*,#10238,.T.);
#10238 = EDGE_CURVE('',#10239,#10239,#10241,.T.);
#10239 = VERTEX_POINT('',#10240);
#10240 = CARTESIAN_POINT('',(180.9355,-96.20136,1.5162));
#10241 = CIRCLE('',#10242,1.5);
#10242 = AXIS2_PLACEMENT_3D('',#10243,#10244,#10245);
#10243 = CARTESIAN_POINT('',(180.9355,-94.70136,1.5162));
#10244 = DIRECTION('',(-0.,0.,-1.));
#10245 = DIRECTION('',(-0.,-1.,0.));
#10246 = FACE_BOUND('',#10247,.T.);
#10247 = EDGE_LOOP('',(#10248));
#10248 = ORIENTED_EDGE('',*,*,#10249,.T.);
#10249 = EDGE_CURVE('',#10250,#10250,#10252,.T.);
#10250 = VERTEX_POINT('',#10251);
#10251 = CARTESIAN_POINT('',(189.8255,-98.09226,1.5162));
#10252 = CIRCLE('',#10253,0.8509);
#10253 = AXIS2_PLACEMENT_3D('',#10254,#10255,#10256);
#10254 = CARTESIAN_POINT('',(189.8255,-97.24136,1.5162));
#10255 = DIRECTION('',(-0.,0.,-1.));
#10256 = DIRECTION('',(-0.,-1.,0.));
#10257 = FACE_BOUND('',#10258,.T.);
#10258 = EDGE_LOOP('',(#10259));
#10259 = ORIENTED_EDGE('',*,*,#10260,.T.);
#10260 = EDGE_CURVE('',#10261,#10261,#10263,.T.);
#10261 = VERTEX_POINT('',#10262);
#10262 = CARTESIAN_POINT('',(198.7155,-98.09226,1.5162));
#10263 = CIRCLE('',#10264,0.8509);
#10264 = AXIS2_PLACEMENT_3D('',#10265,#10266,#10267);
#10265 = CARTESIAN_POINT('',(198.7155,-97.24136,1.5162));
#10266 = DIRECTION('',(-0.,0.,-1.));
#10267 = DIRECTION('',(-0.,-1.,0.));
#10268 = FACE_BOUND('',#10269,.T.);
#10269 = EDGE_LOOP('',(#10270));
#10270 = ORIENTED_EDGE('',*,*,#10271,.T.);
#10271 = EDGE_CURVE('',#10272,#10272,#10274,.T.);
#10272 = VERTEX_POINT('',#10273);
#10273 = CARTESIAN_POINT('',(199.9855,-96.20136,1.5162));
#10274 = CIRCLE('',#10275,1.5);
#10275 = AXIS2_PLACEMENT_3D('',#10276,#10277,#10278);
#10276 = CARTESIAN_POINT('',(199.9855,-94.70136,1.5162));
#10277 = DIRECTION('',(-0.,0.,-1.));
#10278 = DIRECTION('',(-0.,-1.,0.));
#10279 = FACE_BOUND('',#10280,.T.);
#10280 = EDGE_LOOP('',(#10281));
#10281 = ORIENTED_EDGE('',*,*,#10282,.T.);
#10282 = EDGE_CURVE('',#10283,#10283,#10285,.T.);
#10283 = VERTEX_POINT('',#10284);
#10284 = CARTESIAN_POINT('',(187.2855,-93.66136,1.5162));
#10285 = CIRCLE('',#10286,1.5);
#10286 = AXIS2_PLACEMENT_3D('',#10287,#10288,#10289);
#10287 = CARTESIAN_POINT('',(187.2855,-92.16136,1.5162));
#10288 = DIRECTION('',(-0.,0.,-1.));
#10289 = DIRECTION('',(-0.,-1.,0.));
#10290 = FACE_BOUND('',#10291,.T.);
#10291 = EDGE_LOOP('',(#10292));
#10292 = ORIENTED_EDGE('',*,*,#10293,.T.);
#10293 = EDGE_CURVE('',#10294,#10294,#10296,.T.);
#10294 = VERTEX_POINT('',#10295);
#10295 = CARTESIAN_POINT('',(213.003,-136.19226,1.5162));
#10296 = CIRCLE('',#10297,0.8509);
#10297 = AXIS2_PLACEMENT_3D('',#10298,#10299,#10300);
#10298 = CARTESIAN_POINT('',(213.003,-135.34136,1.5162));
#10299 = DIRECTION('',(-0.,0.,-1.));
#10300 = DIRECTION('',(-0.,-1.,0.));
#10301 = FACE_BOUND('',#10302,.T.);
#10302 = EDGE_LOOP('',(#10303));
#10303 = ORIENTED_EDGE('',*,*,#10304,.T.);
#10304 = EDGE_CURVE('',#10305,#10305,#10307,.T.);
#10305 = VERTEX_POINT('',#10306);
#10306 = CARTESIAN_POINT('',(214.273,-134.30136,1.5162));
#10307 = CIRCLE('',#10308,1.5);
#10308 = AXIS2_PLACEMENT_3D('',#10309,#10310,#10311);
#10309 = CARTESIAN_POINT('',(214.273,-132.80136,1.5162));
#10310 = DIRECTION('',(-0.,0.,-1.));
#10311 = DIRECTION('',(-0.,-1.,0.));
#10312 = FACE_BOUND('',#10313,.T.);
#10313 = EDGE_LOOP('',(#10314));
#10314 = ORIENTED_EDGE('',*,*,#10315,.T.);
#10315 = EDGE_CURVE('',#10316,#10316,#10318,.T.);
#10316 = VERTEX_POINT('',#10317);
#10317 = CARTESIAN_POINT('',(233.323,-134.30136,1.5162));
#10318 = CIRCLE('',#10319,1.5);
#10319 = AXIS2_PLACEMENT_3D('',#10320,#10321,#10322);
#10320 = CARTESIAN_POINT('',(233.323,-132.80136,1.5162));
#10321 = DIRECTION('',(-0.,0.,-1.));
#10322 = DIRECTION('',(-0.,-1.,0.));
#10323 = FACE_BOUND('',#10324,.T.);
#10324 = EDGE_LOOP('',(#10325));
#10325 = ORIENTED_EDGE('',*,*,#10326,.T.);
#10326 = EDGE_CURVE('',#10327,#10327,#10329,.T.);
#10327 = VERTEX_POINT('',#10328);
#10328 = CARTESIAN_POINT('',(220.623,-131.76136,1.5162));
#10329 = CIRCLE('',#10330,1.5);
#10330 = AXIS2_PLACEMENT_3D('',#10331,#10332,#10333);
#10331 = CARTESIAN_POINT('',(220.623,-130.26136,1.5162));
#10332 = DIRECTION('',(-0.,0.,-1.));
#10333 = DIRECTION('',(-0.,-1.,0.));
#10334 = FACE_BOUND('',#10335,.T.);
#10335 = EDGE_LOOP('',(#10336));
#10336 = ORIENTED_EDGE('',*,*,#10337,.T.);
#10337 = EDGE_CURVE('',#10338,#10338,#10340,.T.);
#10338 = VERTEX_POINT('',#10339);
#10339 = CARTESIAN_POINT('',(228.12,-128.1,1.5162));
#10340 = CIRCLE('',#10341,1.1);
#10341 = AXIS2_PLACEMENT_3D('',#10342,#10343,#10344);
#10342 = CARTESIAN_POINT('',(228.12,-127.,1.5162));
#10343 = DIRECTION('',(-0.,0.,-1.));
#10344 = DIRECTION('',(-0.,-1.,0.));
#10345 = FACE_BOUND('',#10346,.T.);
#10346 = EDGE_LOOP('',(#10347));
#10347 = ORIENTED_EDGE('',*,*,#10348,.T.);
#10348 = EDGE_CURVE('',#10349,#10349,#10351,.T.);
#10349 = VERTEX_POINT('',#10350);
#10350 = CARTESIAN_POINT('',(252.373,-134.30136,1.5162));
#10351 = CIRCLE('',#10352,1.5);
#10352 = AXIS2_PLACEMENT_3D('',#10353,#10354,#10355);
#10353 = CARTESIAN_POINT('',(252.373,-132.80136,1.5162));
#10354 = DIRECTION('',(-0.,0.,-1.));
#10355 = DIRECTION('',(-0.,-1.,0.));
#10356 = FACE_BOUND('',#10357,.T.);
#10357 = EDGE_LOOP('',(#10358));
#10358 = ORIENTED_EDGE('',*,*,#10359,.T.);
#10359 = EDGE_CURVE('',#10360,#10360,#10362,.T.);
#10360 = VERTEX_POINT('',#10361);
#10361 = CARTESIAN_POINT('',(239.673,-131.76136,1.5162));
#10362 = CIRCLE('',#10363,1.5);
#10363 = AXIS2_PLACEMENT_3D('',#10364,#10365,#10366);
#10364 = CARTESIAN_POINT('',(239.673,-130.26136,1.5162));
#10365 = DIRECTION('',(-0.,0.,-1.));
#10366 = DIRECTION('',(-0.,-1.,0.));
#10367 = FACE_BOUND('',#10368,.T.);
#10368 = EDGE_LOOP('',(#10369));
#10369 = ORIENTED_EDGE('',*,*,#10370,.T.);
#10370 = EDGE_CURVE('',#10371,#10371,#10373,.T.);
#10371 = VERTEX_POINT('',#10372);
#10372 = CARTESIAN_POINT('',(271.423,-134.30136,1.5162));
#10373 = CIRCLE('',#10374,1.5);
#10374 = AXIS2_PLACEMENT_3D('',#10375,#10376,#10377);
#10375 = CARTESIAN_POINT('',(271.423,-132.80136,1.5162));
#10376 = DIRECTION('',(-0.,0.,-1.));
#10377 = DIRECTION('',(-0.,-1.,0.));
#10378 = FACE_BOUND('',#10379,.T.);
#10379 = EDGE_LOOP('',(#10380));
#10380 = ORIENTED_EDGE('',*,*,#10381,.T.);
#10381 = EDGE_CURVE('',#10382,#10382,#10384,.T.);
#10382 = VERTEX_POINT('',#10383);
#10383 = CARTESIAN_POINT('',(258.723,-131.76136,1.5162));
#10384 = CIRCLE('',#10385,1.5);
#10385 = AXIS2_PLACEMENT_3D('',#10386,#10387,#10388);
#10386 = CARTESIAN_POINT('',(258.723,-130.26136,1.5162));
#10387 = DIRECTION('',(-0.,0.,-1.));
#10388 = DIRECTION('',(-0.,-1.,0.));
#10389 = FACE_BOUND('',#10390,.T.);
#10390 = EDGE_LOOP('',(#10391,#10401,#10409,#10417));
#10391 = ORIENTED_EDGE('',*,*,#10392,.F.);
#10392 = EDGE_CURVE('',#10393,#10395,#10397,.T.);
#10393 = VERTEX_POINT('',#10394);
#10394 = CARTESIAN_POINT('',(211.6205,-123.29136,1.5162));
#10395 = VERTEX_POINT('',#10396);
#10396 = CARTESIAN_POINT('',(215.0205,-123.29136,1.5162));
#10397 = LINE('',#10398,#10399);
#10398 = CARTESIAN_POINT('',(211.6205,-123.29136,1.5162));
#10399 = VECTOR('',#10400,1.);
#10400 = DIRECTION('',(1.,0.,0.));
#10401 = ORIENTED_EDGE('',*,*,#10402,.F.);
#10402 = EDGE_CURVE('',#10403,#10393,#10405,.T.);
#10403 = VERTEX_POINT('',#10404);
#10404 = CARTESIAN_POINT('',(211.6205,-120.29136,1.5162));
#10405 = LINE('',#10406,#10407);
#10406 = CARTESIAN_POINT('',(211.6205,-120.29136,1.5162));
#10407 = VECTOR('',#10408,1.);
#10408 = DIRECTION('',(0.,-1.,0.));
#10409 = ORIENTED_EDGE('',*,*,#10410,.F.);
#10410 = EDGE_CURVE('',#10411,#10403,#10413,.T.);
#10411 = VERTEX_POINT('',#10412);
#10412 = CARTESIAN_POINT('',(215.0205,-120.29136,1.5162));
#10413 = LINE('',#10414,#10415);
#10414 = CARTESIAN_POINT('',(215.0205,-120.29136,1.5162));
#10415 = VECTOR('',#10416,1.);
#10416 = DIRECTION('',(-1.,0.,0.));
#10417 = ORIENTED_EDGE('',*,*,#10418,.F.);
#10418 = EDGE_CURVE('',#10395,#10411,#10419,.T.);
#10419 = LINE('',#10420,#10421);
#10420 = CARTESIAN_POINT('',(215.0205,-123.29136,1.5162));
#10421 = VECTOR('',#10422,1.);
#10422 = DIRECTION('',(0.,1.,0.));
#10423 = FACE_BOUND('',#10424,.T.);
#10424 = EDGE_LOOP('',(#10425,#10435,#10443,#10451));
#10425 = ORIENTED_EDGE('',*,*,#10426,.F.);
#10426 = EDGE_CURVE('',#10427,#10429,#10431,.T.);
#10427 = VERTEX_POINT('',#10428);
#10428 = CARTESIAN_POINT('',(230.6705,-123.29136,1.5162));
#10429 = VERTEX_POINT('',#10430);
#10430 = CARTESIAN_POINT('',(234.0705,-123.29136,1.5162));
#10431 = LINE('',#10432,#10433);
#10432 = CARTESIAN_POINT('',(230.6705,-123.29136,1.5162));
#10433 = VECTOR('',#10434,1.);
#10434 = DIRECTION('',(1.,0.,0.));
#10435 = ORIENTED_EDGE('',*,*,#10436,.F.);
#10436 = EDGE_CURVE('',#10437,#10427,#10439,.T.);
#10437 = VERTEX_POINT('',#10438);
#10438 = CARTESIAN_POINT('',(230.6705,-120.29136,1.5162));
#10439 = LINE('',#10440,#10441);
#10440 = CARTESIAN_POINT('',(230.6705,-120.29136,1.5162));
#10441 = VECTOR('',#10442,1.);
#10442 = DIRECTION('',(0.,-1.,0.));
#10443 = ORIENTED_EDGE('',*,*,#10444,.F.);
#10444 = EDGE_CURVE('',#10445,#10437,#10447,.T.);
#10445 = VERTEX_POINT('',#10446);
#10446 = CARTESIAN_POINT('',(234.0705,-120.29136,1.5162));
#10447 = LINE('',#10448,#10449);
#10448 = CARTESIAN_POINT('',(234.0705,-120.29136,1.5162));
#10449 = VECTOR('',#10450,1.);
#10450 = DIRECTION('',(-1.,0.,0.));
#10451 = ORIENTED_EDGE('',*,*,#10452,.F.);
#10452 = EDGE_CURVE('',#10429,#10445,#10453,.T.);
#10453 = LINE('',#10454,#10455);
#10454 = CARTESIAN_POINT('',(234.0705,-123.29136,1.5162));
#10455 = VECTOR('',#10456,1.);
#10456 = DIRECTION('',(0.,1.,0.));
#10457 = FACE_BOUND('',#10458,.T.);
#10458 = EDGE_LOOP('',(#10459));
#10459 = ORIENTED_EDGE('',*,*,#10460,.T.);
#10460 = EDGE_CURVE('',#10461,#10461,#10463,.T.);
#10461 = VERTEX_POINT('',#10462);
#10462 = CARTESIAN_POINT('',(208.2405,-117.14226,1.5162));
#10463 = CIRCLE('',#10464,0.8509);
#10464 = AXIS2_PLACEMENT_3D('',#10465,#10466,#10467);
#10465 = CARTESIAN_POINT('',(208.2405,-116.29136,1.5162));
#10466 = DIRECTION('',(-0.,0.,-1.));
#10467 = DIRECTION('',(-0.,-1.,0.));
#10468 = FACE_BOUND('',#10469,.T.);
#10469 = EDGE_LOOP('',(#10470));
#10470 = ORIENTED_EDGE('',*,*,#10471,.T.);
#10471 = EDGE_CURVE('',#10472,#10472,#10474,.T.);
#10472 = VERTEX_POINT('',#10473);
#10473 = CARTESIAN_POINT('',(213.3205,-118.28526,1.5162));
#10474 = CIRCLE('',#10475,1.9939);
#10475 = AXIS2_PLACEMENT_3D('',#10476,#10477,#10478);
#10476 = CARTESIAN_POINT('',(213.3205,-116.29136,1.5162));
#10477 = DIRECTION('',(-0.,0.,-1.));
#10478 = DIRECTION('',(-0.,-1.,0.));
#10479 = FACE_BOUND('',#10480,.T.);
#10480 = EDGE_LOOP('',(#10481));
#10481 = ORIENTED_EDGE('',*,*,#10482,.T.);
#10482 = EDGE_CURVE('',#10483,#10483,#10485,.T.);
#10483 = VERTEX_POINT('',#10484);
#10484 = CARTESIAN_POINT('',(218.4005,-117.14226,1.5162));
#10485 = CIRCLE('',#10486,0.8509);
#10486 = AXIS2_PLACEMENT_3D('',#10487,#10488,#10489);
#10487 = CARTESIAN_POINT('',(218.4005,-116.29136,1.5162));
#10488 = DIRECTION('',(-0.,0.,-1.));
#10489 = DIRECTION('',(-0.,-1.,0.));
#10490 = FACE_BOUND('',#10491,.T.);
#10491 = EDGE_LOOP('',(#10492));
#10492 = ORIENTED_EDGE('',*,*,#10493,.T.);
#10493 = EDGE_CURVE('',#10494,#10494,#10496,.T.);
#10494 = VERTEX_POINT('',#10495);
#10495 = CARTESIAN_POINT('',(209.5105,-115.25136,1.5162));
#10496 = CIRCLE('',#10497,1.5);
#10497 = AXIS2_PLACEMENT_3D('',#10498,#10499,#10500);
#10498 = CARTESIAN_POINT('',(209.5105,-113.75136,1.5162));
#10499 = DIRECTION('',(-0.,0.,-1.));
#10500 = DIRECTION('',(-0.,-1.,0.));
#10501 = FACE_BOUND('',#10502,.T.);
#10502 = EDGE_LOOP('',(#10503));
#10503 = ORIENTED_EDGE('',*,*,#10504,.T.);
#10504 = EDGE_CURVE('',#10505,#10505,#10507,.T.);
#10505 = VERTEX_POINT('',#10506);
#10506 = CARTESIAN_POINT('',(227.2905,-117.14226,1.5162));
#10507 = CIRCLE('',#10508,0.8509);
#10508 = AXIS2_PLACEMENT_3D('',#10509,#10510,#10511);
#10509 = CARTESIAN_POINT('',(227.2905,-116.29136,1.5162));
#10510 = DIRECTION('',(-0.,0.,-1.));
#10511 = DIRECTION('',(-0.,-1.,0.));
#10512 = FACE_BOUND('',#10513,.T.);
#10513 = EDGE_LOOP('',(#10514));
#10514 = ORIENTED_EDGE('',*,*,#10515,.T.);
#10515 = EDGE_CURVE('',#10516,#10516,#10518,.T.);
#10516 = VERTEX_POINT('',#10517);
#10517 = CARTESIAN_POINT('',(232.3705,-118.28526,1.5162));
#10518 = CIRCLE('',#10519,1.9939);
#10519 = AXIS2_PLACEMENT_3D('',#10520,#10521,#10522);
#10520 = CARTESIAN_POINT('',(232.3705,-116.29136,1.5162));
#10521 = DIRECTION('',(-0.,0.,-1.));
#10522 = DIRECTION('',(-0.,-1.,0.));
#10523 = FACE_BOUND('',#10524,.T.);
#10524 = EDGE_LOOP('',(#10525));
#10525 = ORIENTED_EDGE('',*,*,#10526,.T.);
#10526 = EDGE_CURVE('',#10527,#10527,#10529,.T.);
#10527 = VERTEX_POINT('',#10528);
#10528 = CARTESIAN_POINT('',(237.4505,-117.14226,1.5162));
#10529 = CIRCLE('',#10530,0.8509);
#10530 = AXIS2_PLACEMENT_3D('',#10531,#10532,#10533);
#10531 = CARTESIAN_POINT('',(237.4505,-116.29136,1.5162));
#10532 = DIRECTION('',(-0.,0.,-1.));
#10533 = DIRECTION('',(-0.,-1.,0.));
#10534 = FACE_BOUND('',#10535,.T.);
#10535 = EDGE_LOOP('',(#10536));
#10536 = ORIENTED_EDGE('',*,*,#10537,.T.);
#10537 = EDGE_CURVE('',#10538,#10538,#10540,.T.);
#10538 = VERTEX_POINT('',#10539);
#10539 = CARTESIAN_POINT('',(228.5605,-115.25136,1.5162));
#10540 = CIRCLE('',#10541,1.5);
#10541 = AXIS2_PLACEMENT_3D('',#10542,#10543,#10544);
#10542 = CARTESIAN_POINT('',(228.5605,-113.75136,1.5162));
#10543 = DIRECTION('',(-0.,0.,-1.));
#10544 = DIRECTION('',(-0.,-1.,0.));
#10545 = FACE_BOUND('',#10546,.T.);
#10546 = EDGE_LOOP('',(#10547,#10557,#10565,#10573));
#10547 = ORIENTED_EDGE('',*,*,#10548,.F.);
#10548 = EDGE_CURVE('',#10549,#10551,#10553,.T.);
#10549 = VERTEX_POINT('',#10550);
#10550 = CARTESIAN_POINT('',(249.7205,-123.29136,1.5162));
#10551 = VERTEX_POINT('',#10552);
#10552 = CARTESIAN_POINT('',(253.1205,-123.29136,1.5162));
#10553 = LINE('',#10554,#10555);
#10554 = CARTESIAN_POINT('',(249.7205,-123.29136,1.5162));
#10555 = VECTOR('',#10556,1.);
#10556 = DIRECTION('',(1.,0.,0.));
#10557 = ORIENTED_EDGE('',*,*,#10558,.F.);
#10558 = EDGE_CURVE('',#10559,#10549,#10561,.T.);
#10559 = VERTEX_POINT('',#10560);
#10560 = CARTESIAN_POINT('',(249.7205,-120.29136,1.5162));
#10561 = LINE('',#10562,#10563);
#10562 = CARTESIAN_POINT('',(249.7205,-120.29136,1.5162));
#10563 = VECTOR('',#10564,1.);
#10564 = DIRECTION('',(0.,-1.,0.));
#10565 = ORIENTED_EDGE('',*,*,#10566,.F.);
#10566 = EDGE_CURVE('',#10567,#10559,#10569,.T.);
#10567 = VERTEX_POINT('',#10568);
#10568 = CARTESIAN_POINT('',(253.1205,-120.29136,1.5162));
#10569 = LINE('',#10570,#10571);
#10570 = CARTESIAN_POINT('',(253.1205,-120.29136,1.5162));
#10571 = VECTOR('',#10572,1.);
#10572 = DIRECTION('',(-1.,0.,0.));
#10573 = ORIENTED_EDGE('',*,*,#10574,.F.);
#10574 = EDGE_CURVE('',#10551,#10567,#10575,.T.);
#10575 = LINE('',#10576,#10577);
#10576 = CARTESIAN_POINT('',(253.1205,-123.29136,1.5162));
#10577 = VECTOR('',#10578,1.);
#10578 = DIRECTION('',(0.,1.,0.));
#10579 = FACE_BOUND('',#10580,.T.);
#10580 = EDGE_LOOP('',(#10581,#10591,#10599,#10607));
#10581 = ORIENTED_EDGE('',*,*,#10582,.F.);
#10582 = EDGE_CURVE('',#10583,#10585,#10587,.T.);
#10583 = VERTEX_POINT('',#10584);
#10584 = CARTESIAN_POINT('',(268.7705,-123.29136,1.5162));
#10585 = VERTEX_POINT('',#10586);
#10586 = CARTESIAN_POINT('',(272.1705,-123.29136,1.5162));
#10587 = LINE('',#10588,#10589);
#10588 = CARTESIAN_POINT('',(268.7705,-123.29136,1.5162));
#10589 = VECTOR('',#10590,1.);
#10590 = DIRECTION('',(1.,0.,0.));
#10591 = ORIENTED_EDGE('',*,*,#10592,.F.);
#10592 = EDGE_CURVE('',#10593,#10583,#10595,.T.);
#10593 = VERTEX_POINT('',#10594);
#10594 = CARTESIAN_POINT('',(268.7705,-120.29136,1.5162));
#10595 = LINE('',#10596,#10597);
#10596 = CARTESIAN_POINT('',(268.7705,-120.29136,1.5162));
#10597 = VECTOR('',#10598,1.);
#10598 = DIRECTION('',(0.,-1.,0.));
#10599 = ORIENTED_EDGE('',*,*,#10600,.F.);
#10600 = EDGE_CURVE('',#10601,#10593,#10603,.T.);
#10601 = VERTEX_POINT('',#10602);
#10602 = CARTESIAN_POINT('',(272.1705,-120.29136,1.5162));
#10603 = LINE('',#10604,#10605);
#10604 = CARTESIAN_POINT('',(272.1705,-120.29136,1.5162));
#10605 = VECTOR('',#10606,1.);
#10606 = DIRECTION('',(-1.,0.,0.));
#10607 = ORIENTED_EDGE('',*,*,#10608,.F.);
#10608 = EDGE_CURVE('',#10585,#10601,#10609,.T.);
#10609 = LINE('',#10610,#10611);
#10610 = CARTESIAN_POINT('',(272.1705,-123.29136,1.5162));
#10611 = VECTOR('',#10612,1.);
#10612 = DIRECTION('',(0.,1.,0.));
#10613 = FACE_BOUND('',#10614,.T.);
#10614 = EDGE_LOOP('',(#10615));
#10615 = ORIENTED_EDGE('',*,*,#10616,.T.);
#10616 = EDGE_CURVE('',#10617,#10617,#10619,.T.);
#10617 = VERTEX_POINT('',#10618);
#10618 = CARTESIAN_POINT('',(246.3405,-117.14226,1.5162));
#10619 = CIRCLE('',#10620,0.8509);
#10620 = AXIS2_PLACEMENT_3D('',#10621,#10622,#10623);
#10621 = CARTESIAN_POINT('',(246.3405,-116.29136,1.5162));
#10622 = DIRECTION('',(-0.,0.,-1.));
#10623 = DIRECTION('',(-0.,-1.,0.));
#10624 = FACE_BOUND('',#10625,.T.);
#10625 = EDGE_LOOP('',(#10626));
#10626 = ORIENTED_EDGE('',*,*,#10627,.T.);
#10627 = EDGE_CURVE('',#10628,#10628,#10630,.T.);
#10628 = VERTEX_POINT('',#10629);
#10629 = CARTESIAN_POINT('',(251.4205,-118.28526,1.5162));
#10630 = CIRCLE('',#10631,1.9939);
#10631 = AXIS2_PLACEMENT_3D('',#10632,#10633,#10634);
#10632 = CARTESIAN_POINT('',(251.4205,-116.29136,1.5162));
#10633 = DIRECTION('',(-0.,0.,-1.));
#10634 = DIRECTION('',(-0.,-1.,0.));
#10635 = FACE_BOUND('',#10636,.T.);
#10636 = EDGE_LOOP('',(#10637));
#10637 = ORIENTED_EDGE('',*,*,#10638,.T.);
#10638 = EDGE_CURVE('',#10639,#10639,#10641,.T.);
#10639 = VERTEX_POINT('',#10640);
#10640 = CARTESIAN_POINT('',(247.6105,-115.25136,1.5162));
#10641 = CIRCLE('',#10642,1.5);
#10642 = AXIS2_PLACEMENT_3D('',#10643,#10644,#10645);
#10643 = CARTESIAN_POINT('',(247.6105,-113.75136,1.5162));
#10644 = DIRECTION('',(-0.,0.,-1.));
#10645 = DIRECTION('',(-0.,-1.,0.));
#10646 = FACE_BOUND('',#10647,.T.);
#10647 = EDGE_LOOP('',(#10648));
#10648 = ORIENTED_EDGE('',*,*,#10649,.T.);
#10649 = EDGE_CURVE('',#10650,#10650,#10652,.T.);
#10650 = VERTEX_POINT('',#10651);
#10651 = CARTESIAN_POINT('',(256.5005,-117.14226,1.5162));
#10652 = CIRCLE('',#10653,0.8509);
#10653 = AXIS2_PLACEMENT_3D('',#10654,#10655,#10656);
#10654 = CARTESIAN_POINT('',(256.5005,-116.29136,1.5162));
#10655 = DIRECTION('',(-0.,0.,-1.));
#10656 = DIRECTION('',(-0.,-1.,0.));
#10657 = FACE_BOUND('',#10658,.T.);
#10658 = EDGE_LOOP('',(#10659));
#10659 = ORIENTED_EDGE('',*,*,#10660,.T.);
#10660 = EDGE_CURVE('',#10661,#10661,#10663,.T.);
#10661 = VERTEX_POINT('',#10662);
#10662 = CARTESIAN_POINT('',(265.3905,-117.14226,1.5162));
#10663 = CIRCLE('',#10664,0.8509);
#10664 = AXIS2_PLACEMENT_3D('',#10665,#10666,#10667);
#10665 = CARTESIAN_POINT('',(265.3905,-116.29136,1.5162));
#10666 = DIRECTION('',(-0.,0.,-1.));
#10667 = DIRECTION('',(-0.,-1.,0.));
#10668 = FACE_BOUND('',#10669,.T.);
#10669 = EDGE_LOOP('',(#10670));
#10670 = ORIENTED_EDGE('',*,*,#10671,.T.);
#10671 = EDGE_CURVE('',#10672,#10672,#10674,.T.);
#10672 = VERTEX_POINT('',#10673);
#10673 = CARTESIAN_POINT('',(270.4705,-118.28526,1.5162));
#10674 = CIRCLE('',#10675,1.9939);
#10675 = AXIS2_PLACEMENT_3D('',#10676,#10677,#10678);
#10676 = CARTESIAN_POINT('',(270.4705,-116.29136,1.5162));
#10677 = DIRECTION('',(-0.,0.,-1.));
#10678 = DIRECTION('',(-0.,-1.,0.));
#10679 = FACE_BOUND('',#10680,.T.);
#10680 = EDGE_LOOP('',(#10681));
#10681 = ORIENTED_EDGE('',*,*,#10682,.T.);
#10682 = EDGE_CURVE('',#10683,#10683,#10685,.T.);
#10683 = VERTEX_POINT('',#10684);
#10684 = CARTESIAN_POINT('',(266.6605,-115.25136,1.5162));
#10685 = CIRCLE('',#10686,1.5);
#10686 = AXIS2_PLACEMENT_3D('',#10687,#10688,#10689);
#10687 = CARTESIAN_POINT('',(266.6605,-113.75136,1.5162));
#10688 = DIRECTION('',(-0.,0.,-1.));
#10689 = DIRECTION('',(-0.,-1.,0.));
#10690 = FACE_BOUND('',#10691,.T.);
#10691 = EDGE_LOOP('',(#10692));
#10692 = ORIENTED_EDGE('',*,*,#10693,.T.);
#10693 = EDGE_CURVE('',#10694,#10694,#10696,.T.);
#10694 = VERTEX_POINT('',#10695);
#10695 = CARTESIAN_POINT('',(275.233,-137.33526,1.5162));
#10696 = CIRCLE('',#10697,1.9939);
#10697 = AXIS2_PLACEMENT_3D('',#10698,#10699,#10700);
#10698 = CARTESIAN_POINT('',(275.233,-135.34136,1.5162));
#10699 = DIRECTION('',(-0.,0.,-1.));
#10700 = DIRECTION('',(-0.,-1.,0.));
#10701 = FACE_BOUND('',#10702,.T.);
#10702 = EDGE_LOOP('',(#10703));
#10703 = ORIENTED_EDGE('',*,*,#10704,.T.);
#10704 = EDGE_CURVE('',#10705,#10705,#10707,.T.);
#10705 = VERTEX_POINT('',#10706);
#10706 = CARTESIAN_POINT('',(280.313,-136.19226,1.5162));
#10707 = CIRCLE('',#10708,0.8509);
#10708 = AXIS2_PLACEMENT_3D('',#10709,#10710,#10711);
#10709 = CARTESIAN_POINT('',(280.313,-135.34136,1.5162));
#10710 = DIRECTION('',(-0.,0.,-1.));
#10711 = DIRECTION('',(-0.,-1.,0.));
#10712 = FACE_BOUND('',#10713,.T.);
#10713 = EDGE_LOOP('',(#10714));
#10714 = ORIENTED_EDGE('',*,*,#10715,.T.);
#10715 = EDGE_CURVE('',#10716,#10716,#10718,.T.);
#10716 = VERTEX_POINT('',#10717);
#10717 = CARTESIAN_POINT('',(289.203,-136.19226,1.5162));
#10718 = CIRCLE('',#10719,0.8509);
#10719 = AXIS2_PLACEMENT_3D('',#10720,#10721,#10722);
#10720 = CARTESIAN_POINT('',(289.203,-135.34136,1.5162));
#10721 = DIRECTION('',(-0.,0.,-1.));
#10722 = DIRECTION('',(-0.,-1.,0.));
#10723 = FACE_BOUND('',#10724,.T.);
#10724 = EDGE_LOOP('',(#10725));
#10725 = ORIENTED_EDGE('',*,*,#10726,.T.);
#10726 = EDGE_CURVE('',#10727,#10727,#10729,.T.);
#10727 = VERTEX_POINT('',#10728);
#10728 = CARTESIAN_POINT('',(277.773,-131.76136,1.5162));
#10729 = CIRCLE('',#10730,1.5);
#10730 = AXIS2_PLACEMENT_3D('',#10731,#10732,#10733);
#10731 = CARTESIAN_POINT('',(277.773,-130.26136,1.5162));
#10732 = DIRECTION('',(-0.,0.,-1.));
#10733 = DIRECTION('',(-0.,-1.,0.));
#10734 = FACE_BOUND('',#10735,.T.);
#10735 = EDGE_LOOP('',(#10736));
#10736 = ORIENTED_EDGE('',*,*,#10737,.T.);
#10737 = EDGE_CURVE('',#10738,#10738,#10740,.T.);
#10738 = VERTEX_POINT('',#10739);
#10739 = CARTESIAN_POINT('',(290.473,-134.30136,1.5162));
#10740 = CIRCLE('',#10741,1.5);
#10741 = AXIS2_PLACEMENT_3D('',#10742,#10743,#10744);
#10742 = CARTESIAN_POINT('',(290.473,-132.80136,1.5162));
#10743 = DIRECTION('',(-0.,0.,-1.));
#10744 = DIRECTION('',(-0.,-1.,0.));
#10745 = FACE_BOUND('',#10746,.T.);
#10746 = EDGE_LOOP('',(#10747));
#10747 = ORIENTED_EDGE('',*,*,#10748,.T.);
#10748 = EDGE_CURVE('',#10749,#10749,#10751,.T.);
#10749 = VERTEX_POINT('',#10750);
#10750 = CARTESIAN_POINT('',(299.363,-136.19226,1.5162));
#10751 = CIRCLE('',#10752,0.8509);
#10752 = AXIS2_PLACEMENT_3D('',#10753,#10754,#10755);
#10753 = CARTESIAN_POINT('',(299.363,-135.34136,1.5162));
#10754 = DIRECTION('',(-0.,0.,-1.));
#10755 = DIRECTION('',(-0.,-1.,0.));
#10756 = FACE_BOUND('',#10757,.T.);
#10757 = EDGE_LOOP('',(#10758));
#10758 = ORIENTED_EDGE('',*,*,#10759,.T.);
#10759 = EDGE_CURVE('',#10760,#10760,#10762,.T.);
#10760 = VERTEX_POINT('',#10761);
#10761 = CARTESIAN_POINT('',(296.823,-131.76136,1.5162));
#10762 = CIRCLE('',#10763,1.5);
#10763 = AXIS2_PLACEMENT_3D('',#10764,#10765,#10766);
#10764 = CARTESIAN_POINT('',(296.823,-130.26136,1.5162));
#10765 = DIRECTION('',(-0.,0.,-1.));
#10766 = DIRECTION('',(-0.,-1.,0.));
#10767 = FACE_BOUND('',#10768,.T.);
#10768 = EDGE_LOOP('',(#10769));
#10769 = ORIENTED_EDGE('',*,*,#10770,.T.);
#10770 = EDGE_CURVE('',#10771,#10771,#10773,.T.);
#10771 = VERTEX_POINT('',#10772);
#10772 = CARTESIAN_POINT('',(321.42925,-134.30136,1.5162));
#10773 = CIRCLE('',#10774,1.5);
#10774 = AXIS2_PLACEMENT_3D('',#10775,#10776,#10777);
#10775 = CARTESIAN_POINT('',(321.42925,-132.80136,1.5162));
#10776 = DIRECTION('',(-0.,0.,-1.));
#10777 = DIRECTION('',(-0.,-1.,0.));
#10778 = FACE_BOUND('',#10779,.T.);
#10779 = EDGE_LOOP('',(#10780));
#10780 = ORIENTED_EDGE('',*,*,#10781,.T.);
#10781 = EDGE_CURVE('',#10782,#10782,#10784,.T.);
#10782 = VERTEX_POINT('',#10783);
#10783 = CARTESIAN_POINT('',(325.23925,-137.33526,1.5162));
#10784 = CIRCLE('',#10785,1.9939);
#10785 = AXIS2_PLACEMENT_3D('',#10786,#10787,#10788);
#10786 = CARTESIAN_POINT('',(325.23925,-135.34136,1.5162));
#10787 = DIRECTION('',(-0.,0.,-1.));
#10788 = DIRECTION('',(2.850866084598E-14,-1.,-0.));
#10789 = FACE_BOUND('',#10790,.T.);
#10790 = EDGE_LOOP('',(#10791));
#10791 = ORIENTED_EDGE('',*,*,#10792,.T.);
#10792 = EDGE_CURVE('',#10793,#10793,#10795,.T.);
#10793 = VERTEX_POINT('',#10794);
#10794 = CARTESIAN_POINT('',(327.77925,-131.76136,1.5162));
#10795 = CIRCLE('',#10796,1.5);
#10796 = AXIS2_PLACEMENT_3D('',#10797,#10798,#10799);
#10797 = CARTESIAN_POINT('',(327.77925,-130.26136,1.5162));
#10798 = DIRECTION('',(-0.,0.,-1.));
#10799 = DIRECTION('',(-0.,-1.,0.));
#10800 = FACE_BOUND('',#10801,.T.);
#10801 = EDGE_LOOP('',(#10802));
#10802 = ORIENTED_EDGE('',*,*,#10803,.T.);
#10803 = EDGE_CURVE('',#10804,#10804,#10806,.T.);
#10804 = VERTEX_POINT('',#10805);
#10805 = CARTESIAN_POINT('',(313.30125,-129.88036,1.5162));
#10806 = CIRCLE('',#10807,1.524);
#10807 = AXIS2_PLACEMENT_3D('',#10808,#10809,#10810);
#10808 = CARTESIAN_POINT('',(313.30125,-128.35636,1.5162));
#10809 = DIRECTION('',(-0.,0.,-1.));
#10810 = DIRECTION('',(-0.,-1.,0.));
#10811 = FACE_BOUND('',#10812,.T.);
#10812 = EDGE_LOOP('',(#10813));
#10813 = ORIENTED_EDGE('',*,*,#10814,.T.);
#10814 = EDGE_CURVE('',#10815,#10815,#10817,.T.);
#10815 = VERTEX_POINT('',#10816);
#10816 = CARTESIAN_POINT('',(337.17725,-129.88036,1.5162));
#10817 = CIRCLE('',#10818,1.524);
#10818 = AXIS2_PLACEMENT_3D('',#10819,#10820,#10821);
#10819 = CARTESIAN_POINT('',(337.17725,-128.35636,1.5162));
#10820 = DIRECTION('',(-0.,0.,-1.));
#10821 = DIRECTION('',(-0.,-1.,0.));
#10822 = FACE_BOUND('',#10823,.T.);
#10823 = EDGE_LOOP('',(#10824,#10834,#10842,#10850));
#10824 = ORIENTED_EDGE('',*,*,#10825,.F.);
#10825 = EDGE_CURVE('',#10826,#10828,#10830,.T.);
#10826 = VERTEX_POINT('',#10827);
#10827 = CARTESIAN_POINT('',(287.8205,-123.29136,1.5162));
#10828 = VERTEX_POINT('',#10829);
#10829 = CARTESIAN_POINT('',(291.2205,-123.29136,1.5162));
#10830 = LINE('',#10831,#10832);
#10831 = CARTESIAN_POINT('',(287.8205,-123.29136,1.5162));
#10832 = VECTOR('',#10833,1.);
#10833 = DIRECTION('',(1.,0.,0.));
#10834 = ORIENTED_EDGE('',*,*,#10835,.F.);
#10835 = EDGE_CURVE('',#10836,#10826,#10838,.T.);
#10836 = VERTEX_POINT('',#10837);
#10837 = CARTESIAN_POINT('',(287.8205,-120.29136,1.5162));
#10838 = LINE('',#10839,#10840);
#10839 = CARTESIAN_POINT('',(287.8205,-120.29136,1.5162));
#10840 = VECTOR('',#10841,1.);
#10841 = DIRECTION('',(0.,-1.,0.));
#10842 = ORIENTED_EDGE('',*,*,#10843,.F.);
#10843 = EDGE_CURVE('',#10844,#10836,#10846,.T.);
#10844 = VERTEX_POINT('',#10845);
#10845 = CARTESIAN_POINT('',(291.2205,-120.29136,1.5162));
#10846 = LINE('',#10847,#10848);
#10847 = CARTESIAN_POINT('',(291.2205,-120.29136,1.5162));
#10848 = VECTOR('',#10849,1.);
#10849 = DIRECTION('',(-1.,0.,0.));
#10850 = ORIENTED_EDGE('',*,*,#10851,.F.);
#10851 = EDGE_CURVE('',#10828,#10844,#10852,.T.);
#10852 = LINE('',#10853,#10854);
#10853 = CARTESIAN_POINT('',(291.2205,-123.29136,1.5162));
#10854 = VECTOR('',#10855,1.);
#10855 = DIRECTION('',(0.,1.,0.));
#10856 = FACE_BOUND('',#10857,.T.);
#10857 = EDGE_LOOP('',(#10858));
#10858 = ORIENTED_EDGE('',*,*,#10859,.T.);
#10859 = EDGE_CURVE('',#10860,#10860,#10862,.T.);
#10860 = VERTEX_POINT('',#10861);
#10861 = CARTESIAN_POINT('',(275.5505,-117.14226,1.5162));
#10862 = CIRCLE('',#10863,0.8509);
#10863 = AXIS2_PLACEMENT_3D('',#10864,#10865,#10866);
#10864 = CARTESIAN_POINT('',(275.5505,-116.29136,1.5162));
#10865 = DIRECTION('',(-0.,0.,-1.));
#10866 = DIRECTION('',(-0.,-1.,0.));
#10867 = FACE_BOUND('',#10868,.T.);
#10868 = EDGE_LOOP('',(#10869));
#10869 = ORIENTED_EDGE('',*,*,#10870,.T.);
#10870 = EDGE_CURVE('',#10871,#10871,#10873,.T.);
#10871 = VERTEX_POINT('',#10872);
#10872 = CARTESIAN_POINT('',(284.4405,-117.14226,1.5162));
#10873 = CIRCLE('',#10874,0.8509);
#10874 = AXIS2_PLACEMENT_3D('',#10875,#10876,#10877);
#10875 = CARTESIAN_POINT('',(284.4405,-116.29136,1.5162));
#10876 = DIRECTION('',(-0.,0.,-1.));
#10877 = DIRECTION('',(-6.680387690776E-14,-1.,0.));
#10878 = FACE_BOUND('',#10879,.T.);
#10879 = EDGE_LOOP('',(#10880));
#10880 = ORIENTED_EDGE('',*,*,#10881,.T.);
#10881 = EDGE_CURVE('',#10882,#10882,#10884,.T.);
#10882 = VERTEX_POINT('',#10883);
#10883 = CARTESIAN_POINT('',(289.5205,-118.28526,1.5162));
#10884 = CIRCLE('',#10885,1.9939);
#10885 = AXIS2_PLACEMENT_3D('',#10886,#10887,#10888);
#10886 = CARTESIAN_POINT('',(289.5205,-116.29136,1.5162));
#10887 = DIRECTION('',(-0.,0.,-1.));
#10888 = DIRECTION('',(2.850866084598E-14,-1.,-0.));
#10889 = FACE_BOUND('',#10890,.T.);
#10890 = EDGE_LOOP('',(#10891));
#10891 = ORIENTED_EDGE('',*,*,#10892,.T.);
#10892 = EDGE_CURVE('',#10893,#10893,#10895,.T.);
#10893 = VERTEX_POINT('',#10894);
#10894 = CARTESIAN_POINT('',(285.7105,-115.25136,1.5162));
#10895 = CIRCLE('',#10896,1.5);
#10896 = AXIS2_PLACEMENT_3D('',#10897,#10898,#10899);
#10897 = CARTESIAN_POINT('',(285.7105,-113.75136,1.5162));
#10898 = DIRECTION('',(-0.,0.,-1.));
#10899 = DIRECTION('',(-0.,-1.,0.));
#10900 = FACE_BOUND('',#10901,.T.);
#10901 = EDGE_LOOP('',(#10902));
#10902 = ORIENTED_EDGE('',*,*,#10903,.T.);
#10903 = EDGE_CURVE('',#10904,#10904,#10906,.T.);
#10904 = VERTEX_POINT('',#10905);
#10905 = CARTESIAN_POINT('',(294.6005,-117.14226,1.5162));
#10906 = CIRCLE('',#10907,0.8509);
#10907 = AXIS2_PLACEMENT_3D('',#10908,#10909,#10910);
#10908 = CARTESIAN_POINT('',(294.6005,-116.29136,1.5162));
#10909 = DIRECTION('',(-0.,0.,-1.));
#10910 = DIRECTION('',(-0.,-1.,0.));
#10911 = FACE_BOUND('',#10912,.T.);
#10912 = EDGE_LOOP('',(#10913));
#10913 = ORIENTED_EDGE('',*,*,#10914,.T.);
#10914 = EDGE_CURVE('',#10915,#10915,#10917,.T.);
#10915 = VERTEX_POINT('',#10916);
#10916 = CARTESIAN_POINT('',(303.4905,-117.14226,1.5162));
#10917 = CIRCLE('',#10918,0.8509);
#10918 = AXIS2_PLACEMENT_3D('',#10919,#10920,#10921);
#10919 = CARTESIAN_POINT('',(303.4905,-116.29136,1.5162));
#10920 = DIRECTION('',(-0.,0.,-1.));
#10921 = DIRECTION('',(-0.,-1.,0.));
#10922 = FACE_BOUND('',#10923,.T.);
#10923 = EDGE_LOOP('',(#10924));
#10924 = ORIENTED_EDGE('',*,*,#10925,.T.);
#10925 = EDGE_CURVE('',#10926,#10926,#10928,.T.);
#10926 = VERTEX_POINT('',#10927);
#10927 = CARTESIAN_POINT('',(304.7605,-115.25136,1.5162));
#10928 = CIRCLE('',#10929,1.5);
#10929 = AXIS2_PLACEMENT_3D('',#10930,#10931,#10932);
#10930 = CARTESIAN_POINT('',(304.7605,-113.75136,1.5162));
#10931 = DIRECTION('',(-0.,0.,-1.));
#10932 = DIRECTION('',(-0.,-1.,0.));
#10933 = FACE_BOUND('',#10934,.T.);
#10934 = EDGE_LOOP('',(#10935,#10945,#10953,#10961));
#10935 = ORIENTED_EDGE('',*,*,#10936,.F.);
#10936 = EDGE_CURVE('',#10937,#10939,#10941,.T.);
#10937 = VERTEX_POINT('',#10938);
#10938 = CARTESIAN_POINT('',(306.8705,-123.29136,1.5162));
#10939 = VERTEX_POINT('',#10940);
#10940 = CARTESIAN_POINT('',(310.2705,-123.29136,1.5162));
#10941 = LINE('',#10942,#10943);
#10942 = CARTESIAN_POINT('',(306.8705,-123.29136,1.5162));
#10943 = VECTOR('',#10944,1.);
#10944 = DIRECTION('',(1.,0.,0.));
#10945 = ORIENTED_EDGE('',*,*,#10946,.F.);
#10946 = EDGE_CURVE('',#10947,#10937,#10949,.T.);
#10947 = VERTEX_POINT('',#10948);
#10948 = CARTESIAN_POINT('',(306.8705,-120.29136,1.5162));
#10949 = LINE('',#10950,#10951);
#10950 = CARTESIAN_POINT('',(306.8705,-120.29136,1.5162));
#10951 = VECTOR('',#10952,1.);
#10952 = DIRECTION('',(0.,-1.,0.));
#10953 = ORIENTED_EDGE('',*,*,#10954,.F.);
#10954 = EDGE_CURVE('',#10955,#10947,#10957,.T.);
#10955 = VERTEX_POINT('',#10956);
#10956 = CARTESIAN_POINT('',(310.2705,-120.29136,1.5162));
#10957 = LINE('',#10958,#10959);
#10958 = CARTESIAN_POINT('',(310.2705,-120.29136,1.5162));
#10959 = VECTOR('',#10960,1.);
#10960 = DIRECTION('',(-1.,0.,0.));
#10961 = ORIENTED_EDGE('',*,*,#10962,.F.);
#10962 = EDGE_CURVE('',#10939,#10955,#10963,.T.);
#10963 = LINE('',#10964,#10965);
#10964 = CARTESIAN_POINT('',(310.2705,-123.29136,1.5162));
#10965 = VECTOR('',#10966,1.);
#10966 = DIRECTION('',(0.,1.,0.));
#10967 = FACE_BOUND('',#10968,.T.);
#10968 = EDGE_LOOP('',(#10969,#10979,#10987,#10995));
#10969 = ORIENTED_EDGE('',*,*,#10970,.F.);
#10970 = EDGE_CURVE('',#10971,#10973,#10975,.T.);
#10971 = VERTEX_POINT('',#10972);
#10972 = CARTESIAN_POINT('',(330.683,-123.29136,1.5162));
#10973 = VERTEX_POINT('',#10974);
#10974 = CARTESIAN_POINT('',(334.083,-123.29136,1.5162));
#10975 = LINE('',#10976,#10977);
#10976 = CARTESIAN_POINT('',(330.683,-123.29136,1.5162));
#10977 = VECTOR('',#10978,1.);
#10978 = DIRECTION('',(1.,0.,0.));
#10979 = ORIENTED_EDGE('',*,*,#10980,.F.);
#10980 = EDGE_CURVE('',#10981,#10971,#10983,.T.);
#10981 = VERTEX_POINT('',#10982);
#10982 = CARTESIAN_POINT('',(330.683,-120.29136,1.5162));
#10983 = LINE('',#10984,#10985);
#10984 = CARTESIAN_POINT('',(330.683,-120.29136,1.5162));
#10985 = VECTOR('',#10986,1.);
#10986 = DIRECTION('',(0.,-1.,0.));
#10987 = ORIENTED_EDGE('',*,*,#10988,.F.);
#10988 = EDGE_CURVE('',#10989,#10981,#10991,.T.);
#10989 = VERTEX_POINT('',#10990);
#10990 = CARTESIAN_POINT('',(334.083,-120.29136,1.5162));
#10991 = LINE('',#10992,#10993);
#10992 = CARTESIAN_POINT('',(334.083,-120.29136,1.5162));
#10993 = VECTOR('',#10994,1.);
#10994 = DIRECTION('',(-1.,0.,0.));
#10995 = ORIENTED_EDGE('',*,*,#10996,.F.);
#10996 = EDGE_CURVE('',#10973,#10989,#10997,.T.);
#10997 = LINE('',#10998,#10999);
#10998 = CARTESIAN_POINT('',(334.083,-123.29136,1.5162));
#10999 = VECTOR('',#11000,1.);
#11000 = DIRECTION('',(0.,1.,0.));
#11001 = FACE_BOUND('',#11002,.T.);
#11002 = EDGE_LOOP('',(#11003));
#11003 = ORIENTED_EDGE('',*,*,#11004,.T.);
#11004 = EDGE_CURVE('',#11005,#11005,#11007,.T.);
#11005 = VERTEX_POINT('',#11006);
#11006 = CARTESIAN_POINT('',(308.5705,-118.28526,1.5162));
#11007 = CIRCLE('',#11008,1.9939);
#11008 = AXIS2_PLACEMENT_3D('',#11009,#11010,#11011);
#11009 = CARTESIAN_POINT('',(308.5705,-116.29136,1.5162));
#11010 = DIRECTION('',(-0.,0.,-1.));
#11011 = DIRECTION('',(-0.,-1.,0.));
#11012 = FACE_BOUND('',#11013,.T.);
#11013 = EDGE_LOOP('',(#11014));
#11014 = ORIENTED_EDGE('',*,*,#11015,.T.);
#11015 = EDGE_CURVE('',#11016,#11016,#11018,.T.);
#11016 = VERTEX_POINT('',#11017);
#11017 = CARTESIAN_POINT('',(313.6505,-117.14226,1.5162));
#11018 = CIRCLE('',#11019,0.8509);
#11019 = AXIS2_PLACEMENT_3D('',#11020,#11021,#11022);
#11020 = CARTESIAN_POINT('',(313.6505,-116.29136,1.5162));
#11021 = DIRECTION('',(-0.,0.,-1.));
#11022 = DIRECTION('',(6.680387690775E-14,-1.,-0.));
#11023 = FACE_BOUND('',#11024,.T.);
#11024 = EDGE_LOOP('',(#11025));
#11025 = ORIENTED_EDGE('',*,*,#11026,.T.);
#11026 = EDGE_CURVE('',#11027,#11027,#11029,.T.);
#11027 = VERTEX_POINT('',#11028);
#11028 = CARTESIAN_POINT('',(327.303,-117.14226,1.5162));
#11029 = CIRCLE('',#11030,0.8509);
#11030 = AXIS2_PLACEMENT_3D('',#11031,#11032,#11033);
#11031 = CARTESIAN_POINT('',(327.303,-116.29136,1.5162));
#11032 = DIRECTION('',(-0.,0.,-1.));
#11033 = DIRECTION('',(-0.,-1.,0.));
#11034 = FACE_BOUND('',#11035,.T.);
#11035 = EDGE_LOOP('',(#11036));
#11036 = ORIENTED_EDGE('',*,*,#11037,.T.);
#11037 = EDGE_CURVE('',#11038,#11038,#11040,.T.);
#11038 = VERTEX_POINT('',#11039);
#11039 = CARTESIAN_POINT('',(332.383,-118.28526,1.5162));
#11040 = CIRCLE('',#11041,1.9939);
#11041 = AXIS2_PLACEMENT_3D('',#11042,#11043,#11044);
#11042 = CARTESIAN_POINT('',(332.383,-116.29136,1.5162));
#11043 = DIRECTION('',(-0.,0.,-1.));
#11044 = DIRECTION('',(-0.,-1.,0.));
#11045 = FACE_BOUND('',#11046,.T.);
#11046 = EDGE_LOOP('',(#11047));
#11047 = ORIENTED_EDGE('',*,*,#11048,.T.);
#11048 = EDGE_CURVE('',#11049,#11049,#11051,.T.);
#11049 = VERTEX_POINT('',#11050);
#11050 = CARTESIAN_POINT('',(337.463,-117.14226,1.5162));
#11051 = CIRCLE('',#11052,0.8509);
#11052 = AXIS2_PLACEMENT_3D('',#11053,#11054,#11055);
#11053 = CARTESIAN_POINT('',(337.463,-116.29136,1.5162));
#11054 = DIRECTION('',(-0.,0.,-1.));
#11055 = DIRECTION('',(6.680387690775E-14,-1.,-0.));
#11056 = FACE_BOUND('',#11057,.T.);
#11057 = EDGE_LOOP('',(#11058));
#11058 = ORIENTED_EDGE('',*,*,#11059,.T.);
#11059 = EDGE_CURVE('',#11060,#11060,#11062,.T.);
#11060 = VERTEX_POINT('',#11061);
#11061 = CARTESIAN_POINT('',(328.573,-115.25136,1.5162));
#11062 = CIRCLE('',#11063,1.5);
#11063 = AXIS2_PLACEMENT_3D('',#11064,#11065,#11066);
#11064 = CARTESIAN_POINT('',(328.573,-113.75136,1.5162));
#11065 = DIRECTION('',(-0.,0.,-1.));
#11066 = DIRECTION('',(-0.,-1.,0.));
#11067 = FACE_BOUND('',#11068,.T.);
#11068 = EDGE_LOOP('',(#11069));
#11069 = ORIENTED_EDGE('',*,*,#11070,.T.);
#11070 = EDGE_CURVE('',#11071,#11071,#11073,.T.);
#11071 = VERTEX_POINT('',#11072);
#11072 = CARTESIAN_POINT('',(215.8605,-112.71136,1.5162));
#11073 = CIRCLE('',#11074,1.5);
#11074 = AXIS2_PLACEMENT_3D('',#11075,#11076,#11077);
#11075 = CARTESIAN_POINT('',(215.8605,-111.21136,1.5162));
#11076 = DIRECTION('',(-0.,0.,-1.));
#11077 = DIRECTION('',(-0.,-1.,0.));
#11078 = FACE_BOUND('',#11079,.T.);
#11079 = EDGE_LOOP('',(#11080));
#11080 = ORIENTED_EDGE('',*,*,#11081,.T.);
#11081 = EDGE_CURVE('',#11082,#11082,#11084,.T.);
#11082 = VERTEX_POINT('',#11083);
#11083 = CARTESIAN_POINT('',(234.9105,-112.71136,1.5162));
#11084 = CIRCLE('',#11085,1.5);
#11085 = AXIS2_PLACEMENT_3D('',#11086,#11087,#11088);
#11086 = CARTESIAN_POINT('',(234.9105,-111.21136,1.5162));
#11087 = DIRECTION('',(-0.,0.,-1.));
#11088 = DIRECTION('',(-0.,-1.,0.));
#11089 = FACE_BOUND('',#11090,.T.);
#11090 = EDGE_LOOP('',(#11091,#11101,#11109,#11117));
#11091 = ORIENTED_EDGE('',*,*,#11092,.F.);
#11092 = EDGE_CURVE('',#11093,#11095,#11097,.T.);
#11093 = VERTEX_POINT('',#11094);
#11094 = CARTESIAN_POINT('',(202.0955,-104.24136,1.5162));
#11095 = VERTEX_POINT('',#11096);
#11096 = CARTESIAN_POINT('',(205.4955,-104.24136,1.5162));
#11097 = LINE('',#11098,#11099);
#11098 = CARTESIAN_POINT('',(202.0955,-104.24136,1.5162));
#11099 = VECTOR('',#11100,1.);
#11100 = DIRECTION('',(1.,0.,0.));
#11101 = ORIENTED_EDGE('',*,*,#11102,.F.);
#11102 = EDGE_CURVE('',#11103,#11093,#11105,.T.);
#11103 = VERTEX_POINT('',#11104);
#11104 = CARTESIAN_POINT('',(202.0955,-101.24136,1.5162));
#11105 = LINE('',#11106,#11107);
#11106 = CARTESIAN_POINT('',(202.0955,-101.24136,1.5162));
#11107 = VECTOR('',#11108,1.);
#11108 = DIRECTION('',(0.,-1.,0.));
#11109 = ORIENTED_EDGE('',*,*,#11110,.F.);
#11110 = EDGE_CURVE('',#11111,#11103,#11113,.T.);
#11111 = VERTEX_POINT('',#11112);
#11112 = CARTESIAN_POINT('',(205.4955,-101.24136,1.5162));
#11113 = LINE('',#11114,#11115);
#11114 = CARTESIAN_POINT('',(205.4955,-101.24136,1.5162));
#11115 = VECTOR('',#11116,1.);
#11116 = DIRECTION('',(-1.,0.,0.));
#11117 = ORIENTED_EDGE('',*,*,#11118,.F.);
#11118 = EDGE_CURVE('',#11095,#11111,#11119,.T.);
#11119 = LINE('',#11120,#11121);
#11120 = CARTESIAN_POINT('',(205.4955,-104.24136,1.5162));
#11121 = VECTOR('',#11122,1.);
#11122 = DIRECTION('',(0.,1.,0.));
#11123 = FACE_BOUND('',#11124,.T.);
#11124 = EDGE_LOOP('',(#11125,#11135,#11143,#11151));
#11125 = ORIENTED_EDGE('',*,*,#11126,.F.);
#11126 = EDGE_CURVE('',#11127,#11129,#11131,.T.);
#11127 = VERTEX_POINT('',#11128);
#11128 = CARTESIAN_POINT('',(221.1455,-104.24136,1.5162));
#11129 = VERTEX_POINT('',#11130);
#11130 = CARTESIAN_POINT('',(224.5455,-104.24136,1.5162));
#11131 = LINE('',#11132,#11133);
#11132 = CARTESIAN_POINT('',(221.1455,-104.24136,1.5162));
#11133 = VECTOR('',#11134,1.);
#11134 = DIRECTION('',(1.,0.,0.));
#11135 = ORIENTED_EDGE('',*,*,#11136,.F.);
#11136 = EDGE_CURVE('',#11137,#11127,#11139,.T.);
#11137 = VERTEX_POINT('',#11138);
#11138 = CARTESIAN_POINT('',(221.1455,-101.24136,1.5162));
#11139 = LINE('',#11140,#11141);
#11140 = CARTESIAN_POINT('',(221.1455,-101.24136,1.5162));
#11141 = VECTOR('',#11142,1.);
#11142 = DIRECTION('',(0.,-1.,0.));
#11143 = ORIENTED_EDGE('',*,*,#11144,.F.);
#11144 = EDGE_CURVE('',#11145,#11137,#11147,.T.);
#11145 = VERTEX_POINT('',#11146);
#11146 = CARTESIAN_POINT('',(224.5455,-101.24136,1.5162));
#11147 = LINE('',#11148,#11149);
#11148 = CARTESIAN_POINT('',(224.5455,-101.24136,1.5162));
#11149 = VECTOR('',#11150,1.);
#11150 = DIRECTION('',(-1.,0.,0.));
#11151 = ORIENTED_EDGE('',*,*,#11152,.F.);
#11152 = EDGE_CURVE('',#11129,#11145,#11153,.T.);
#11153 = LINE('',#11154,#11155);
#11154 = CARTESIAN_POINT('',(224.5455,-104.24136,1.5162));
#11155 = VECTOR('',#11156,1.);
#11156 = DIRECTION('',(0.,1.,0.));
#11157 = FACE_BOUND('',#11158,.T.);
#11158 = EDGE_LOOP('',(#11159));
#11159 = ORIENTED_EDGE('',*,*,#11160,.T.);
#11160 = EDGE_CURVE('',#11161,#11161,#11163,.T.);
#11161 = VERTEX_POINT('',#11162);
#11162 = CARTESIAN_POINT('',(253.9605,-112.71136,1.5162));
#11163 = CIRCLE('',#11164,1.5);
#11164 = AXIS2_PLACEMENT_3D('',#11165,#11166,#11167);
#11165 = CARTESIAN_POINT('',(253.9605,-111.21136,1.5162));
#11166 = DIRECTION('',(-0.,0.,-1.));
#11167 = DIRECTION('',(-0.,-1.,0.));
#11168 = FACE_BOUND('',#11169,.T.);
#11169 = EDGE_LOOP('',(#11170,#11180,#11188,#11196));
#11170 = ORIENTED_EDGE('',*,*,#11171,.F.);
#11171 = EDGE_CURVE('',#11172,#11174,#11176,.T.);
#11172 = VERTEX_POINT('',#11173);
#11173 = CARTESIAN_POINT('',(240.1955,-104.24136,1.5162));
#11174 = VERTEX_POINT('',#11175);
#11175 = CARTESIAN_POINT('',(243.5955,-104.24136,1.5162));
#11176 = LINE('',#11177,#11178);
#11177 = CARTESIAN_POINT('',(240.1955,-104.24136,1.5162));
#11178 = VECTOR('',#11179,1.);
#11179 = DIRECTION('',(1.,0.,0.));
#11180 = ORIENTED_EDGE('',*,*,#11181,.F.);
#11181 = EDGE_CURVE('',#11182,#11172,#11184,.T.);
#11182 = VERTEX_POINT('',#11183);
#11183 = CARTESIAN_POINT('',(240.1955,-101.24136,1.5162));
#11184 = LINE('',#11185,#11186);
#11185 = CARTESIAN_POINT('',(240.1955,-101.24136,1.5162));
#11186 = VECTOR('',#11187,1.);
#11187 = DIRECTION('',(0.,-1.,0.));
#11188 = ORIENTED_EDGE('',*,*,#11189,.F.);
#11189 = EDGE_CURVE('',#11190,#11182,#11192,.T.);
#11190 = VERTEX_POINT('',#11191);
#11191 = CARTESIAN_POINT('',(243.5955,-101.24136,1.5162));
#11192 = LINE('',#11193,#11194);
#11193 = CARTESIAN_POINT('',(243.5955,-101.24136,1.5162));
#11194 = VECTOR('',#11195,1.);
#11195 = DIRECTION('',(-1.,0.,0.));
#11196 = ORIENTED_EDGE('',*,*,#11197,.F.);
#11197 = EDGE_CURVE('',#11174,#11190,#11198,.T.);
#11198 = LINE('',#11199,#11200);
#11199 = CARTESIAN_POINT('',(243.5955,-104.24136,1.5162));
#11200 = VECTOR('',#11201,1.);
#11201 = DIRECTION('',(0.,1.,0.));
#11202 = FACE_BOUND('',#11203,.T.);
#11203 = EDGE_LOOP('',(#11204,#11214,#11222,#11230));
#11204 = ORIENTED_EDGE('',*,*,#11205,.F.);
#11205 = EDGE_CURVE('',#11206,#11208,#11210,.T.);
#11206 = VERTEX_POINT('',#11207);
#11207 = CARTESIAN_POINT('',(259.2455,-104.24136,1.5162));
#11208 = VERTEX_POINT('',#11209);
#11209 = CARTESIAN_POINT('',(262.6455,-104.24136,1.5162));
#11210 = LINE('',#11211,#11212);
#11211 = CARTESIAN_POINT('',(259.2455,-104.24136,1.5162));
#11212 = VECTOR('',#11213,1.);
#11213 = DIRECTION('',(1.,0.,0.));
#11214 = ORIENTED_EDGE('',*,*,#11215,.F.);
#11215 = EDGE_CURVE('',#11216,#11206,#11218,.T.);
#11216 = VERTEX_POINT('',#11217);
#11217 = CARTESIAN_POINT('',(259.2455,-101.24136,1.5162));
#11218 = LINE('',#11219,#11220);
#11219 = CARTESIAN_POINT('',(259.2455,-101.24136,1.5162));
#11220 = VECTOR('',#11221,1.);
#11221 = DIRECTION('',(0.,-1.,0.));
#11222 = ORIENTED_EDGE('',*,*,#11223,.F.);
#11223 = EDGE_CURVE('',#11224,#11216,#11226,.T.);
#11224 = VERTEX_POINT('',#11225);
#11225 = CARTESIAN_POINT('',(262.6455,-101.24136,1.5162));
#11226 = LINE('',#11227,#11228);
#11227 = CARTESIAN_POINT('',(262.6455,-101.24136,1.5162));
#11228 = VECTOR('',#11229,1.);
#11229 = DIRECTION('',(-1.,0.,0.));
#11230 = ORIENTED_EDGE('',*,*,#11231,.F.);
#11231 = EDGE_CURVE('',#11208,#11224,#11232,.T.);
#11232 = LINE('',#11233,#11234);
#11233 = CARTESIAN_POINT('',(262.6455,-104.24136,1.5162));
#11234 = VECTOR('',#11235,1.);
#11235 = DIRECTION('',(0.,1.,0.));
#11236 = FACE_BOUND('',#11237,.T.);
#11237 = EDGE_LOOP('',(#11238));
#11238 = ORIENTED_EDGE('',*,*,#11239,.T.);
#11239 = EDGE_CURVE('',#11240,#11240,#11242,.T.);
#11240 = VERTEX_POINT('',#11241);
#11241 = CARTESIAN_POINT('',(203.7955,-99.23526,1.5162));
#11242 = CIRCLE('',#11243,1.9939);
#11243 = AXIS2_PLACEMENT_3D('',#11244,#11245,#11246);
#11244 = CARTESIAN_POINT('',(203.7955,-97.24136,1.5162));
#11245 = DIRECTION('',(-0.,0.,-1.));
#11246 = DIRECTION('',(-0.,-1.,0.));
#11247 = FACE_BOUND('',#11248,.T.);
#11248 = EDGE_LOOP('',(#11249));
#11249 = ORIENTED_EDGE('',*,*,#11250,.T.);
#11250 = EDGE_CURVE('',#11251,#11251,#11253,.T.);
#11251 = VERTEX_POINT('',#11252);
#11252 = CARTESIAN_POINT('',(208.8755,-98.09226,1.5162));
#11253 = CIRCLE('',#11254,0.8509);
#11254 = AXIS2_PLACEMENT_3D('',#11255,#11256,#11257);
#11255 = CARTESIAN_POINT('',(208.8755,-97.24136,1.5162));
#11256 = DIRECTION('',(-0.,0.,-1.));
#11257 = DIRECTION('',(-0.,-1.,0.));
#11258 = FACE_BOUND('',#11259,.T.);
#11259 = EDGE_LOOP('',(#11260));
#11260 = ORIENTED_EDGE('',*,*,#11261,.T.);
#11261 = EDGE_CURVE('',#11262,#11262,#11264,.T.);
#11262 = VERTEX_POINT('',#11263);
#11263 = CARTESIAN_POINT('',(217.7655,-98.09226,1.5162));
#11264 = CIRCLE('',#11265,0.8509);
#11265 = AXIS2_PLACEMENT_3D('',#11266,#11267,#11268);
#11266 = CARTESIAN_POINT('',(217.7655,-97.24136,1.5162));
#11267 = DIRECTION('',(-0.,0.,-1.));
#11268 = DIRECTION('',(-0.,-1.,0.));
#11269 = FACE_BOUND('',#11270,.T.);
#11270 = EDGE_LOOP('',(#11271));
#11271 = ORIENTED_EDGE('',*,*,#11272,.T.);
#11272 = EDGE_CURVE('',#11273,#11273,#11275,.T.);
#11273 = VERTEX_POINT('',#11274);
#11274 = CARTESIAN_POINT('',(219.0355,-96.20136,1.5162));
#11275 = CIRCLE('',#11276,1.5);
#11276 = AXIS2_PLACEMENT_3D('',#11277,#11278,#11279);
#11277 = CARTESIAN_POINT('',(219.0355,-94.70136,1.5162));
#11278 = DIRECTION('',(-0.,0.,-1.));
#11279 = DIRECTION('',(-0.,-1.,0.));
#11280 = FACE_BOUND('',#11281,.T.);
#11281 = EDGE_LOOP('',(#11282));
#11282 = ORIENTED_EDGE('',*,*,#11283,.T.);
#11283 = EDGE_CURVE('',#11284,#11284,#11286,.T.);
#11284 = VERTEX_POINT('',#11285);
#11285 = CARTESIAN_POINT('',(222.8455,-99.23526,1.5162));
#11286 = CIRCLE('',#11287,1.9939);
#11287 = AXIS2_PLACEMENT_3D('',#11288,#11289,#11290);
#11288 = CARTESIAN_POINT('',(222.8455,-97.24136,1.5162));
#11289 = DIRECTION('',(-0.,0.,-1.));
#11290 = DIRECTION('',(-1.425433042299E-14,-1.,0.));
#11291 = FACE_BOUND('',#11292,.T.);
#11292 = EDGE_LOOP('',(#11293));
#11293 = ORIENTED_EDGE('',*,*,#11294,.T.);
#11294 = EDGE_CURVE('',#11295,#11295,#11297,.T.);
#11295 = VERTEX_POINT('',#11296);
#11296 = CARTESIAN_POINT('',(227.9255,-98.09226,1.5162));
#11297 = CIRCLE('',#11298,0.8509);
#11298 = AXIS2_PLACEMENT_3D('',#11299,#11300,#11301);
#11299 = CARTESIAN_POINT('',(227.9255,-97.24136,1.5162));
#11300 = DIRECTION('',(-0.,0.,-1.));
#11301 = DIRECTION('',(-0.,-1.,0.));
#11302 = FACE_BOUND('',#11303,.T.);
#11303 = EDGE_LOOP('',(#11304));
#11304 = ORIENTED_EDGE('',*,*,#11305,.T.);
#11305 = EDGE_CURVE('',#11306,#11306,#11308,.T.);
#11306 = VERTEX_POINT('',#11307);
#11307 = CARTESIAN_POINT('',(236.8155,-98.09226,1.5162));
#11308 = CIRCLE('',#11309,0.8509);
#11309 = AXIS2_PLACEMENT_3D('',#11310,#11311,#11312);
#11310 = CARTESIAN_POINT('',(236.8155,-97.24136,1.5162));
#11311 = DIRECTION('',(-0.,0.,-1.));
#11312 = DIRECTION('',(-0.,-1.,0.));
#11313 = FACE_BOUND('',#11314,.T.);
#11314 = EDGE_LOOP('',(#11315));
#11315 = ORIENTED_EDGE('',*,*,#11316,.T.);
#11316 = EDGE_CURVE('',#11317,#11317,#11319,.T.);
#11317 = VERTEX_POINT('',#11318);
#11318 = CARTESIAN_POINT('',(206.3355,-93.66136,1.5162));
#11319 = CIRCLE('',#11320,1.5);
#11320 = AXIS2_PLACEMENT_3D('',#11321,#11322,#11323);
#11321 = CARTESIAN_POINT('',(206.3355,-92.16136,1.5162));
#11322 = DIRECTION('',(-0.,0.,-1.));
#11323 = DIRECTION('',(-0.,-1.,0.));
#11324 = FACE_BOUND('',#11325,.T.);
#11325 = EDGE_LOOP('',(#11326));
#11326 = ORIENTED_EDGE('',*,*,#11327,.T.);
#11327 = EDGE_CURVE('',#11328,#11328,#11330,.T.);
#11328 = VERTEX_POINT('',#11329);
#11329 = CARTESIAN_POINT('',(225.3855,-93.66136,1.5162));
#11330 = CIRCLE('',#11331,1.5);
#11331 = AXIS2_PLACEMENT_3D('',#11332,#11333,#11334);
#11332 = CARTESIAN_POINT('',(225.3855,-92.16136,1.5162));
#11333 = DIRECTION('',(-0.,0.,-1.));
#11334 = DIRECTION('',(-0.,-1.,0.));
#11335 = FACE_BOUND('',#11336,.T.);
#11336 = EDGE_LOOP('',(#11337));
#11337 = ORIENTED_EDGE('',*,*,#11338,.T.);
#11338 = EDGE_CURVE('',#11339,#11339,#11341,.T.);
#11339 = VERTEX_POINT('',#11340);
#11340 = CARTESIAN_POINT('',(241.8955,-99.23526,1.5162));
#11341 = CIRCLE('',#11342,1.9939);
#11342 = AXIS2_PLACEMENT_3D('',#11343,#11344,#11345);
#11343 = CARTESIAN_POINT('',(241.8955,-97.24136,1.5162));
#11344 = DIRECTION('',(-0.,0.,-1.));
#11345 = DIRECTION('',(-0.,-1.,0.));
#11346 = FACE_BOUND('',#11347,.T.);
#11347 = EDGE_LOOP('',(#11348));
#11348 = ORIENTED_EDGE('',*,*,#11349,.T.);
#11349 = EDGE_CURVE('',#11350,#11350,#11352,.T.);
#11350 = VERTEX_POINT('',#11351);
#11351 = CARTESIAN_POINT('',(238.0855,-96.20136,1.5162));
#11352 = CIRCLE('',#11353,1.5);
#11353 = AXIS2_PLACEMENT_3D('',#11354,#11355,#11356);
#11354 = CARTESIAN_POINT('',(238.0855,-94.70136,1.5162));
#11355 = DIRECTION('',(-0.,0.,-1.));
#11356 = DIRECTION('',(-0.,-1.,0.));
#11357 = FACE_BOUND('',#11358,.T.);
#11358 = EDGE_LOOP('',(#11359));
#11359 = ORIENTED_EDGE('',*,*,#11360,.T.);
#11360 = EDGE_CURVE('',#11361,#11361,#11363,.T.);
#11361 = VERTEX_POINT('',#11362);
#11362 = CARTESIAN_POINT('',(246.9755,-98.09226,1.5162));
#11363 = CIRCLE('',#11364,0.8509);
#11364 = AXIS2_PLACEMENT_3D('',#11365,#11366,#11367);
#11365 = CARTESIAN_POINT('',(246.9755,-97.24136,1.5162));
#11366 = DIRECTION('',(-0.,0.,-1.));
#11367 = DIRECTION('',(-0.,-1.,0.));
#11368 = FACE_BOUND('',#11369,.T.);
#11369 = EDGE_LOOP('',(#11370));
#11370 = ORIENTED_EDGE('',*,*,#11371,.T.);
#11371 = EDGE_CURVE('',#11372,#11372,#11374,.T.);
#11372 = VERTEX_POINT('',#11373);
#11373 = CARTESIAN_POINT('',(255.8655,-98.09226,1.5162));
#11374 = CIRCLE('',#11375,0.8509);
#11375 = AXIS2_PLACEMENT_3D('',#11376,#11377,#11378);
#11376 = CARTESIAN_POINT('',(255.8655,-97.24136,1.5162));
#11377 = DIRECTION('',(-0.,0.,-1.));
#11378 = DIRECTION('',(-0.,-1.,0.));
#11379 = FACE_BOUND('',#11380,.T.);
#11380 = EDGE_LOOP('',(#11381));
#11381 = ORIENTED_EDGE('',*,*,#11382,.T.);
#11382 = EDGE_CURVE('',#11383,#11383,#11385,.T.);
#11383 = VERTEX_POINT('',#11384);
#11384 = CARTESIAN_POINT('',(260.9455,-99.23526,1.5162));
#11385 = CIRCLE('',#11386,1.9939);
#11386 = AXIS2_PLACEMENT_3D('',#11387,#11388,#11389);
#11387 = CARTESIAN_POINT('',(260.9455,-97.24136,1.5162));
#11388 = DIRECTION('',(-0.,0.,-1.));
#11389 = DIRECTION('',(-0.,-1.,0.));
#11390 = FACE_BOUND('',#11391,.T.);
#11391 = EDGE_LOOP('',(#11392));
#11392 = ORIENTED_EDGE('',*,*,#11393,.T.);
#11393 = EDGE_CURVE('',#11394,#11394,#11396,.T.);
#11394 = VERTEX_POINT('',#11395);
#11395 = CARTESIAN_POINT('',(257.1355,-96.20136,1.5162));
#11396 = CIRCLE('',#11397,1.5);
#11397 = AXIS2_PLACEMENT_3D('',#11398,#11399,#11400);
#11398 = CARTESIAN_POINT('',(257.1355,-94.70136,1.5162));
#11399 = DIRECTION('',(-0.,0.,-1.));
#11400 = DIRECTION('',(-0.,-1.,0.));
#11401 = FACE_BOUND('',#11402,.T.);
#11402 = EDGE_LOOP('',(#11403));
#11403 = ORIENTED_EDGE('',*,*,#11404,.T.);
#11404 = EDGE_CURVE('',#11405,#11405,#11407,.T.);
#11405 = VERTEX_POINT('',#11406);
#11406 = CARTESIAN_POINT('',(266.0255,-98.09226,1.5162));
#11407 = CIRCLE('',#11408,0.8509);
#11408 = AXIS2_PLACEMENT_3D('',#11409,#11410,#11411);
#11409 = CARTESIAN_POINT('',(266.0255,-97.24136,1.5162));
#11410 = DIRECTION('',(-0.,0.,-1.));
#11411 = DIRECTION('',(6.680387690775E-14,-1.,-0.));
#11412 = FACE_BOUND('',#11413,.T.);
#11413 = EDGE_LOOP('',(#11414));
#11414 = ORIENTED_EDGE('',*,*,#11415,.T.);
#11415 = EDGE_CURVE('',#11416,#11416,#11418,.T.);
#11416 = VERTEX_POINT('',#11417);
#11417 = CARTESIAN_POINT('',(244.4355,-93.66136,1.5162));
#11418 = CIRCLE('',#11419,1.5);
#11419 = AXIS2_PLACEMENT_3D('',#11420,#11421,#11422);
#11420 = CARTESIAN_POINT('',(244.4355,-92.16136,1.5162));
#11421 = DIRECTION('',(-0.,0.,-1.));
#11422 = DIRECTION('',(-0.,-1.,0.));
#11423 = FACE_BOUND('',#11424,.T.);
#11424 = EDGE_LOOP('',(#11425));
#11425 = ORIENTED_EDGE('',*,*,#11426,.T.);
#11426 = EDGE_CURVE('',#11427,#11427,#11429,.T.);
#11427 = VERTEX_POINT('',#11428);
#11428 = CARTESIAN_POINT('',(263.4855,-93.66136,1.5162));
#11429 = CIRCLE('',#11430,1.5);
#11430 = AXIS2_PLACEMENT_3D('',#11431,#11432,#11433);
#11431 = CARTESIAN_POINT('',(263.4855,-92.16136,1.5162));
#11432 = DIRECTION('',(-0.,0.,-1.));
#11433 = DIRECTION('',(-0.,-1.,0.));
#11434 = FACE_BOUND('',#11435,.T.);
#11435 = EDGE_LOOP('',(#11436));
#11436 = ORIENTED_EDGE('',*,*,#11437,.T.);
#11437 = EDGE_CURVE('',#11438,#11438,#11440,.T.);
#11438 = VERTEX_POINT('',#11439);
#11439 = CARTESIAN_POINT('',(273.0105,-112.71136,1.5162));
#11440 = CIRCLE('',#11441,1.5);
#11441 = AXIS2_PLACEMENT_3D('',#11442,#11443,#11444);
#11442 = CARTESIAN_POINT('',(273.0105,-111.21136,1.5162));
#11443 = DIRECTION('',(-0.,0.,-1.));
#11444 = DIRECTION('',(-0.,-1.,0.));
#11445 = FACE_BOUND('',#11446,.T.);
#11446 = EDGE_LOOP('',(#11447));
#11447 = ORIENTED_EDGE('',*,*,#11448,.T.);
#11448 = EDGE_CURVE('',#11449,#11449,#11451,.T.);
#11449 = VERTEX_POINT('',#11450);
#11450 = CARTESIAN_POINT('',(292.0605,-112.71136,1.5162));
#11451 = CIRCLE('',#11452,1.5);
#11452 = AXIS2_PLACEMENT_3D('',#11453,#11454,#11455);
#11453 = CARTESIAN_POINT('',(292.0605,-111.21136,1.5162));
#11454 = DIRECTION('',(-0.,0.,-1.));
#11455 = DIRECTION('',(-0.,-1.,0.));
#11456 = FACE_BOUND('',#11457,.T.);
#11457 = EDGE_LOOP('',(#11458,#11468,#11476,#11484));
#11458 = ORIENTED_EDGE('',*,*,#11459,.F.);
#11459 = EDGE_CURVE('',#11460,#11462,#11464,.T.);
#11460 = VERTEX_POINT('',#11461);
#11461 = CARTESIAN_POINT('',(278.2955,-104.24136,1.5162));
#11462 = VERTEX_POINT('',#11463);
#11463 = CARTESIAN_POINT('',(281.6955,-104.24136,1.5162));
#11464 = LINE('',#11465,#11466);
#11465 = CARTESIAN_POINT('',(278.2955,-104.24136,1.5162));
#11466 = VECTOR('',#11467,1.);
#11467 = DIRECTION('',(1.,0.,0.));
#11468 = ORIENTED_EDGE('',*,*,#11469,.F.);
#11469 = EDGE_CURVE('',#11470,#11460,#11472,.T.);
#11470 = VERTEX_POINT('',#11471);
#11471 = CARTESIAN_POINT('',(278.2955,-101.24136,1.5162));
#11472 = LINE('',#11473,#11474);
#11473 = CARTESIAN_POINT('',(278.2955,-101.24136,1.5162));
#11474 = VECTOR('',#11475,1.);
#11475 = DIRECTION('',(0.,-1.,0.));
#11476 = ORIENTED_EDGE('',*,*,#11477,.F.);
#11477 = EDGE_CURVE('',#11478,#11470,#11480,.T.);
#11478 = VERTEX_POINT('',#11479);
#11479 = CARTESIAN_POINT('',(281.6955,-101.24136,1.5162));
#11480 = LINE('',#11481,#11482);
#11481 = CARTESIAN_POINT('',(281.6955,-101.24136,1.5162));
#11482 = VECTOR('',#11483,1.);
#11483 = DIRECTION('',(-1.,0.,0.));
#11484 = ORIENTED_EDGE('',*,*,#11485,.F.);
#11485 = EDGE_CURVE('',#11462,#11478,#11486,.T.);
#11486 = LINE('',#11487,#11488);
#11487 = CARTESIAN_POINT('',(281.6955,-104.24136,1.5162));
#11488 = VECTOR('',#11489,1.);
#11489 = DIRECTION('',(0.,1.,0.));
#11490 = FACE_BOUND('',#11491,.T.);
#11491 = EDGE_LOOP('',(#11492,#11502,#11510,#11518));
#11492 = ORIENTED_EDGE('',*,*,#11493,.F.);
#11493 = EDGE_CURVE('',#11494,#11496,#11498,.T.);
#11494 = VERTEX_POINT('',#11495);
#11495 = CARTESIAN_POINT('',(297.3455,-104.24136,1.5162));
#11496 = VERTEX_POINT('',#11497);
#11497 = CARTESIAN_POINT('',(300.7455,-104.24136,1.5162));
#11498 = LINE('',#11499,#11500);
#11499 = CARTESIAN_POINT('',(297.3455,-104.24136,1.5162));
#11500 = VECTOR('',#11501,1.);
#11501 = DIRECTION('',(1.,0.,0.));
#11502 = ORIENTED_EDGE('',*,*,#11503,.F.);
#11503 = EDGE_CURVE('',#11504,#11494,#11506,.T.);
#11504 = VERTEX_POINT('',#11505);
#11505 = CARTESIAN_POINT('',(297.3455,-101.24136,1.5162));
#11506 = LINE('',#11507,#11508);
#11507 = CARTESIAN_POINT('',(297.3455,-101.24136,1.5162));
#11508 = VECTOR('',#11509,1.);
#11509 = DIRECTION('',(0.,-1.,0.));
#11510 = ORIENTED_EDGE('',*,*,#11511,.F.);
#11511 = EDGE_CURVE('',#11512,#11504,#11514,.T.);
#11512 = VERTEX_POINT('',#11513);
#11513 = CARTESIAN_POINT('',(300.7455,-101.24136,1.5162));
#11514 = LINE('',#11515,#11516);
#11515 = CARTESIAN_POINT('',(300.7455,-101.24136,1.5162));
#11516 = VECTOR('',#11517,1.);
#11517 = DIRECTION('',(-1.,0.,0.));
#11518 = ORIENTED_EDGE('',*,*,#11519,.F.);
#11519 = EDGE_CURVE('',#11496,#11512,#11520,.T.);
#11520 = LINE('',#11521,#11522);
#11521 = CARTESIAN_POINT('',(300.7455,-104.24136,1.5162));
#11522 = VECTOR('',#11523,1.);
#11523 = DIRECTION('',(0.,1.,0.));
#11524 = FACE_BOUND('',#11525,.T.);
#11525 = EDGE_LOOP('',(#11526));
#11526 = ORIENTED_EDGE('',*,*,#11527,.T.);
#11527 = EDGE_CURVE('',#11528,#11528,#11530,.T.);
#11528 = VERTEX_POINT('',#11529);
#11529 = CARTESIAN_POINT('',(311.1105,-112.71136,1.5162));
#11530 = CIRCLE('',#11531,1.5);
#11531 = AXIS2_PLACEMENT_3D('',#11532,#11533,#11534);
#11532 = CARTESIAN_POINT('',(311.1105,-111.21136,1.5162));
#11533 = DIRECTION('',(-0.,0.,-1.));
#11534 = DIRECTION('',(-0.,-1.,0.));
#11535 = FACE_BOUND('',#11536,.T.);
#11536 = EDGE_LOOP('',(#11537));
#11537 = ORIENTED_EDGE('',*,*,#11538,.T.);
#11538 = EDGE_CURVE('',#11539,#11539,#11541,.T.);
#11539 = VERTEX_POINT('',#11540);
#11540 = CARTESIAN_POINT('',(319.72,-113.,1.5162));
#11541 = CIRCLE('',#11542,1.1);
#11542 = AXIS2_PLACEMENT_3D('',#11543,#11544,#11545);
#11543 = CARTESIAN_POINT('',(319.72,-111.9,1.5162));
#11544 = DIRECTION('',(-0.,0.,-1.));
#11545 = DIRECTION('',(-0.,-1.,0.));
#11546 = FACE_BOUND('',#11547,.T.);
#11547 = EDGE_LOOP('',(#11548));
#11548 = ORIENTED_EDGE('',*,*,#11549,.T.);
#11549 = EDGE_CURVE('',#11550,#11550,#11552,.T.);
#11550 = VERTEX_POINT('',#11551);
#11551 = CARTESIAN_POINT('',(334.923,-112.71136,1.5162));
#11552 = CIRCLE('',#11553,1.5);
#11553 = AXIS2_PLACEMENT_3D('',#11554,#11555,#11556);
#11554 = CARTESIAN_POINT('',(334.923,-111.21136,1.5162));
#11555 = DIRECTION('',(-0.,0.,-1.));
#11556 = DIRECTION('',(-0.,-1.,0.));
#11557 = FACE_BOUND('',#11558,.T.);
#11558 = EDGE_LOOP('',(#11559));
#11559 = ORIENTED_EDGE('',*,*,#11560,.T.);
#11560 = EDGE_CURVE('',#11561,#11561,#11563,.T.);
#11561 = VERTEX_POINT('',#11562);
#11562 = CARTESIAN_POINT('',(315.6825,-107.49026,1.5162));
#11563 = CIRCLE('',#11564,1.9939);
#11564 = AXIS2_PLACEMENT_3D('',#11565,#11566,#11567);
#11565 = CARTESIAN_POINT('',(315.6825,-105.49636,1.5162));
#11566 = DIRECTION('',(-0.,0.,-1.));
#11567 = DIRECTION('',(-0.,-1.,0.));
#11568 = FACE_BOUND('',#11569,.T.);
#11569 = EDGE_LOOP('',(#11570));
#11570 = ORIENTED_EDGE('',*,*,#11571,.T.);
#11571 = EDGE_CURVE('',#11572,#11572,#11574,.T.);
#11572 = VERTEX_POINT('',#11573);
#11573 = CARTESIAN_POINT('',(339.5585,-107.49026,1.5162));
#11574 = CIRCLE('',#11575,1.9939);
#11575 = AXIS2_PLACEMENT_3D('',#11576,#11577,#11578);
#11576 = CARTESIAN_POINT('',(339.5585,-105.49636,1.5162));
#11577 = DIRECTION('',(-0.,0.,-1.));
#11578 = DIRECTION('',(-0.,-1.,0.));
#11579 = FACE_BOUND('',#11580,.T.);
#11580 = EDGE_LOOP('',(#11581,#11591,#11599,#11607));
#11581 = ORIENTED_EDGE('',*,*,#11582,.F.);
#11582 = EDGE_CURVE('',#11583,#11585,#11587,.T.);
#11583 = VERTEX_POINT('',#11584);
#11584 = CARTESIAN_POINT('',(325.9205,-104.24136,1.5162));
#11585 = VERTEX_POINT('',#11586);
#11586 = CARTESIAN_POINT('',(329.3205,-104.24136,1.5162));
#11587 = LINE('',#11588,#11589);
#11588 = CARTESIAN_POINT('',(325.9205,-104.24136,1.5162));
#11589 = VECTOR('',#11590,1.);
#11590 = DIRECTION('',(1.,0.,0.));
#11591 = ORIENTED_EDGE('',*,*,#11592,.F.);
#11592 = EDGE_CURVE('',#11593,#11583,#11595,.T.);
#11593 = VERTEX_POINT('',#11594);
#11594 = CARTESIAN_POINT('',(325.9205,-101.24136,1.5162));
#11595 = LINE('',#11596,#11597);
#11596 = CARTESIAN_POINT('',(325.9205,-101.24136,1.5162));
#11597 = VECTOR('',#11598,1.);
#11598 = DIRECTION('',(0.,-1.,0.));
#11599 = ORIENTED_EDGE('',*,*,#11600,.F.);
#11600 = EDGE_CURVE('',#11601,#11593,#11603,.T.);
#11601 = VERTEX_POINT('',#11602);
#11602 = CARTESIAN_POINT('',(329.3205,-101.24136,1.5162));
#11603 = LINE('',#11604,#11605);
#11604 = CARTESIAN_POINT('',(329.3205,-101.24136,1.5162));
#11605 = VECTOR('',#11606,1.);
#11606 = DIRECTION('',(-1.,0.,0.));
#11607 = ORIENTED_EDGE('',*,*,#11608,.F.);
#11608 = EDGE_CURVE('',#11585,#11601,#11609,.T.);
#11609 = LINE('',#11610,#11611);
#11610 = CARTESIAN_POINT('',(329.3205,-104.24136,1.5162));
#11611 = VECTOR('',#11612,1.);
#11612 = DIRECTION('',(0.,1.,0.));
#11613 = FACE_BOUND('',#11614,.T.);
#11614 = EDGE_LOOP('',(#11615));
#11615 = ORIENTED_EDGE('',*,*,#11616,.T.);
#11616 = EDGE_CURVE('',#11617,#11617,#11619,.T.);
#11617 = VERTEX_POINT('',#11618);
#11618 = CARTESIAN_POINT('',(274.9155,-98.09226,1.5162));
#11619 = CIRCLE('',#11620,0.8509);
#11620 = AXIS2_PLACEMENT_3D('',#11621,#11622,#11623);
#11621 = CARTESIAN_POINT('',(274.9155,-97.24136,1.5162));
#11622 = DIRECTION('',(-0.,0.,-1.));
#11623 = DIRECTION('',(6.680387690775E-14,-1.,-0.));
#11624 = FACE_BOUND('',#11625,.T.);
#11625 = EDGE_LOOP('',(#11626));
#11626 = ORIENTED_EDGE('',*,*,#11627,.T.);
#11627 = EDGE_CURVE('',#11628,#11628,#11630,.T.);
#11628 = VERTEX_POINT('',#11629);
#11629 = CARTESIAN_POINT('',(279.9955,-99.23526,1.5162));
#11630 = CIRCLE('',#11631,1.9939);
#11631 = AXIS2_PLACEMENT_3D('',#11632,#11633,#11634);
#11632 = CARTESIAN_POINT('',(279.9955,-97.24136,1.5162));
#11633 = DIRECTION('',(-0.,0.,-1.));
#11634 = DIRECTION('',(-0.,-1.,0.));
#11635 = FACE_BOUND('',#11636,.T.);
#11636 = EDGE_LOOP('',(#11637));
#11637 = ORIENTED_EDGE('',*,*,#11638,.T.);
#11638 = EDGE_CURVE('',#11639,#11639,#11641,.T.);
#11639 = VERTEX_POINT('',#11640);
#11640 = CARTESIAN_POINT('',(276.1855,-96.20136,1.5162));
#11641 = CIRCLE('',#11642,1.5);
#11642 = AXIS2_PLACEMENT_3D('',#11643,#11644,#11645);
#11643 = CARTESIAN_POINT('',(276.1855,-94.70136,1.5162));
#11644 = DIRECTION('',(-0.,0.,-1.));
#11645 = DIRECTION('',(-0.,-1.,0.));
#11646 = FACE_BOUND('',#11647,.T.);
#11647 = EDGE_LOOP('',(#11648));
#11648 = ORIENTED_EDGE('',*,*,#11649,.T.);
#11649 = EDGE_CURVE('',#11650,#11650,#11652,.T.);
#11650 = VERTEX_POINT('',#11651);
#11651 = CARTESIAN_POINT('',(285.0755,-98.09226,1.5162));
#11652 = CIRCLE('',#11653,0.8509);
#11653 = AXIS2_PLACEMENT_3D('',#11654,#11655,#11656);
#11654 = CARTESIAN_POINT('',(285.0755,-97.24136,1.5162));
#11655 = DIRECTION('',(-0.,0.,-1.));
#11656 = DIRECTION('',(-6.680387690776E-14,-1.,0.));
#11657 = FACE_BOUND('',#11658,.T.);
#11658 = EDGE_LOOP('',(#11659));
#11659 = ORIENTED_EDGE('',*,*,#11660,.T.);
#11660 = EDGE_CURVE('',#11661,#11661,#11663,.T.);
#11661 = VERTEX_POINT('',#11662);
#11662 = CARTESIAN_POINT('',(293.9655,-98.09226,1.5162));
#11663 = CIRCLE('',#11664,0.8509);
#11664 = AXIS2_PLACEMENT_3D('',#11665,#11666,#11667);
#11665 = CARTESIAN_POINT('',(293.9655,-97.24136,1.5162));
#11666 = DIRECTION('',(-0.,0.,-1.));
#11667 = DIRECTION('',(-0.,-1.,0.));
#11668 = FACE_BOUND('',#11669,.T.);
#11669 = EDGE_LOOP('',(#11670));
#11670 = ORIENTED_EDGE('',*,*,#11671,.T.);
#11671 = EDGE_CURVE('',#11672,#11672,#11674,.T.);
#11672 = VERTEX_POINT('',#11673);
#11673 = CARTESIAN_POINT('',(295.2355,-96.20136,1.5162));
#11674 = CIRCLE('',#11675,1.5);
#11675 = AXIS2_PLACEMENT_3D('',#11676,#11677,#11678);
#11676 = CARTESIAN_POINT('',(295.2355,-94.70136,1.5162));
#11677 = DIRECTION('',(-0.,0.,-1.));
#11678 = DIRECTION('',(-0.,-1.,0.));
#11679 = FACE_BOUND('',#11680,.T.);
#11680 = EDGE_LOOP('',(#11681));
#11681 = ORIENTED_EDGE('',*,*,#11682,.T.);
#11682 = EDGE_CURVE('',#11683,#11683,#11685,.T.);
#11683 = VERTEX_POINT('',#11684);
#11684 = CARTESIAN_POINT('',(299.0455,-99.23526,1.5162));
#11685 = CIRCLE('',#11686,1.9939);
#11686 = AXIS2_PLACEMENT_3D('',#11687,#11688,#11689);
#11687 = CARTESIAN_POINT('',(299.0455,-97.24136,1.5162));
#11688 = DIRECTION('',(-0.,0.,-1.));
#11689 = DIRECTION('',(-0.,-1.,0.));
#11690 = FACE_BOUND('',#11691,.T.);
#11691 = EDGE_LOOP('',(#11692));
#11692 = ORIENTED_EDGE('',*,*,#11693,.T.);
#11693 = EDGE_CURVE('',#11694,#11694,#11696,.T.);
#11694 = VERTEX_POINT('',#11695);
#11695 = CARTESIAN_POINT('',(304.1255,-98.09226,1.5162));
#11696 = CIRCLE('',#11697,0.8509);
#11697 = AXIS2_PLACEMENT_3D('',#11698,#11699,#11700);
#11698 = CARTESIAN_POINT('',(304.1255,-97.24136,1.5162));
#11699 = DIRECTION('',(-0.,0.,-1.));
#11700 = DIRECTION('',(-0.,-1.,0.));
#11701 = FACE_BOUND('',#11702,.T.);
#11702 = EDGE_LOOP('',(#11703));
#11703 = ORIENTED_EDGE('',*,*,#11704,.T.);
#11704 = EDGE_CURVE('',#11705,#11705,#11707,.T.);
#11705 = VERTEX_POINT('',#11706);
#11706 = CARTESIAN_POINT('',(282.5355,-93.66136,1.5162));
#11707 = CIRCLE('',#11708,1.5);
#11708 = AXIS2_PLACEMENT_3D('',#11709,#11710,#11711);
#11709 = CARTESIAN_POINT('',(282.5355,-92.16136,1.5162));
#11710 = DIRECTION('',(-0.,0.,-1.));
#11711 = DIRECTION('',(-0.,-1.,0.));
#11712 = FACE_BOUND('',#11713,.T.);
#11713 = EDGE_LOOP('',(#11714));
#11714 = ORIENTED_EDGE('',*,*,#11715,.T.);
#11715 = EDGE_CURVE('',#11716,#11716,#11718,.T.);
#11716 = VERTEX_POINT('',#11717);
#11717 = CARTESIAN_POINT('',(301.5855,-93.66136,1.5162));
#11718 = CIRCLE('',#11719,1.5);
#11719 = AXIS2_PLACEMENT_3D('',#11720,#11721,#11722);
#11720 = CARTESIAN_POINT('',(301.5855,-92.16136,1.5162));
#11721 = DIRECTION('',(-0.,0.,-1.));
#11722 = DIRECTION('',(-0.,-1.,0.));
#11723 = FACE_BOUND('',#11724,.T.);
#11724 = EDGE_LOOP('',(#11725));
#11725 = ORIENTED_EDGE('',*,*,#11726,.T.);
#11726 = EDGE_CURVE('',#11727,#11727,#11729,.T.);
#11727 = VERTEX_POINT('',#11728);
#11728 = CARTESIAN_POINT('',(322.5405,-98.09226,1.5162));
#11729 = CIRCLE('',#11730,0.8509);
#11730 = AXIS2_PLACEMENT_3D('',#11731,#11732,#11733);
#11731 = CARTESIAN_POINT('',(322.5405,-97.24136,1.5162));
#11732 = DIRECTION('',(-0.,0.,-1.));
#11733 = DIRECTION('',(6.680387690775E-14,-1.,-0.));
#11734 = FACE_BOUND('',#11735,.T.);
#11735 = EDGE_LOOP('',(#11736));
#11736 = ORIENTED_EDGE('',*,*,#11737,.T.);
#11737 = EDGE_CURVE('',#11738,#11738,#11740,.T.);
#11738 = VERTEX_POINT('',#11739);
#11739 = CARTESIAN_POINT('',(323.8105,-96.20136,1.5162));
#11740 = CIRCLE('',#11741,1.5);
#11741 = AXIS2_PLACEMENT_3D('',#11742,#11743,#11744);
#11742 = CARTESIAN_POINT('',(323.8105,-94.70136,1.5162));
#11743 = DIRECTION('',(-0.,0.,-1.));
#11744 = DIRECTION('',(-0.,-1.,0.));
#11745 = FACE_BOUND('',#11746,.T.);
#11746 = EDGE_LOOP('',(#11747));
#11747 = ORIENTED_EDGE('',*,*,#11748,.T.);
#11748 = EDGE_CURVE('',#11749,#11749,#11751,.T.);
#11749 = VERTEX_POINT('',#11750);
#11750 = CARTESIAN_POINT('',(327.6205,-99.23526,1.5162));
#11751 = CIRCLE('',#11752,1.9939);
#11752 = AXIS2_PLACEMENT_3D('',#11753,#11754,#11755);
#11753 = CARTESIAN_POINT('',(327.6205,-97.24136,1.5162));
#11754 = DIRECTION('',(-0.,0.,-1.));
#11755 = DIRECTION('',(-0.,-1.,0.));
#11756 = FACE_BOUND('',#11757,.T.);
#11757 = EDGE_LOOP('',(#11758));
#11758 = ORIENTED_EDGE('',*,*,#11759,.T.);
#11759 = EDGE_CURVE('',#11760,#11760,#11762,.T.);
#11760 = VERTEX_POINT('',#11761);
#11761 = CARTESIAN_POINT('',(332.7005,-98.09226,1.5162));
#11762 = CIRCLE('',#11763,0.8509);
#11763 = AXIS2_PLACEMENT_3D('',#11764,#11765,#11766);
#11764 = CARTESIAN_POINT('',(332.7005,-97.24136,1.5162));
#11765 = DIRECTION('',(-0.,0.,-1.));
#11766 = DIRECTION('',(-6.680387690776E-14,-1.,0.));
#11767 = FACE_BOUND('',#11768,.T.);
#11768 = EDGE_LOOP('',(#11769));
#11769 = ORIENTED_EDGE('',*,*,#11770,.T.);
#11770 = EDGE_CURVE('',#11771,#11771,#11773,.T.);
#11771 = VERTEX_POINT('',#11772);
#11772 = CARTESIAN_POINT('',(315.6825,-91.78036,1.5162));
#11773 = CIRCLE('',#11774,1.524);
#11774 = AXIS2_PLACEMENT_3D('',#11775,#11776,#11777);
#11775 = CARTESIAN_POINT('',(315.6825,-90.25636,1.5162));
#11776 = DIRECTION('',(-0.,0.,-1.));
#11777 = DIRECTION('',(-0.,-1.,0.));
#11778 = FACE_BOUND('',#11779,.T.);
#11779 = EDGE_LOOP('',(#11780));
#11780 = ORIENTED_EDGE('',*,*,#11781,.T.);
#11781 = EDGE_CURVE('',#11782,#11782,#11784,.T.);
#11782 = VERTEX_POINT('',#11783);
#11783 = CARTESIAN_POINT('',(330.1605,-93.66136,1.5162));
#11784 = CIRCLE('',#11785,1.5);
#11785 = AXIS2_PLACEMENT_3D('',#11786,#11787,#11788);
#11786 = CARTESIAN_POINT('',(330.1605,-92.16136,1.5162));
#11787 = DIRECTION('',(-0.,0.,-1.));
#11788 = DIRECTION('',(-0.,-1.,0.));
#11789 = FACE_BOUND('',#11790,.T.);
#11790 = EDGE_LOOP('',(#11791));
#11791 = ORIENTED_EDGE('',*,*,#11792,.T.);
#11792 = EDGE_CURVE('',#11793,#11793,#11795,.T.);
#11793 = VERTEX_POINT('',#11794);
#11794 = CARTESIAN_POINT('',(339.5585,-91.78036,1.5162));
#11795 = CIRCLE('',#11796,1.524);
#11796 = AXIS2_PLACEMENT_3D('',#11797,#11798,#11799);
#11797 = CARTESIAN_POINT('',(339.5585,-90.25636,1.5162));
#11798 = DIRECTION('',(-0.,0.,-1.));
#11799 = DIRECTION('',(-0.,-1.,0.));
#11800 = PLANE('',#11801);
#11801 = AXIS2_PLACEMENT_3D('',#11802,#11803,#11804);
#11802 = CARTESIAN_POINT('',(0.,0.,1.5162));
#11803 = DIRECTION('',(0.,0.,1.));
#11804 = DIRECTION('',(1.,0.,-0.));
#11805 = ADVANCED_FACE('',(#11806),#11817,.T.);
#11806 = FACE_BOUND('',#11807,.T.);
#11807 = EDGE_LOOP('',(#11808,#11814,#11815,#11816));
#11808 = ORIENTED_EDGE('',*,*,#11809,.T.);
#11809 = EDGE_CURVE('',#146,#5979,#11810,.T.);
#11810 = LINE('',#11811,#11812);
#11811 = CARTESIAN_POINT('',(61.2955,-88.84136,0.));
#11812 = VECTOR('',#11813,1.);
#11813 = DIRECTION('',(0.,0.,1.));
#11814 = ORIENTED_EDGE('',*,*,#5978,.T.);
#11815 = ORIENTED_EDGE('',*,*,#81,.F.);
#11816 = ORIENTED_EDGE('',*,*,#145,.F.);
#11817 = CYLINDRICAL_SURFACE('',#11818,0.999999252925);
#11818 = AXIS2_PLACEMENT_3D('',#11819,#11820,#11821);
#11819 = CARTESIAN_POINT('',(62.295499252925,-88.84135925292,0.));
#11820 = DIRECTION('',(0.,0.,-1.));
#11821 = DIRECTION('',(-1.,-7.470757065322E-07,-0.));
#11822 = ADVANCED_FACE('',(#11823),#11834,.T.);
#11823 = FACE_BOUND('',#11824,.T.);
#11824 = EDGE_LOOP('',(#11825,#11826,#11827,#11833));
#11825 = ORIENTED_EDGE('',*,*,#121,.T.);
#11826 = ORIENTED_EDGE('',*,*,#6012,.T.);
#11827 = ORIENTED_EDGE('',*,*,#11828,.F.);
#11828 = EDGE_CURVE('',#172,#6005,#11829,.T.);
#11829 = LINE('',#11830,#11831);
#11830 = CARTESIAN_POINT('',(345.2955,-182.84136,0.));
#11831 = VECTOR('',#11832,1.);
#11832 = DIRECTION('',(0.,0.,1.));
#11833 = ORIENTED_EDGE('',*,*,#179,.F.);
#11834 = CYLINDRICAL_SURFACE('',#11835,0.999999252925);
#11835 = AXIS2_PLACEMENT_3D('',#11836,#11837,#11838);
#11836 = CARTESIAN_POINT('',(345.29550074707,-181.841360747,0.));
#11837 = DIRECTION('',(0.,0.,-1.));
#11838 = DIRECTION('',(1.,7.470757065322E-07,0.));
#11839 = ADVANCED_FACE('',(#11840),#11851,.T.);
#11840 = FACE_BOUND('',#11841,.T.);
#11841 = EDGE_LOOP('',(#11842,#11848,#11849,#11850));
#11842 = ORIENTED_EDGE('',*,*,#11843,.T.);
#11843 = EDGE_CURVE('',#155,#5988,#11844,.T.);
#11844 = LINE('',#11845,#11846);
#11845 = CARTESIAN_POINT('',(61.2955,-181.84136,0.));
#11846 = VECTOR('',#11847,1.);
#11847 = DIRECTION('',(0.,0.,1.));
#11848 = ORIENTED_EDGE('',*,*,#5987,.T.);
#11849 = ORIENTED_EDGE('',*,*,#11809,.F.);
#11850 = ORIENTED_EDGE('',*,*,#154,.F.);
#11851 = PLANE('',#11852);
#11852 = AXIS2_PLACEMENT_3D('',#11853,#11854,#11855);
#11853 = CARTESIAN_POINT('',(61.2955,-181.84136,0.));
#11854 = DIRECTION('',(-1.,0.,0.));
#11855 = DIRECTION('',(0.,1.,0.));
#11856 = ADVANCED_FACE('',(#11857),#11868,.T.);
#11857 = FACE_BOUND('',#11858,.T.);
#11858 = EDGE_LOOP('',(#11859,#11860,#11861,#11867));
#11859 = ORIENTED_EDGE('',*,*,#11828,.T.);
#11860 = ORIENTED_EDGE('',*,*,#6004,.T.);
#11861 = ORIENTED_EDGE('',*,*,#11862,.F.);
#11862 = EDGE_CURVE('',#163,#5996,#11863,.T.);
#11863 = LINE('',#11864,#11865);
#11864 = CARTESIAN_POINT('',(62.2955,-182.84136,0.));
#11865 = VECTOR('',#11866,1.);
#11866 = DIRECTION('',(0.,0.,1.));
#11867 = ORIENTED_EDGE('',*,*,#171,.F.);
#11868 = PLANE('',#11869);
#11869 = AXIS2_PLACEMENT_3D('',#11870,#11871,#11872);
#11870 = CARTESIAN_POINT('',(345.2955,-182.84136,0.));
#11871 = DIRECTION('',(0.,-1.,0.));
#11872 = DIRECTION('',(-1.,0.,0.));
#11873 = ADVANCED_FACE('',(#11874),#11880,.T.);
#11874 = FACE_BOUND('',#11875,.T.);
#11875 = EDGE_LOOP('',(#11876,#11877,#11878,#11879));
#11876 = ORIENTED_EDGE('',*,*,#11862,.T.);
#11877 = ORIENTED_EDGE('',*,*,#5995,.T.);
#11878 = ORIENTED_EDGE('',*,*,#11843,.F.);
#11879 = ORIENTED_EDGE('',*,*,#162,.F.);
#11880 = CYLINDRICAL_SURFACE('',#11881,0.999999252925);
#11881 = AXIS2_PLACEMENT_3D('',#11882,#11883,#11884);
#11882 = CARTESIAN_POINT('',(62.295499252925,-181.841360747,0.));
#11883 = DIRECTION('',(0.,0.,-1.));
#11884 = DIRECTION('',(7.470756923213E-07,-1.,0.));
#11885 = ADVANCED_FACE('',(#11886),#11902,.T.);
#11886 = FACE_BOUND('',#11887,.T.);
#11887 = EDGE_LOOP('',(#11888,#11894,#11895,#11901));
#11888 = ORIENTED_EDGE('',*,*,#11889,.T.);
#11889 = EDGE_CURVE('',#190,#6023,#11890,.T.);
#11890 = LINE('',#11891,#11892);
#11891 = CARTESIAN_POINT('',(71.12675,-180.44136,0.));
#11892 = VECTOR('',#11893,1.);
#11893 = DIRECTION('',(0.,0.,1.));
#11894 = ORIENTED_EDGE('',*,*,#6022,.T.);
#11895 = ORIENTED_EDGE('',*,*,#11896,.F.);
#11896 = EDGE_CURVE('',#192,#6025,#11897,.T.);
#11897 = LINE('',#11898,#11899);
#11898 = CARTESIAN_POINT('',(74.52675,-180.44136,0.));
#11899 = VECTOR('',#11900,1.);
#11900 = DIRECTION('',(0.,0.,1.));
#11901 = ORIENTED_EDGE('',*,*,#189,.F.);
#11902 = PLANE('',#11903);
#11903 = AXIS2_PLACEMENT_3D('',#11904,#11905,#11906);
#11904 = CARTESIAN_POINT('',(71.12675,-180.44136,0.));
#11905 = DIRECTION('',(0.,1.,0.));
#11906 = DIRECTION('',(1.,0.,0.));
#11907 = ADVANCED_FACE('',(#11908),#11919,.T.);
#11908 = FACE_BOUND('',#11909,.T.);
#11909 = EDGE_LOOP('',(#11910,#11916,#11917,#11918));
#11910 = ORIENTED_EDGE('',*,*,#11911,.T.);
#11911 = EDGE_CURVE('',#200,#6033,#11912,.T.);
#11912 = LINE('',#11913,#11914);
#11913 = CARTESIAN_POINT('',(71.12675,-177.44136,0.));
#11914 = VECTOR('',#11915,1.);
#11915 = DIRECTION('',(0.,0.,1.));
#11916 = ORIENTED_EDGE('',*,*,#6032,.T.);
#11917 = ORIENTED_EDGE('',*,*,#11889,.F.);
#11918 = ORIENTED_EDGE('',*,*,#199,.F.);
#11919 = PLANE('',#11920);
#11920 = AXIS2_PLACEMENT_3D('',#11921,#11922,#11923);
#11921 = CARTESIAN_POINT('',(71.12675,-177.44136,0.));
#11922 = DIRECTION('',(1.,0.,-0.));
#11923 = DIRECTION('',(0.,-1.,0.));
#11924 = ADVANCED_FACE('',(#11925),#11936,.T.);
#11925 = FACE_BOUND('',#11926,.T.);
#11926 = EDGE_LOOP('',(#11927,#11928,#11929,#11935));
#11927 = ORIENTED_EDGE('',*,*,#11896,.T.);
#11928 = ORIENTED_EDGE('',*,*,#6048,.T.);
#11929 = ORIENTED_EDGE('',*,*,#11930,.F.);
#11930 = EDGE_CURVE('',#208,#6041,#11931,.T.);
#11931 = LINE('',#11932,#11933);
#11932 = CARTESIAN_POINT('',(74.52675,-177.44136,0.));
#11933 = VECTOR('',#11934,1.);
#11934 = DIRECTION('',(0.,0.,1.));
#11935 = ORIENTED_EDGE('',*,*,#215,.F.);
#11936 = PLANE('',#11937);
#11937 = AXIS2_PLACEMENT_3D('',#11938,#11939,#11940);
#11938 = CARTESIAN_POINT('',(74.52675,-180.44136,0.));
#11939 = DIRECTION('',(-1.,0.,0.));
#11940 = DIRECTION('',(0.,1.,0.));
#11941 = ADVANCED_FACE('',(#11942),#11948,.T.);
#11942 = FACE_BOUND('',#11943,.T.);
#11943 = EDGE_LOOP('',(#11944,#11945,#11946,#11947));
#11944 = ORIENTED_EDGE('',*,*,#11930,.T.);
#11945 = ORIENTED_EDGE('',*,*,#6040,.T.);
#11946 = ORIENTED_EDGE('',*,*,#11911,.F.);
#11947 = ORIENTED_EDGE('',*,*,#207,.F.);
#11948 = PLANE('',#11949);
#11949 = AXIS2_PLACEMENT_3D('',#11950,#11951,#11952);
#11950 = CARTESIAN_POINT('',(74.52675,-177.44136,0.));
#11951 = DIRECTION('',(0.,-1.,0.));
#11952 = DIRECTION('',(-1.,0.,0.));
#11953 = ADVANCED_FACE('',(#11954),#11970,.T.);
#11954 = FACE_BOUND('',#11955,.T.);
#11955 = EDGE_LOOP('',(#11956,#11962,#11963,#11969));
#11956 = ORIENTED_EDGE('',*,*,#11957,.T.);
#11957 = EDGE_CURVE('',#224,#6057,#11958,.T.);
#11958 = LINE('',#11959,#11960);
#11959 = CARTESIAN_POINT('',(94.93925,-180.44136,0.));
#11960 = VECTOR('',#11961,1.);
#11961 = DIRECTION('',(0.,0.,1.));
#11962 = ORIENTED_EDGE('',*,*,#6056,.T.);
#11963 = ORIENTED_EDGE('',*,*,#11964,.F.);
#11964 = EDGE_CURVE('',#226,#6059,#11965,.T.);
#11965 = LINE('',#11966,#11967);
#11966 = CARTESIAN_POINT('',(98.33925,-180.44136,0.));
#11967 = VECTOR('',#11968,1.);
#11968 = DIRECTION('',(0.,0.,1.));
#11969 = ORIENTED_EDGE('',*,*,#223,.F.);
#11970 = PLANE('',#11971);
#11971 = AXIS2_PLACEMENT_3D('',#11972,#11973,#11974);
#11972 = CARTESIAN_POINT('',(94.93925,-180.44136,0.));
#11973 = DIRECTION('',(0.,1.,0.));
#11974 = DIRECTION('',(1.,0.,0.));
#11975 = ADVANCED_FACE('',(#11976),#11987,.T.);
#11976 = FACE_BOUND('',#11977,.T.);
#11977 = EDGE_LOOP('',(#11978,#11984,#11985,#11986));
#11978 = ORIENTED_EDGE('',*,*,#11979,.T.);
#11979 = EDGE_CURVE('',#234,#6067,#11980,.T.);
#11980 = LINE('',#11981,#11982);
#11981 = CARTESIAN_POINT('',(94.93925,-177.44136,0.));
#11982 = VECTOR('',#11983,1.);
#11983 = DIRECTION('',(0.,0.,1.));
#11984 = ORIENTED_EDGE('',*,*,#6066,.T.);
#11985 = ORIENTED_EDGE('',*,*,#11957,.F.);
#11986 = ORIENTED_EDGE('',*,*,#233,.F.);
#11987 = PLANE('',#11988);
#11988 = AXIS2_PLACEMENT_3D('',#11989,#11990,#11991);
#11989 = CARTESIAN_POINT('',(94.93925,-177.44136,0.));
#11990 = DIRECTION('',(1.,0.,-0.));
#11991 = DIRECTION('',(0.,-1.,0.));
#11992 = ADVANCED_FACE('',(#11993),#12004,.T.);
#11993 = FACE_BOUND('',#11994,.T.);
#11994 = EDGE_LOOP('',(#11995,#11996,#11997,#12003));
#11995 = ORIENTED_EDGE('',*,*,#11964,.T.);
#11996 = ORIENTED_EDGE('',*,*,#6082,.T.);
#11997 = ORIENTED_EDGE('',*,*,#11998,.F.);
#11998 = EDGE_CURVE('',#242,#6075,#11999,.T.);
#11999 = LINE('',#12000,#12001);
#12000 = CARTESIAN_POINT('',(98.33925,-177.44136,0.));
#12001 = VECTOR('',#12002,1.);
#12002 = DIRECTION('',(0.,0.,1.));
#12003 = ORIENTED_EDGE('',*,*,#249,.F.);
#12004 = PLANE('',#12005);
#12005 = AXIS2_PLACEMENT_3D('',#12006,#12007,#12008);
#12006 = CARTESIAN_POINT('',(98.33925,-180.44136,0.));
#12007 = DIRECTION('',(-1.,0.,0.));
#12008 = DIRECTION('',(0.,1.,0.));
#12009 = ADVANCED_FACE('',(#12010),#12016,.T.);
#12010 = FACE_BOUND('',#12011,.T.);
#12011 = EDGE_LOOP('',(#12012,#12013,#12014,#12015));
#12012 = ORIENTED_EDGE('',*,*,#11998,.T.);
#12013 = ORIENTED_EDGE('',*,*,#6074,.T.);
#12014 = ORIENTED_EDGE('',*,*,#11979,.F.);
#12015 = ORIENTED_EDGE('',*,*,#241,.F.);
#12016 = PLANE('',#12017);
#12017 = AXIS2_PLACEMENT_3D('',#12018,#12019,#12020);
#12018 = CARTESIAN_POINT('',(98.33925,-177.44136,0.));
#12019 = DIRECTION('',(0.,-1.,0.));
#12020 = DIRECTION('',(-1.,0.,0.));
#12021 = ADVANCED_FACE('',(#12022),#12033,.F.);
#12022 = FACE_BOUND('',#12023,.T.);
#12023 = EDGE_LOOP('',(#12024,#12025,#12031,#12032));
#12024 = ORIENTED_EDGE('',*,*,#257,.T.);
#12025 = ORIENTED_EDGE('',*,*,#12026,.T.);
#12026 = EDGE_CURVE('',#258,#6091,#12027,.T.);
#12027 = LINE('',#12028,#12029);
#12028 = CARTESIAN_POINT('',(67.74675,-174.29226,-4.6E-02));
#12029 = VECTOR('',#12030,1.);
#12030 = DIRECTION('',(0.,0.,1.));
#12031 = ORIENTED_EDGE('',*,*,#6090,.F.);
#12032 = ORIENTED_EDGE('',*,*,#12026,.F.);
#12033 = CYLINDRICAL_SURFACE('',#12034,0.8509);
#12034 = AXIS2_PLACEMENT_3D('',#12035,#12036,#12037);
#12035 = CARTESIAN_POINT('',(67.74675,-173.44136,-4.6E-02));
#12036 = DIRECTION('',(-0.,0.,-1.));
#12037 = DIRECTION('',(1.670096922694E-14,-1.,-0.));
#12038 = ADVANCED_FACE('',(#12039),#12050,.F.);
#12039 = FACE_BOUND('',#12040,.T.);
#12040 = EDGE_LOOP('',(#12041,#12042,#12048,#12049));
#12041 = ORIENTED_EDGE('',*,*,#268,.T.);
#12042 = ORIENTED_EDGE('',*,*,#12043,.T.);
#12043 = EDGE_CURVE('',#269,#6102,#12044,.T.);
#12044 = LINE('',#12045,#12046);
#12045 = CARTESIAN_POINT('',(72.82675,-175.43526,-4.6E-02));
#12046 = VECTOR('',#12047,1.);
#12047 = DIRECTION('',(0.,0.,1.));
#12048 = ORIENTED_EDGE('',*,*,#6101,.F.);
#12049 = ORIENTED_EDGE('',*,*,#12043,.F.);
#12050 = CYLINDRICAL_SURFACE('',#12051,1.9939);
#12051 = AXIS2_PLACEMENT_3D('',#12052,#12053,#12054);
#12052 = CARTESIAN_POINT('',(72.82675,-173.44136,-4.6E-02));
#12053 = DIRECTION('',(-0.,-0.,-1.));
#12054 = DIRECTION('',(-0.,-1.,0.));
#12055 = ADVANCED_FACE('',(#12056),#12067,.F.);
#12056 = FACE_BOUND('',#12057,.T.);
#12057 = EDGE_LOOP('',(#12058,#12059,#12065,#12066));
#12058 = ORIENTED_EDGE('',*,*,#279,.T.);
#12059 = ORIENTED_EDGE('',*,*,#12060,.T.);
#12060 = EDGE_CURVE('',#280,#6113,#12061,.T.);
#12061 = LINE('',#12062,#12063);
#12062 = CARTESIAN_POINT('',(77.90675,-174.29226,-4.6E-02));
#12063 = VECTOR('',#12064,1.);
#12064 = DIRECTION('',(0.,0.,1.));
#12065 = ORIENTED_EDGE('',*,*,#6112,.F.);
#12066 = ORIENTED_EDGE('',*,*,#12060,.F.);
#12067 = CYLINDRICAL_SURFACE('',#12068,0.8509);
#12068 = AXIS2_PLACEMENT_3D('',#12069,#12070,#12071);
#12069 = CARTESIAN_POINT('',(77.90675,-173.44136,-4.6E-02));
#12070 = DIRECTION('',(-0.,-0.,-1.));
#12071 = DIRECTION('',(-0.,-1.,0.));
#12072 = ADVANCED_FACE('',(#12073),#12084,.F.);
#12073 = FACE_BOUND('',#12074,.T.);
#12074 = EDGE_LOOP('',(#12075,#12076,#12082,#12083));
#12075 = ORIENTED_EDGE('',*,*,#290,.T.);
#12076 = ORIENTED_EDGE('',*,*,#12077,.T.);
#12077 = EDGE_CURVE('',#291,#6124,#12078,.T.);
#12078 = LINE('',#12079,#12080);
#12079 = CARTESIAN_POINT('',(69.01675,-172.40136,-4.6E-02));
#12080 = VECTOR('',#12081,1.);
#12081 = DIRECTION('',(0.,0.,1.));
#12082 = ORIENTED_EDGE('',*,*,#6123,.F.);
#12083 = ORIENTED_EDGE('',*,*,#12077,.F.);
#12084 = CYLINDRICAL_SURFACE('',#12085,1.5);
#12085 = AXIS2_PLACEMENT_3D('',#12086,#12087,#12088);
#12086 = CARTESIAN_POINT('',(69.01675,-170.90136,-4.6E-02));
#12087 = DIRECTION('',(-0.,-0.,-1.));
#12088 = DIRECTION('',(-0.,-1.,0.));
#12089 = ADVANCED_FACE('',(#12090),#12101,.F.);
#12090 = FACE_BOUND('',#12091,.T.);
#12091 = EDGE_LOOP('',(#12092,#12093,#12099,#12100));
#12092 = ORIENTED_EDGE('',*,*,#301,.T.);
#12093 = ORIENTED_EDGE('',*,*,#12094,.T.);
#12094 = EDGE_CURVE('',#302,#6135,#12095,.T.);
#12095 = LINE('',#12096,#12097);
#12096 = CARTESIAN_POINT('',(91.55925,-174.29226,-4.6E-02));
#12097 = VECTOR('',#12098,1.);
#12098 = DIRECTION('',(0.,0.,1.));
#12099 = ORIENTED_EDGE('',*,*,#6134,.F.);
#12100 = ORIENTED_EDGE('',*,*,#12094,.F.);
#12101 = CYLINDRICAL_SURFACE('',#12102,0.8509);
#12102 = AXIS2_PLACEMENT_3D('',#12103,#12104,#12105);
#12103 = CARTESIAN_POINT('',(91.55925,-173.44136,-4.6E-02));
#12104 = DIRECTION('',(-0.,0.,-1.));
#12105 = DIRECTION('',(1.670096922694E-14,-1.,-0.));
#12106 = ADVANCED_FACE('',(#12107),#12118,.F.);
#12107 = FACE_BOUND('',#12108,.T.);
#12108 = EDGE_LOOP('',(#12109,#12110,#12116,#12117));
#12109 = ORIENTED_EDGE('',*,*,#312,.T.);
#12110 = ORIENTED_EDGE('',*,*,#12111,.T.);
#12111 = EDGE_CURVE('',#313,#6146,#12112,.T.);
#12112 = LINE('',#12113,#12114);
#12113 = CARTESIAN_POINT('',(96.63925,-175.43526,-4.6E-02));
#12114 = VECTOR('',#12115,1.);
#12115 = DIRECTION('',(0.,0.,1.));
#12116 = ORIENTED_EDGE('',*,*,#6145,.F.);
#12117 = ORIENTED_EDGE('',*,*,#12111,.F.);
#12118 = CYLINDRICAL_SURFACE('',#12119,1.9939);
#12119 = AXIS2_PLACEMENT_3D('',#12120,#12121,#12122);
#12120 = CARTESIAN_POINT('',(96.63925,-173.44136,-4.6E-02));
#12121 = DIRECTION('',(-0.,-0.,-1.));
#12122 = DIRECTION('',(-0.,-1.,0.));
#12123 = ADVANCED_FACE('',(#12124),#12135,.F.);
#12124 = FACE_BOUND('',#12125,.T.);
#12125 = EDGE_LOOP('',(#12126,#12127,#12133,#12134));
#12126 = ORIENTED_EDGE('',*,*,#323,.T.);
#12127 = ORIENTED_EDGE('',*,*,#12128,.T.);
#12128 = EDGE_CURVE('',#324,#6157,#12129,.T.);
#12129 = LINE('',#12130,#12131);
#12130 = CARTESIAN_POINT('',(92.82925,-172.40136,-4.6E-02));
#12131 = VECTOR('',#12132,1.);
#12132 = DIRECTION('',(0.,0.,1.));
#12133 = ORIENTED_EDGE('',*,*,#6156,.F.);
#12134 = ORIENTED_EDGE('',*,*,#12128,.F.);
#12135 = CYLINDRICAL_SURFACE('',#12136,1.5);
#12136 = AXIS2_PLACEMENT_3D('',#12137,#12138,#12139);
#12137 = CARTESIAN_POINT('',(92.82925,-170.90136,-4.6E-02));
#12138 = DIRECTION('',(-0.,-0.,-1.));
#12139 = DIRECTION('',(-0.,-1.,0.));
#12140 = ADVANCED_FACE('',(#12141),#12157,.T.);
#12141 = FACE_BOUND('',#12142,.T.);
#12142 = EDGE_LOOP('',(#12143,#12149,#12150,#12156));
#12143 = ORIENTED_EDGE('',*,*,#12144,.T.);
#12144 = EDGE_CURVE('',#335,#6168,#12145,.T.);
#12145 = LINE('',#12146,#12147);
#12146 = CARTESIAN_POINT('',(118.75175,-180.44136,0.));
#12147 = VECTOR('',#12148,1.);
#12148 = DIRECTION('',(0.,0.,1.));
#12149 = ORIENTED_EDGE('',*,*,#6167,.T.);
#12150 = ORIENTED_EDGE('',*,*,#12151,.F.);
#12151 = EDGE_CURVE('',#337,#6170,#12152,.T.);
#12152 = LINE('',#12153,#12154);
#12153 = CARTESIAN_POINT('',(122.15175,-180.44136,0.));
#12154 = VECTOR('',#12155,1.);
#12155 = DIRECTION('',(0.,0.,1.));
#12156 = ORIENTED_EDGE('',*,*,#334,.F.);
#12157 = PLANE('',#12158);
#12158 = AXIS2_PLACEMENT_3D('',#12159,#12160,#12161);
#12159 = CARTESIAN_POINT('',(118.75175,-180.44136,0.));
#12160 = DIRECTION('',(0.,1.,0.));
#12161 = DIRECTION('',(1.,0.,0.));
#12162 = ADVANCED_FACE('',(#12163),#12174,.T.);
#12163 = FACE_BOUND('',#12164,.T.);
#12164 = EDGE_LOOP('',(#12165,#12171,#12172,#12173));
#12165 = ORIENTED_EDGE('',*,*,#12166,.T.);
#12166 = EDGE_CURVE('',#345,#6178,#12167,.T.);
#12167 = LINE('',#12168,#12169);
#12168 = CARTESIAN_POINT('',(118.75175,-177.44136,0.));
#12169 = VECTOR('',#12170,1.);
#12170 = DIRECTION('',(0.,0.,1.));
#12171 = ORIENTED_EDGE('',*,*,#6177,.T.);
#12172 = ORIENTED_EDGE('',*,*,#12144,.F.);
#12173 = ORIENTED_EDGE('',*,*,#344,.F.);
#12174 = PLANE('',#12175);
#12175 = AXIS2_PLACEMENT_3D('',#12176,#12177,#12178);
#12176 = CARTESIAN_POINT('',(118.75175,-177.44136,0.));
#12177 = DIRECTION('',(1.,0.,-0.));
#12178 = DIRECTION('',(0.,-1.,0.));
#12179 = ADVANCED_FACE('',(#12180),#12191,.T.);
#12180 = FACE_BOUND('',#12181,.T.);
#12181 = EDGE_LOOP('',(#12182,#12183,#12184,#12190));
#12182 = ORIENTED_EDGE('',*,*,#12151,.T.);
#12183 = ORIENTED_EDGE('',*,*,#6193,.T.);
#12184 = ORIENTED_EDGE('',*,*,#12185,.F.);
#12185 = EDGE_CURVE('',#353,#6186,#12186,.T.);
#12186 = LINE('',#12187,#12188);
#12187 = CARTESIAN_POINT('',(122.15175,-177.44136,0.));
#12188 = VECTOR('',#12189,1.);
#12189 = DIRECTION('',(0.,0.,1.));
#12190 = ORIENTED_EDGE('',*,*,#360,.F.);
#12191 = PLANE('',#12192);
#12192 = AXIS2_PLACEMENT_3D('',#12193,#12194,#12195);
#12193 = CARTESIAN_POINT('',(122.15175,-180.44136,0.));
#12194 = DIRECTION('',(-1.,0.,0.));
#12195 = DIRECTION('',(0.,1.,0.));
#12196 = ADVANCED_FACE('',(#12197),#12203,.T.);
#12197 = FACE_BOUND('',#12198,.T.);
#12198 = EDGE_LOOP('',(#12199,#12200,#12201,#12202));
#12199 = ORIENTED_EDGE('',*,*,#12185,.T.);
#12200 = ORIENTED_EDGE('',*,*,#6185,.T.);
#12201 = ORIENTED_EDGE('',*,*,#12166,.F.);
#12202 = ORIENTED_EDGE('',*,*,#352,.F.);
#12203 = PLANE('',#12204);
#12204 = AXIS2_PLACEMENT_3D('',#12205,#12206,#12207);
#12205 = CARTESIAN_POINT('',(122.15175,-177.44136,0.));
#12206 = DIRECTION('',(0.,-1.,0.));
#12207 = DIRECTION('',(-1.,0.,0.));
#12208 = ADVANCED_FACE('',(#12209),#12220,.F.);
#12209 = FACE_BOUND('',#12210,.T.);
#12210 = EDGE_LOOP('',(#12211,#12212,#12218,#12219));
#12211 = ORIENTED_EDGE('',*,*,#368,.T.);
#12212 = ORIENTED_EDGE('',*,*,#12213,.T.);
#12213 = EDGE_CURVE('',#369,#6202,#12214,.T.);
#12214 = LINE('',#12215,#12216);
#12215 = CARTESIAN_POINT('',(101.71925,-174.29226,-4.6E-02));
#12216 = VECTOR('',#12217,1.);
#12217 = DIRECTION('',(0.,0.,1.));
#12218 = ORIENTED_EDGE('',*,*,#6201,.F.);
#12219 = ORIENTED_EDGE('',*,*,#12213,.F.);
#12220 = CYLINDRICAL_SURFACE('',#12221,0.8509);
#12221 = AXIS2_PLACEMENT_3D('',#12222,#12223,#12224);
#12222 = CARTESIAN_POINT('',(101.71925,-173.44136,-4.6E-02));
#12223 = DIRECTION('',(-0.,-0.,-1.));
#12224 = DIRECTION('',(-0.,-1.,0.));
#12225 = ADVANCED_FACE('',(#12226),#12237,.F.);
#12226 = FACE_BOUND('',#12227,.T.);
#12227 = EDGE_LOOP('',(#12228,#12229,#12235,#12236));
#12228 = ORIENTED_EDGE('',*,*,#379,.T.);
#12229 = ORIENTED_EDGE('',*,*,#12230,.T.);
#12230 = EDGE_CURVE('',#380,#6213,#12231,.T.);
#12231 = LINE('',#12232,#12233);
#12232 = CARTESIAN_POINT('',(115.37175,-174.29226,-4.6E-02));
#12233 = VECTOR('',#12234,1.);
#12234 = DIRECTION('',(0.,0.,1.));
#12235 = ORIENTED_EDGE('',*,*,#6212,.F.);
#12236 = ORIENTED_EDGE('',*,*,#12230,.F.);
#12237 = CYLINDRICAL_SURFACE('',#12238,0.8509);
#12238 = AXIS2_PLACEMENT_3D('',#12239,#12240,#12241);
#12239 = CARTESIAN_POINT('',(115.37175,-173.44136,-4.6E-02));
#12240 = DIRECTION('',(-0.,0.,-1.));
#12241 = DIRECTION('',(1.670096922694E-14,-1.,-0.));
#12242 = ADVANCED_FACE('',(#12243),#12254,.F.);
#12243 = FACE_BOUND('',#12244,.T.);
#12244 = EDGE_LOOP('',(#12245,#12246,#12252,#12253));
#12245 = ORIENTED_EDGE('',*,*,#390,.T.);
#12246 = ORIENTED_EDGE('',*,*,#12247,.T.);
#12247 = EDGE_CURVE('',#391,#6224,#12248,.T.);
#12248 = LINE('',#12249,#12250);
#12249 = CARTESIAN_POINT('',(120.45175,-175.43526,-4.6E-02));
#12250 = VECTOR('',#12251,1.);
#12251 = DIRECTION('',(0.,0.,1.));
#12252 = ORIENTED_EDGE('',*,*,#6223,.F.);
#12253 = ORIENTED_EDGE('',*,*,#12247,.F.);
#12254 = CYLINDRICAL_SURFACE('',#12255,1.9939);
#12255 = AXIS2_PLACEMENT_3D('',#12256,#12257,#12258);
#12256 = CARTESIAN_POINT('',(120.45175,-173.44136,-4.6E-02));
#12257 = DIRECTION('',(-0.,-0.,-1.));
#12258 = DIRECTION('',(-0.,-1.,0.));
#12259 = ADVANCED_FACE('',(#12260),#12271,.F.);
#12260 = FACE_BOUND('',#12261,.T.);
#12261 = EDGE_LOOP('',(#12262,#12263,#12269,#12270));
#12262 = ORIENTED_EDGE('',*,*,#401,.T.);
#12263 = ORIENTED_EDGE('',*,*,#12264,.T.);
#12264 = EDGE_CURVE('',#402,#6235,#12265,.T.);
#12265 = LINE('',#12266,#12267);
#12266 = CARTESIAN_POINT('',(125.53175,-174.29226,-4.6E-02));
#12267 = VECTOR('',#12268,1.);
#12268 = DIRECTION('',(0.,0.,1.));
#12269 = ORIENTED_EDGE('',*,*,#6234,.F.);
#12270 = ORIENTED_EDGE('',*,*,#12264,.F.);
#12271 = CYLINDRICAL_SURFACE('',#12272,0.8509);
#12272 = AXIS2_PLACEMENT_3D('',#12273,#12274,#12275);
#12273 = CARTESIAN_POINT('',(125.53175,-173.44136,-4.6E-02));
#12274 = DIRECTION('',(-0.,-0.,-1.));
#12275 = DIRECTION('',(-0.,-1.,0.));
#12276 = ADVANCED_FACE('',(#12277),#12288,.F.);
#12277 = FACE_BOUND('',#12278,.T.);
#12278 = EDGE_LOOP('',(#12279,#12280,#12286,#12287));
#12279 = ORIENTED_EDGE('',*,*,#412,.T.);
#12280 = ORIENTED_EDGE('',*,*,#12281,.T.);
#12281 = EDGE_CURVE('',#413,#6246,#12282,.T.);
#12282 = LINE('',#12283,#12284);
#12283 = CARTESIAN_POINT('',(116.64175,-172.40136,-4.6E-02));
#12284 = VECTOR('',#12285,1.);
#12285 = DIRECTION('',(0.,0.,1.));
#12286 = ORIENTED_EDGE('',*,*,#6245,.F.);
#12287 = ORIENTED_EDGE('',*,*,#12281,.F.);
#12288 = CYLINDRICAL_SURFACE('',#12289,1.5);
#12289 = AXIS2_PLACEMENT_3D('',#12290,#12291,#12292);
#12290 = CARTESIAN_POINT('',(116.64175,-170.90136,-4.6E-02));
#12291 = DIRECTION('',(-0.,-0.,-1.));
#12292 = DIRECTION('',(-0.,-1.,0.));
#12293 = ADVANCED_FACE('',(#12294),#12305,.F.);
#12294 = FACE_BOUND('',#12295,.T.);
#12295 = EDGE_LOOP('',(#12296,#12297,#12303,#12304));
#12296 = ORIENTED_EDGE('',*,*,#423,.T.);
#12297 = ORIENTED_EDGE('',*,*,#12298,.T.);
#12298 = EDGE_CURVE('',#424,#6257,#12299,.T.);
#12299 = LINE('',#12300,#12301);
#12300 = CARTESIAN_POINT('',(75.36675,-169.86136,-4.6E-02));
#12301 = VECTOR('',#12302,1.);
#12302 = DIRECTION('',(0.,0.,1.));
#12303 = ORIENTED_EDGE('',*,*,#6256,.F.);
#12304 = ORIENTED_EDGE('',*,*,#12298,.F.);
#12305 = CYLINDRICAL_SURFACE('',#12306,1.5);
#12306 = AXIS2_PLACEMENT_3D('',#12307,#12308,#12309);
#12307 = CARTESIAN_POINT('',(75.36675,-168.36136,-4.6E-02));
#12308 = DIRECTION('',(-0.,-0.,-1.));
#12309 = DIRECTION('',(-0.,-1.,0.));
#12310 = ADVANCED_FACE('',(#12311),#12322,.F.);
#12311 = FACE_BOUND('',#12312,.T.);
#12312 = EDGE_LOOP('',(#12313,#12314,#12320,#12321));
#12313 = ORIENTED_EDGE('',*,*,#434,.T.);
#12314 = ORIENTED_EDGE('',*,*,#12315,.T.);
#12315 = EDGE_CURVE('',#435,#6268,#12316,.T.);
#12316 = LINE('',#12317,#12318);
#12317 = CARTESIAN_POINT('',(70.411,-164.63826,-4.6E-02));
#12318 = VECTOR('',#12319,1.);
#12319 = DIRECTION('',(0.,0.,1.));
#12320 = ORIENTED_EDGE('',*,*,#6267,.F.);
#12321 = ORIENTED_EDGE('',*,*,#12315,.F.);
#12322 = CYLINDRICAL_SURFACE('',#12323,1.9939);
#12323 = AXIS2_PLACEMENT_3D('',#12324,#12325,#12326);
#12324 = CARTESIAN_POINT('',(70.411,-162.64436,-4.6E-02));
#12325 = DIRECTION('',(-0.,-0.,-1.));
#12326 = DIRECTION('',(-0.,-1.,0.));
#12327 = ADVANCED_FACE('',(#12328),#12339,.F.);
#12328 = FACE_BOUND('',#12329,.T.);
#12329 = EDGE_LOOP('',(#12330,#12331,#12337,#12338));
#12330 = ORIENTED_EDGE('',*,*,#445,.T.);
#12331 = ORIENTED_EDGE('',*,*,#12332,.T.);
#12332 = EDGE_CURVE('',#446,#6279,#12333,.T.);
#12333 = LINE('',#12334,#12335);
#12334 = CARTESIAN_POINT('',(94.287,-164.63826,-4.6E-02));
#12335 = VECTOR('',#12336,1.);
#12336 = DIRECTION('',(0.,0.,1.));
#12337 = ORIENTED_EDGE('',*,*,#6278,.F.);
#12338 = ORIENTED_EDGE('',*,*,#12332,.F.);
#12339 = CYLINDRICAL_SURFACE('',#12340,1.9939);
#12340 = AXIS2_PLACEMENT_3D('',#12341,#12342,#12343);
#12341 = CARTESIAN_POINT('',(94.287,-162.64436,-4.6E-02));
#12342 = DIRECTION('',(-0.,-0.,-1.));
#12343 = DIRECTION('',(-0.,-1.,0.));
#12344 = ADVANCED_FACE('',(#12345),#12361,.T.);
#12345 = FACE_BOUND('',#12346,.T.);
#12346 = EDGE_LOOP('',(#12347,#12353,#12354,#12360));
#12347 = ORIENTED_EDGE('',*,*,#12348,.T.);
#12348 = EDGE_CURVE('',#457,#6290,#12349,.T.);
#12349 = LINE('',#12350,#12351);
#12350 = CARTESIAN_POINT('',(80.65175,-161.39136,0.));
#12351 = VECTOR('',#12352,1.);
#12352 = DIRECTION('',(0.,0.,1.));
#12353 = ORIENTED_EDGE('',*,*,#6289,.T.);
#12354 = ORIENTED_EDGE('',*,*,#12355,.F.);
#12355 = EDGE_CURVE('',#459,#6292,#12356,.T.);
#12356 = LINE('',#12357,#12358);
#12357 = CARTESIAN_POINT('',(84.05175,-161.39136,0.));
#12358 = VECTOR('',#12359,1.);
#12359 = DIRECTION('',(0.,0.,1.));
#12360 = ORIENTED_EDGE('',*,*,#456,.F.);
#12361 = PLANE('',#12362);
#12362 = AXIS2_PLACEMENT_3D('',#12363,#12364,#12365);
#12363 = CARTESIAN_POINT('',(80.65175,-161.39136,0.));
#12364 = DIRECTION('',(0.,1.,0.));
#12365 = DIRECTION('',(1.,0.,0.));
#12366 = ADVANCED_FACE('',(#12367),#12378,.T.);
#12367 = FACE_BOUND('',#12368,.T.);
#12368 = EDGE_LOOP('',(#12369,#12375,#12376,#12377));
#12369 = ORIENTED_EDGE('',*,*,#12370,.T.);
#12370 = EDGE_CURVE('',#467,#6300,#12371,.T.);
#12371 = LINE('',#12372,#12373);
#12372 = CARTESIAN_POINT('',(80.65175,-158.39136,0.));
#12373 = VECTOR('',#12374,1.);
#12374 = DIRECTION('',(0.,0.,1.));
#12375 = ORIENTED_EDGE('',*,*,#6299,.T.);
#12376 = ORIENTED_EDGE('',*,*,#12348,.F.);
#12377 = ORIENTED_EDGE('',*,*,#466,.F.);
#12378 = PLANE('',#12379);
#12379 = AXIS2_PLACEMENT_3D('',#12380,#12381,#12382);
#12380 = CARTESIAN_POINT('',(80.65175,-158.39136,0.));
#12381 = DIRECTION('',(1.,0.,-0.));
#12382 = DIRECTION('',(0.,-1.,0.));
#12383 = ADVANCED_FACE('',(#12384),#12395,.T.);
#12384 = FACE_BOUND('',#12385,.T.);
#12385 = EDGE_LOOP('',(#12386,#12387,#12388,#12394));
#12386 = ORIENTED_EDGE('',*,*,#12355,.T.);
#12387 = ORIENTED_EDGE('',*,*,#6315,.T.);
#12388 = ORIENTED_EDGE('',*,*,#12389,.F.);
#12389 = EDGE_CURVE('',#475,#6308,#12390,.T.);
#12390 = LINE('',#12391,#12392);
#12391 = CARTESIAN_POINT('',(84.05175,-158.39136,0.));
#12392 = VECTOR('',#12393,1.);
#12393 = DIRECTION('',(0.,0.,1.));
#12394 = ORIENTED_EDGE('',*,*,#482,.F.);
#12395 = PLANE('',#12396);
#12396 = AXIS2_PLACEMENT_3D('',#12397,#12398,#12399);
#12397 = CARTESIAN_POINT('',(84.05175,-161.39136,0.));
#12398 = DIRECTION('',(-1.,0.,0.));
#12399 = DIRECTION('',(0.,1.,0.));
#12400 = ADVANCED_FACE('',(#12401),#12407,.T.);
#12401 = FACE_BOUND('',#12402,.T.);
#12402 = EDGE_LOOP('',(#12403,#12404,#12405,#12406));
#12403 = ORIENTED_EDGE('',*,*,#12389,.T.);
#12404 = ORIENTED_EDGE('',*,*,#6307,.T.);
#12405 = ORIENTED_EDGE('',*,*,#12370,.F.);
#12406 = ORIENTED_EDGE('',*,*,#474,.F.);
#12407 = PLANE('',#12408);
#12408 = AXIS2_PLACEMENT_3D('',#12409,#12410,#12411);
#12409 = CARTESIAN_POINT('',(84.05175,-158.39136,0.));
#12410 = DIRECTION('',(0.,-1.,0.));
#12411 = DIRECTION('',(-1.,0.,0.));
#12412 = ADVANCED_FACE('',(#12413),#12424,.F.);
#12413 = FACE_BOUND('',#12414,.T.);
#12414 = EDGE_LOOP('',(#12415,#12416,#12422,#12423));
#12415 = ORIENTED_EDGE('',*,*,#490,.T.);
#12416 = ORIENTED_EDGE('',*,*,#12417,.T.);
#12417 = EDGE_CURVE('',#491,#6324,#12418,.T.);
#12418 = LINE('',#12419,#12420);
#12419 = CARTESIAN_POINT('',(99.17925,-169.86136,-4.6E-02));
#12420 = VECTOR('',#12421,1.);
#12421 = DIRECTION('',(0.,0.,1.));
#12422 = ORIENTED_EDGE('',*,*,#6323,.F.);
#12423 = ORIENTED_EDGE('',*,*,#12417,.F.);
#12424 = CYLINDRICAL_SURFACE('',#12425,1.5);
#12425 = AXIS2_PLACEMENT_3D('',#12426,#12427,#12428);
#12426 = CARTESIAN_POINT('',(99.17925,-168.36136,-4.6E-02));
#12427 = DIRECTION('',(-0.,-0.,-1.));
#12428 = DIRECTION('',(-0.,-1.,0.));
#12429 = ADVANCED_FACE('',(#12430),#12441,.F.);
#12430 = FACE_BOUND('',#12431,.T.);
#12431 = EDGE_LOOP('',(#12432,#12433,#12439,#12440));
#12432 = ORIENTED_EDGE('',*,*,#501,.T.);
#12433 = ORIENTED_EDGE('',*,*,#12434,.T.);
#12434 = EDGE_CURVE('',#502,#6335,#12435,.T.);
#12435 = LINE('',#12436,#12437);
#12436 = CARTESIAN_POINT('',(122.99175,-169.86136,-4.6E-02));
#12437 = VECTOR('',#12438,1.);
#12438 = DIRECTION('',(0.,0.,1.));
#12439 = ORIENTED_EDGE('',*,*,#6334,.F.);
#12440 = ORIENTED_EDGE('',*,*,#12434,.F.);
#12441 = CYLINDRICAL_SURFACE('',#12442,1.5);
#12442 = AXIS2_PLACEMENT_3D('',#12443,#12444,#12445);
#12443 = CARTESIAN_POINT('',(122.99175,-168.36136,-4.6E-02));
#12444 = DIRECTION('',(-0.,-0.,-1.));
#12445 = DIRECTION('',(-0.,-1.,0.));
#12446 = ADVANCED_FACE('',(#12447),#12463,.T.);
#12447 = FACE_BOUND('',#12448,.T.);
#12448 = EDGE_LOOP('',(#12449,#12455,#12456,#12462));
#12449 = ORIENTED_EDGE('',*,*,#12450,.T.);
#12450 = EDGE_CURVE('',#513,#6346,#12451,.T.);
#12451 = LINE('',#12452,#12453);
#12452 = CARTESIAN_POINT('',(111.608,-161.39136,0.));
#12453 = VECTOR('',#12454,1.);
#12454 = DIRECTION('',(0.,0.,1.));
#12455 = ORIENTED_EDGE('',*,*,#6345,.T.);
#12456 = ORIENTED_EDGE('',*,*,#12457,.F.);
#12457 = EDGE_CURVE('',#515,#6348,#12458,.T.);
#12458 = LINE('',#12459,#12460);
#12459 = CARTESIAN_POINT('',(115.008,-161.39136,0.));
#12460 = VECTOR('',#12461,1.);
#12461 = DIRECTION('',(0.,0.,1.));
#12462 = ORIENTED_EDGE('',*,*,#512,.F.);
#12463 = PLANE('',#12464);
#12464 = AXIS2_PLACEMENT_3D('',#12465,#12466,#12467);
#12465 = CARTESIAN_POINT('',(111.608,-161.39136,0.));
#12466 = DIRECTION('',(0.,1.,0.));
#12467 = DIRECTION('',(1.,0.,0.));
#12468 = ADVANCED_FACE('',(#12469),#12480,.T.);
#12469 = FACE_BOUND('',#12470,.T.);
#12470 = EDGE_LOOP('',(#12471,#12477,#12478,#12479));
#12471 = ORIENTED_EDGE('',*,*,#12472,.T.);
#12472 = EDGE_CURVE('',#523,#6356,#12473,.T.);
#12473 = LINE('',#12474,#12475);
#12474 = CARTESIAN_POINT('',(111.608,-158.39136,0.));
#12475 = VECTOR('',#12476,1.);
#12476 = DIRECTION('',(0.,0.,1.));
#12477 = ORIENTED_EDGE('',*,*,#6355,.T.);
#12478 = ORIENTED_EDGE('',*,*,#12450,.F.);
#12479 = ORIENTED_EDGE('',*,*,#522,.F.);
#12480 = PLANE('',#12481);
#12481 = AXIS2_PLACEMENT_3D('',#12482,#12483,#12484);
#12482 = CARTESIAN_POINT('',(111.608,-158.39136,0.));
#12483 = DIRECTION('',(1.,0.,-0.));
#12484 = DIRECTION('',(0.,-1.,0.));
#12485 = ADVANCED_FACE('',(#12486),#12497,.T.);
#12486 = FACE_BOUND('',#12487,.T.);
#12487 = EDGE_LOOP('',(#12488,#12489,#12490,#12496));
#12488 = ORIENTED_EDGE('',*,*,#12457,.T.);
#12489 = ORIENTED_EDGE('',*,*,#6371,.T.);
#12490 = ORIENTED_EDGE('',*,*,#12491,.F.);
#12491 = EDGE_CURVE('',#531,#6364,#12492,.T.);
#12492 = LINE('',#12493,#12494);
#12493 = CARTESIAN_POINT('',(115.008,-158.39136,0.));
#12494 = VECTOR('',#12495,1.);
#12495 = DIRECTION('',(0.,0.,1.));
#12496 = ORIENTED_EDGE('',*,*,#538,.F.);
#12497 = PLANE('',#12498);
#12498 = AXIS2_PLACEMENT_3D('',#12499,#12500,#12501);
#12499 = CARTESIAN_POINT('',(115.008,-161.39136,0.));
#12500 = DIRECTION('',(-1.,0.,0.));
#12501 = DIRECTION('',(0.,1.,0.));
#12502 = ADVANCED_FACE('',(#12503),#12509,.T.);
#12503 = FACE_BOUND('',#12504,.T.);
#12504 = EDGE_LOOP('',(#12505,#12506,#12507,#12508));
#12505 = ORIENTED_EDGE('',*,*,#12491,.T.);
#12506 = ORIENTED_EDGE('',*,*,#6363,.T.);
#12507 = ORIENTED_EDGE('',*,*,#12472,.F.);
#12508 = ORIENTED_EDGE('',*,*,#530,.F.);
#12509 = PLANE('',#12510);
#12510 = AXIS2_PLACEMENT_3D('',#12511,#12512,#12513);
#12511 = CARTESIAN_POINT('',(115.008,-158.39136,0.));
#12512 = DIRECTION('',(0.,-1.,0.));
#12513 = DIRECTION('',(-1.,0.,0.));
#12514 = ADVANCED_FACE('',(#12515),#12531,.T.);
#12515 = FACE_BOUND('',#12516,.T.);
#12516 = EDGE_LOOP('',(#12517,#12523,#12524,#12530));
#12517 = ORIENTED_EDGE('',*,*,#12518,.T.);
#12518 = EDGE_CURVE('',#547,#6380,#12519,.T.);
#12519 = LINE('',#12520,#12521);
#12520 = CARTESIAN_POINT('',(130.658,-161.39136,0.));
#12521 = VECTOR('',#12522,1.);
#12522 = DIRECTION('',(0.,0.,1.));
#12523 = ORIENTED_EDGE('',*,*,#6379,.T.);
#12524 = ORIENTED_EDGE('',*,*,#12525,.F.);
#12525 = EDGE_CURVE('',#549,#6382,#12526,.T.);
#12526 = LINE('',#12527,#12528);
#12527 = CARTESIAN_POINT('',(134.058,-161.39136,0.));
#12528 = VECTOR('',#12529,1.);
#12529 = DIRECTION('',(0.,0.,1.));
#12530 = ORIENTED_EDGE('',*,*,#546,.F.);
#12531 = PLANE('',#12532);
#12532 = AXIS2_PLACEMENT_3D('',#12533,#12534,#12535);
#12533 = CARTESIAN_POINT('',(130.658,-161.39136,0.));
#12534 = DIRECTION('',(0.,1.,0.));
#12535 = DIRECTION('',(1.,0.,0.));
#12536 = ADVANCED_FACE('',(#12537),#12548,.T.);
#12537 = FACE_BOUND('',#12538,.T.);
#12538 = EDGE_LOOP('',(#12539,#12545,#12546,#12547));
#12539 = ORIENTED_EDGE('',*,*,#12540,.T.);
#12540 = EDGE_CURVE('',#557,#6390,#12541,.T.);
#12541 = LINE('',#12542,#12543);
#12542 = CARTESIAN_POINT('',(130.658,-158.39136,0.));
#12543 = VECTOR('',#12544,1.);
#12544 = DIRECTION('',(0.,0.,1.));
#12545 = ORIENTED_EDGE('',*,*,#6389,.T.);
#12546 = ORIENTED_EDGE('',*,*,#12518,.F.);
#12547 = ORIENTED_EDGE('',*,*,#556,.F.);
#12548 = PLANE('',#12549);
#12549 = AXIS2_PLACEMENT_3D('',#12550,#12551,#12552);
#12550 = CARTESIAN_POINT('',(130.658,-158.39136,0.));
#12551 = DIRECTION('',(1.,0.,-0.));
#12552 = DIRECTION('',(0.,-1.,0.));
#12553 = ADVANCED_FACE('',(#12554),#12565,.T.);
#12554 = FACE_BOUND('',#12555,.T.);
#12555 = EDGE_LOOP('',(#12556,#12557,#12558,#12564));
#12556 = ORIENTED_EDGE('',*,*,#12525,.T.);
#12557 = ORIENTED_EDGE('',*,*,#6405,.T.);
#12558 = ORIENTED_EDGE('',*,*,#12559,.F.);
#12559 = EDGE_CURVE('',#565,#6398,#12560,.T.);
#12560 = LINE('',#12561,#12562);
#12561 = CARTESIAN_POINT('',(134.058,-158.39136,0.));
#12562 = VECTOR('',#12563,1.);
#12563 = DIRECTION('',(0.,0.,1.));
#12564 = ORIENTED_EDGE('',*,*,#572,.F.);
#12565 = PLANE('',#12566);
#12566 = AXIS2_PLACEMENT_3D('',#12567,#12568,#12569);
#12567 = CARTESIAN_POINT('',(134.058,-161.39136,0.));
#12568 = DIRECTION('',(-1.,0.,0.));
#12569 = DIRECTION('',(0.,1.,0.));
#12570 = ADVANCED_FACE('',(#12571),#12577,.T.);
#12571 = FACE_BOUND('',#12572,.T.);
#12572 = EDGE_LOOP('',(#12573,#12574,#12575,#12576));
#12573 = ORIENTED_EDGE('',*,*,#12559,.T.);
#12574 = ORIENTED_EDGE('',*,*,#6397,.T.);
#12575 = ORIENTED_EDGE('',*,*,#12540,.F.);
#12576 = ORIENTED_EDGE('',*,*,#564,.F.);
#12577 = PLANE('',#12578);
#12578 = AXIS2_PLACEMENT_3D('',#12579,#12580,#12581);
#12579 = CARTESIAN_POINT('',(134.058,-158.39136,0.));
#12580 = DIRECTION('',(0.,-1.,0.));
#12581 = DIRECTION('',(-1.,0.,0.));
#12582 = ADVANCED_FACE('',(#12583),#12594,.F.);
#12583 = FACE_BOUND('',#12584,.T.);
#12584 = EDGE_LOOP('',(#12585,#12586,#12592,#12593));
#12585 = ORIENTED_EDGE('',*,*,#580,.T.);
#12586 = ORIENTED_EDGE('',*,*,#12587,.T.);
#12587 = EDGE_CURVE('',#581,#6414,#12588,.T.);
#12588 = LINE('',#12589,#12590);
#12589 = CARTESIAN_POINT('',(141.8879,-181.95036,-4.6E-02));
#12590 = VECTOR('',#12591,1.);
#12591 = DIRECTION('',(0.,0.,1.));
#12592 = ORIENTED_EDGE('',*,*,#6413,.F.);
#12593 = ORIENTED_EDGE('',*,*,#12587,.F.);
#12594 = CYLINDRICAL_SURFACE('',#12595,1.524);
#12595 = AXIS2_PLACEMENT_3D('',#12596,#12597,#12598);
#12596 = CARTESIAN_POINT('',(141.8879,-180.42636,-4.6E-02));
#12597 = DIRECTION('',(-0.,-0.,-1.));
#12598 = DIRECTION('',(-0.,-1.,0.));
#12599 = ADVANCED_FACE('',(#12600),#12616,.T.);
#12600 = FACE_BOUND('',#12601,.T.);
#12601 = EDGE_LOOP('',(#12602,#12608,#12609,#12615));
#12602 = ORIENTED_EDGE('',*,*,#12603,.T.);
#12603 = EDGE_CURVE('',#592,#6425,#12604,.T.);
#12604 = LINE('',#12605,#12606);
#12605 = CARTESIAN_POINT('',(190.18925,-180.44136,0.));
#12606 = VECTOR('',#12607,1.);
#12607 = DIRECTION('',(0.,0.,1.));
#12608 = ORIENTED_EDGE('',*,*,#6424,.T.);
#12609 = ORIENTED_EDGE('',*,*,#12610,.F.);
#12610 = EDGE_CURVE('',#594,#6427,#12611,.T.);
#12611 = LINE('',#12612,#12613);
#12612 = CARTESIAN_POINT('',(193.58925,-180.44136,0.));
#12613 = VECTOR('',#12614,1.);
#12614 = DIRECTION('',(0.,0.,1.));
#12615 = ORIENTED_EDGE('',*,*,#591,.F.);
#12616 = PLANE('',#12617);
#12617 = AXIS2_PLACEMENT_3D('',#12618,#12619,#12620);
#12618 = CARTESIAN_POINT('',(190.18925,-180.44136,0.));
#12619 = DIRECTION('',(0.,1.,0.));
#12620 = DIRECTION('',(1.,0.,0.));
#12621 = ADVANCED_FACE('',(#12622),#12633,.T.);
#12622 = FACE_BOUND('',#12623,.T.);
#12623 = EDGE_LOOP('',(#12624,#12630,#12631,#12632));
#12624 = ORIENTED_EDGE('',*,*,#12625,.T.);
#12625 = EDGE_CURVE('',#602,#6435,#12626,.T.);
#12626 = LINE('',#12627,#12628);
#12627 = CARTESIAN_POINT('',(190.18925,-177.44136,0.));
#12628 = VECTOR('',#12629,1.);
#12629 = DIRECTION('',(0.,0.,1.));
#12630 = ORIENTED_EDGE('',*,*,#6434,.T.);
#12631 = ORIENTED_EDGE('',*,*,#12603,.F.);
#12632 = ORIENTED_EDGE('',*,*,#601,.F.);
#12633 = PLANE('',#12634);
#12634 = AXIS2_PLACEMENT_3D('',#12635,#12636,#12637);
#12635 = CARTESIAN_POINT('',(190.18925,-177.44136,0.));
#12636 = DIRECTION('',(1.,0.,-0.));
#12637 = DIRECTION('',(0.,-1.,0.));
#12638 = ADVANCED_FACE('',(#12639),#12650,.T.);
#12639 = FACE_BOUND('',#12640,.T.);
#12640 = EDGE_LOOP('',(#12641,#12642,#12643,#12649));
#12641 = ORIENTED_EDGE('',*,*,#12610,.T.);
#12642 = ORIENTED_EDGE('',*,*,#6450,.T.);
#12643 = ORIENTED_EDGE('',*,*,#12644,.F.);
#12644 = EDGE_CURVE('',#610,#6443,#12645,.T.);
#12645 = LINE('',#12646,#12647);
#12646 = CARTESIAN_POINT('',(193.58925,-177.44136,0.));
#12647 = VECTOR('',#12648,1.);
#12648 = DIRECTION('',(0.,0.,1.));
#12649 = ORIENTED_EDGE('',*,*,#617,.F.);
#12650 = PLANE('',#12651);
#12651 = AXIS2_PLACEMENT_3D('',#12652,#12653,#12654);
#12652 = CARTESIAN_POINT('',(193.58925,-180.44136,0.));
#12653 = DIRECTION('',(-1.,0.,0.));
#12654 = DIRECTION('',(0.,1.,0.));
#12655 = ADVANCED_FACE('',(#12656),#12662,.T.);
#12656 = FACE_BOUND('',#12657,.T.);
#12657 = EDGE_LOOP('',(#12658,#12659,#12660,#12661));
#12658 = ORIENTED_EDGE('',*,*,#12644,.T.);
#12659 = ORIENTED_EDGE('',*,*,#6442,.T.);
#12660 = ORIENTED_EDGE('',*,*,#12625,.F.);
#12661 = ORIENTED_EDGE('',*,*,#609,.F.);
#12662 = PLANE('',#12663);
#12663 = AXIS2_PLACEMENT_3D('',#12664,#12665,#12666);
#12664 = CARTESIAN_POINT('',(193.58925,-177.44136,0.));
#12665 = DIRECTION('',(0.,-1.,0.));
#12666 = DIRECTION('',(-1.,0.,0.));
#12667 = ADVANCED_FACE('',(#12668),#12679,.F.);
#12668 = FACE_BOUND('',#12669,.T.);
#12669 = EDGE_LOOP('',(#12670,#12671,#12677,#12678));
#12670 = ORIENTED_EDGE('',*,*,#625,.T.);
#12671 = ORIENTED_EDGE('',*,*,#12672,.T.);
#12672 = EDGE_CURVE('',#626,#6459,#12673,.T.);
#12673 = LINE('',#12674,#12675);
#12674 = CARTESIAN_POINT('',(186.8079,-174.29226,-4.6E-02));
#12675 = VECTOR('',#12676,1.);
#12676 = DIRECTION('',(0.,0.,1.));
#12677 = ORIENTED_EDGE('',*,*,#6458,.F.);
#12678 = ORIENTED_EDGE('',*,*,#12672,.F.);
#12679 = CYLINDRICAL_SURFACE('',#12680,0.8509);
#12680 = AXIS2_PLACEMENT_3D('',#12681,#12682,#12683);
#12681 = CARTESIAN_POINT('',(186.8079,-173.44136,-4.6E-02));
#12682 = DIRECTION('',(-0.,-0.,-1.));
#12683 = DIRECTION('',(-3.340193845388E-14,-1.,0.));
#12684 = ADVANCED_FACE('',(#12685),#12696,.F.);
#12685 = FACE_BOUND('',#12686,.T.);
#12686 = EDGE_LOOP('',(#12687,#12688,#12694,#12695));
#12687 = ORIENTED_EDGE('',*,*,#636,.T.);
#12688 = ORIENTED_EDGE('',*,*,#12689,.T.);
#12689 = EDGE_CURVE('',#637,#6470,#12690,.T.);
#12690 = LINE('',#12691,#12692);
#12691 = CARTESIAN_POINT('',(191.8879,-175.43526,-4.6E-02));
#12692 = VECTOR('',#12693,1.);
#12693 = DIRECTION('',(0.,0.,1.));
#12694 = ORIENTED_EDGE('',*,*,#6469,.F.);
#12695 = ORIENTED_EDGE('',*,*,#12689,.F.);
#12696 = CYLINDRICAL_SURFACE('',#12697,1.9939);
#12697 = AXIS2_PLACEMENT_3D('',#12698,#12699,#12700);
#12698 = CARTESIAN_POINT('',(191.8879,-173.44136,-4.6E-02));
#12699 = DIRECTION('',(-0.,-0.,-1.));
#12700 = DIRECTION('',(-0.,-1.,0.));
#12701 = ADVANCED_FACE('',(#12702),#12713,.F.);
#12702 = FACE_BOUND('',#12703,.T.);
#12703 = EDGE_LOOP('',(#12704,#12705,#12711,#12712));
#12704 = ORIENTED_EDGE('',*,*,#647,.T.);
#12705 = ORIENTED_EDGE('',*,*,#12706,.T.);
#12706 = EDGE_CURVE('',#648,#6481,#12707,.T.);
#12707 = LINE('',#12708,#12709);
#12708 = CARTESIAN_POINT('',(196.9679,-174.29226,-4.6E-02));
#12709 = VECTOR('',#12710,1.);
#12710 = DIRECTION('',(0.,0.,1.));
#12711 = ORIENTED_EDGE('',*,*,#6480,.F.);
#12712 = ORIENTED_EDGE('',*,*,#12706,.F.);
#12713 = CYLINDRICAL_SURFACE('',#12714,0.8509);
#12714 = AXIS2_PLACEMENT_3D('',#12715,#12716,#12717);
#12715 = CARTESIAN_POINT('',(196.9679,-173.44136,-4.6E-02));
#12716 = DIRECTION('',(-0.,-0.,-1.));
#12717 = DIRECTION('',(-0.,-1.,0.));
#12718 = ADVANCED_FACE('',(#12719),#12730,.F.);
#12719 = FACE_BOUND('',#12720,.T.);
#12720 = EDGE_LOOP('',(#12721,#12722,#12728,#12729));
#12721 = ORIENTED_EDGE('',*,*,#658,.T.);
#12722 = ORIENTED_EDGE('',*,*,#12723,.T.);
#12723 = EDGE_CURVE('',#659,#6492,#12724,.T.);
#12724 = LINE('',#12725,#12726);
#12725 = CARTESIAN_POINT('',(188.0779,-172.40136,-4.6E-02));
#12726 = VECTOR('',#12727,1.);
#12727 = DIRECTION('',(0.,0.,1.));
#12728 = ORIENTED_EDGE('',*,*,#6491,.F.);
#12729 = ORIENTED_EDGE('',*,*,#12723,.F.);
#12730 = CYLINDRICAL_SURFACE('',#12731,1.5);
#12731 = AXIS2_PLACEMENT_3D('',#12732,#12733,#12734);
#12732 = CARTESIAN_POINT('',(188.0779,-170.90136,-4.6E-02));
#12733 = DIRECTION('',(-0.,-0.,-1.));
#12734 = DIRECTION('',(-0.,-1.,0.));
#12735 = ADVANCED_FACE('',(#12736),#12747,.F.);
#12736 = FACE_BOUND('',#12737,.T.);
#12737 = EDGE_LOOP('',(#12738,#12739,#12745,#12746));
#12738 = ORIENTED_EDGE('',*,*,#669,.T.);
#12739 = ORIENTED_EDGE('',*,*,#12740,.T.);
#12740 = EDGE_CURVE('',#670,#6503,#12741,.T.);
#12741 = LINE('',#12742,#12743);
#12742 = CARTESIAN_POINT('',(148.22,-169.,-4.6E-02));
#12743 = VECTOR('',#12744,1.);
#12744 = DIRECTION('',(0.,0.,1.));
#12745 = ORIENTED_EDGE('',*,*,#6502,.F.);
#12746 = ORIENTED_EDGE('',*,*,#12740,.F.);
#12747 = CYLINDRICAL_SURFACE('',#12748,0.6);
#12748 = AXIS2_PLACEMENT_3D('',#12749,#12750,#12751);
#12749 = CARTESIAN_POINT('',(148.22,-168.4,-4.6E-02));
#12750 = DIRECTION('',(-0.,-0.,-1.));
#12751 = DIRECTION('',(-0.,-1.,0.));
#12752 = ADVANCED_FACE('',(#12753),#12764,.F.);
#12753 = FACE_BOUND('',#12754,.T.);
#12754 = EDGE_LOOP('',(#12755,#12756,#12762,#12763));
#12755 = ORIENTED_EDGE('',*,*,#680,.T.);
#12756 = ORIENTED_EDGE('',*,*,#12757,.T.);
#12757 = EDGE_CURVE('',#681,#6514,#12758,.T.);
#12758 = LINE('',#12759,#12760);
#12759 = CARTESIAN_POINT('',(141.8879,-167.18026,-4.6E-02));
#12760 = VECTOR('',#12761,1.);
#12761 = DIRECTION('',(0.,0.,1.));
#12762 = ORIENTED_EDGE('',*,*,#6513,.F.);
#12763 = ORIENTED_EDGE('',*,*,#12757,.F.);
#12764 = CYLINDRICAL_SURFACE('',#12765,1.9939);
#12765 = AXIS2_PLACEMENT_3D('',#12766,#12767,#12768);
#12766 = CARTESIAN_POINT('',(141.8879,-165.18636,-4.6E-02));
#12767 = DIRECTION('',(-0.,-0.,-1.));
#12768 = DIRECTION('',(-0.,-1.,0.));
#12769 = ADVANCED_FACE('',(#12770),#12781,.F.);
#12770 = FACE_BOUND('',#12771,.T.);
#12771 = EDGE_LOOP('',(#12772,#12773,#12779,#12780));
#12772 = ORIENTED_EDGE('',*,*,#691,.T.);
#12773 = ORIENTED_EDGE('',*,*,#12774,.T.);
#12774 = EDGE_CURVE('',#692,#6525,#12775,.T.);
#12775 = LINE('',#12776,#12777);
#12776 = CARTESIAN_POINT('',(152.77,-169.,-4.6E-02));
#12777 = VECTOR('',#12778,1.);
#12778 = DIRECTION('',(0.,0.,1.));
#12779 = ORIENTED_EDGE('',*,*,#6524,.F.);
#12780 = ORIENTED_EDGE('',*,*,#12774,.F.);
#12781 = CYLINDRICAL_SURFACE('',#12782,0.6);
#12782 = AXIS2_PLACEMENT_3D('',#12783,#12784,#12785);
#12783 = CARTESIAN_POINT('',(152.77,-168.4,-4.6E-02));
#12784 = DIRECTION('',(-0.,0.,-1.));
#12785 = DIRECTION('',(4.736951571734E-14,-1.,-0.));
#12786 = ADVANCED_FACE('',(#12787),#12803,.T.);
#12787 = FACE_BOUND('',#12788,.T.);
#12788 = EDGE_LOOP('',(#12789,#12795,#12796,#12802));
#12789 = ORIENTED_EDGE('',*,*,#12790,.T.);
#12790 = EDGE_CURVE('',#703,#6536,#12791,.T.);
#12791 = LINE('',#12792,#12793);
#12792 = CARTESIAN_POINT('',(149.708,-161.39136,0.));
#12793 = VECTOR('',#12794,1.);
#12794 = DIRECTION('',(0.,0.,1.));
#12795 = ORIENTED_EDGE('',*,*,#6535,.T.);
#12796 = ORIENTED_EDGE('',*,*,#12797,.F.);
#12797 = EDGE_CURVE('',#705,#6538,#12798,.T.);
#12798 = LINE('',#12799,#12800);
#12799 = CARTESIAN_POINT('',(153.108,-161.39136,0.));
#12800 = VECTOR('',#12801,1.);
#12801 = DIRECTION('',(0.,0.,1.));
#12802 = ORIENTED_EDGE('',*,*,#702,.F.);
#12803 = PLANE('',#12804);
#12804 = AXIS2_PLACEMENT_3D('',#12805,#12806,#12807);
#12805 = CARTESIAN_POINT('',(149.708,-161.39136,0.));
#12806 = DIRECTION('',(0.,1.,0.));
#12807 = DIRECTION('',(1.,0.,0.));
#12808 = ADVANCED_FACE('',(#12809),#12820,.T.);
#12809 = FACE_BOUND('',#12810,.T.);
#12810 = EDGE_LOOP('',(#12811,#12817,#12818,#12819));
#12811 = ORIENTED_EDGE('',*,*,#12812,.T.);
#12812 = EDGE_CURVE('',#713,#6546,#12813,.T.);
#12813 = LINE('',#12814,#12815);
#12814 = CARTESIAN_POINT('',(149.708,-158.39136,0.));
#12815 = VECTOR('',#12816,1.);
#12816 = DIRECTION('',(0.,0.,1.));
#12817 = ORIENTED_EDGE('',*,*,#6545,.T.);
#12818 = ORIENTED_EDGE('',*,*,#12790,.F.);
#12819 = ORIENTED_EDGE('',*,*,#712,.F.);
#12820 = PLANE('',#12821);
#12821 = AXIS2_PLACEMENT_3D('',#12822,#12823,#12824);
#12822 = CARTESIAN_POINT('',(149.708,-158.39136,0.));
#12823 = DIRECTION('',(1.,0.,-0.));
#12824 = DIRECTION('',(0.,-1.,0.));
#12825 = ADVANCED_FACE('',(#12826),#12837,.T.);
#12826 = FACE_BOUND('',#12827,.T.);
#12827 = EDGE_LOOP('',(#12828,#12829,#12830,#12836));
#12828 = ORIENTED_EDGE('',*,*,#12797,.T.);
#12829 = ORIENTED_EDGE('',*,*,#6561,.T.);
#12830 = ORIENTED_EDGE('',*,*,#12831,.F.);
#12831 = EDGE_CURVE('',#721,#6554,#12832,.T.);
#12832 = LINE('',#12833,#12834);
#12833 = CARTESIAN_POINT('',(153.108,-158.39136,0.));
#12834 = VECTOR('',#12835,1.);
#12835 = DIRECTION('',(0.,0.,1.));
#12836 = ORIENTED_EDGE('',*,*,#728,.F.);
#12837 = PLANE('',#12838);
#12838 = AXIS2_PLACEMENT_3D('',#12839,#12840,#12841);
#12839 = CARTESIAN_POINT('',(153.108,-161.39136,0.));
#12840 = DIRECTION('',(-1.,0.,0.));
#12841 = DIRECTION('',(0.,1.,0.));
#12842 = ADVANCED_FACE('',(#12843),#12849,.T.);
#12843 = FACE_BOUND('',#12844,.T.);
#12844 = EDGE_LOOP('',(#12845,#12846,#12847,#12848));
#12845 = ORIENTED_EDGE('',*,*,#12831,.T.);
#12846 = ORIENTED_EDGE('',*,*,#6553,.T.);
#12847 = ORIENTED_EDGE('',*,*,#12812,.F.);
#12848 = ORIENTED_EDGE('',*,*,#720,.F.);
#12849 = PLANE('',#12850);
#12850 = AXIS2_PLACEMENT_3D('',#12851,#12852,#12853);
#12851 = CARTESIAN_POINT('',(153.108,-158.39136,0.));
#12852 = DIRECTION('',(0.,-1.,0.));
#12853 = DIRECTION('',(-1.,0.,0.));
#12854 = ADVANCED_FACE('',(#12855),#12866,.F.);
#12855 = FACE_BOUND('',#12856,.T.);
#12856 = EDGE_LOOP('',(#12857,#12858,#12864,#12865));
#12857 = ORIENTED_EDGE('',*,*,#736,.T.);
#12858 = ORIENTED_EDGE('',*,*,#12859,.T.);
#12859 = EDGE_CURVE('',#737,#6570,#12860,.T.);
#12860 = LINE('',#12861,#12862);
#12861 = CARTESIAN_POINT('',(194.4279,-169.86136,-4.6E-02));
#12862 = VECTOR('',#12863,1.);
#12863 = DIRECTION('',(0.,0.,1.));
#12864 = ORIENTED_EDGE('',*,*,#6569,.F.);
#12865 = ORIENTED_EDGE('',*,*,#12859,.F.);
#12866 = CYLINDRICAL_SURFACE('',#12867,1.5);
#12867 = AXIS2_PLACEMENT_3D('',#12868,#12869,#12870);
#12868 = CARTESIAN_POINT('',(194.4279,-168.36136,-4.6E-02));
#12869 = DIRECTION('',(-0.,-0.,-1.));
#12870 = DIRECTION('',(-0.,-1.,0.));
#12871 = ADVANCED_FACE('',(#12872),#12888,.T.);
#12872 = FACE_BOUND('',#12873,.T.);
#12873 = EDGE_LOOP('',(#12874,#12880,#12881,#12887));
#12874 = ORIENTED_EDGE('',*,*,#12875,.T.);
#12875 = EDGE_CURVE('',#748,#6581,#12876,.T.);
#12876 = LINE('',#12877,#12878);
#12877 = CARTESIAN_POINT('',(168.758,-161.39136,0.));
#12878 = VECTOR('',#12879,1.);
#12879 = DIRECTION('',(0.,0.,1.));
#12880 = ORIENTED_EDGE('',*,*,#6580,.T.);
#12881 = ORIENTED_EDGE('',*,*,#12882,.F.);
#12882 = EDGE_CURVE('',#750,#6583,#12883,.T.);
#12883 = LINE('',#12884,#12885);
#12884 = CARTESIAN_POINT('',(172.158,-161.39136,0.));
#12885 = VECTOR('',#12886,1.);
#12886 = DIRECTION('',(0.,0.,1.));
#12887 = ORIENTED_EDGE('',*,*,#747,.F.);
#12888 = PLANE('',#12889);
#12889 = AXIS2_PLACEMENT_3D('',#12890,#12891,#12892);
#12890 = CARTESIAN_POINT('',(168.758,-161.39136,0.));
#12891 = DIRECTION('',(0.,1.,0.));
#12892 = DIRECTION('',(1.,0.,0.));
#12893 = ADVANCED_FACE('',(#12894),#12905,.T.);
#12894 = FACE_BOUND('',#12895,.T.);
#12895 = EDGE_LOOP('',(#12896,#12902,#12903,#12904));
#12896 = ORIENTED_EDGE('',*,*,#12897,.T.);
#12897 = EDGE_CURVE('',#758,#6591,#12898,.T.);
#12898 = LINE('',#12899,#12900);
#12899 = CARTESIAN_POINT('',(168.758,-158.39136,0.));
#12900 = VECTOR('',#12901,1.);
#12901 = DIRECTION('',(0.,0.,1.));
#12902 = ORIENTED_EDGE('',*,*,#6590,.T.);
#12903 = ORIENTED_EDGE('',*,*,#12875,.F.);
#12904 = ORIENTED_EDGE('',*,*,#757,.F.);
#12905 = PLANE('',#12906);
#12906 = AXIS2_PLACEMENT_3D('',#12907,#12908,#12909);
#12907 = CARTESIAN_POINT('',(168.758,-158.39136,0.));
#12908 = DIRECTION('',(1.,0.,-0.));
#12909 = DIRECTION('',(0.,-1.,0.));
#12910 = ADVANCED_FACE('',(#12911),#12922,.T.);
#12911 = FACE_BOUND('',#12912,.T.);
#12912 = EDGE_LOOP('',(#12913,#12914,#12915,#12921));
#12913 = ORIENTED_EDGE('',*,*,#12882,.T.);
#12914 = ORIENTED_EDGE('',*,*,#6606,.T.);
#12915 = ORIENTED_EDGE('',*,*,#12916,.F.);
#12916 = EDGE_CURVE('',#766,#6599,#12917,.T.);
#12917 = LINE('',#12918,#12919);
#12918 = CARTESIAN_POINT('',(172.158,-158.39136,0.));
#12919 = VECTOR('',#12920,1.);
#12920 = DIRECTION('',(0.,0.,1.));
#12921 = ORIENTED_EDGE('',*,*,#773,.F.);
#12922 = PLANE('',#12923);
#12923 = AXIS2_PLACEMENT_3D('',#12924,#12925,#12926);
#12924 = CARTESIAN_POINT('',(172.158,-161.39136,0.));
#12925 = DIRECTION('',(-1.,0.,0.));
#12926 = DIRECTION('',(0.,1.,0.));
#12927 = ADVANCED_FACE('',(#12928),#12934,.T.);
#12928 = FACE_BOUND('',#12929,.T.);
#12929 = EDGE_LOOP('',(#12930,#12931,#12932,#12933));
#12930 = ORIENTED_EDGE('',*,*,#12916,.T.);
#12931 = ORIENTED_EDGE('',*,*,#6598,.T.);
#12932 = ORIENTED_EDGE('',*,*,#12897,.F.);
#12933 = ORIENTED_EDGE('',*,*,#765,.F.);
#12934 = PLANE('',#12935);
#12935 = AXIS2_PLACEMENT_3D('',#12936,#12937,#12938);
#12936 = CARTESIAN_POINT('',(172.158,-158.39136,0.));
#12937 = DIRECTION('',(0.,-1.,0.));
#12938 = DIRECTION('',(-1.,0.,0.));
#12939 = ADVANCED_FACE('',(#12940),#12956,.T.);
#12940 = FACE_BOUND('',#12941,.T.);
#12941 = EDGE_LOOP('',(#12942,#12948,#12949,#12955));
#12942 = ORIENTED_EDGE('',*,*,#12943,.T.);
#12943 = EDGE_CURVE('',#782,#6615,#12944,.T.);
#12944 = LINE('',#12945,#12946);
#12945 = CARTESIAN_POINT('',(187.808,-161.39136,0.));
#12946 = VECTOR('',#12947,1.);
#12947 = DIRECTION('',(0.,0.,1.));
#12948 = ORIENTED_EDGE('',*,*,#6614,.T.);
#12949 = ORIENTED_EDGE('',*,*,#12950,.F.);
#12950 = EDGE_CURVE('',#784,#6617,#12951,.T.);
#12951 = LINE('',#12952,#12953);
#12952 = CARTESIAN_POINT('',(191.208,-161.39136,0.));
#12953 = VECTOR('',#12954,1.);
#12954 = DIRECTION('',(0.,0.,1.));
#12955 = ORIENTED_EDGE('',*,*,#781,.F.);
#12956 = PLANE('',#12957);
#12957 = AXIS2_PLACEMENT_3D('',#12958,#12959,#12960);
#12958 = CARTESIAN_POINT('',(187.808,-161.39136,0.));
#12959 = DIRECTION('',(0.,1.,0.));
#12960 = DIRECTION('',(1.,0.,0.));
#12961 = ADVANCED_FACE('',(#12962),#12973,.T.);
#12962 = FACE_BOUND('',#12963,.T.);
#12963 = EDGE_LOOP('',(#12964,#12970,#12971,#12972));
#12964 = ORIENTED_EDGE('',*,*,#12965,.T.);
#12965 = EDGE_CURVE('',#792,#6625,#12966,.T.);
#12966 = LINE('',#12967,#12968);
#12967 = CARTESIAN_POINT('',(187.808,-158.39136,0.));
#12968 = VECTOR('',#12969,1.);
#12969 = DIRECTION('',(0.,0.,1.));
#12970 = ORIENTED_EDGE('',*,*,#6624,.T.);
#12971 = ORIENTED_EDGE('',*,*,#12943,.F.);
#12972 = ORIENTED_EDGE('',*,*,#791,.F.);
#12973 = PLANE('',#12974);
#12974 = AXIS2_PLACEMENT_3D('',#12975,#12976,#12977);
#12975 = CARTESIAN_POINT('',(187.808,-158.39136,0.));
#12976 = DIRECTION('',(1.,0.,-0.));
#12977 = DIRECTION('',(0.,-1.,0.));
#12978 = ADVANCED_FACE('',(#12979),#12990,.T.);
#12979 = FACE_BOUND('',#12980,.T.);
#12980 = EDGE_LOOP('',(#12981,#12982,#12983,#12989));
#12981 = ORIENTED_EDGE('',*,*,#12950,.T.);
#12982 = ORIENTED_EDGE('',*,*,#6640,.T.);
#12983 = ORIENTED_EDGE('',*,*,#12984,.F.);
#12984 = EDGE_CURVE('',#800,#6633,#12985,.T.);
#12985 = LINE('',#12986,#12987);
#12986 = CARTESIAN_POINT('',(191.208,-158.39136,0.));
#12987 = VECTOR('',#12988,1.);
#12988 = DIRECTION('',(0.,0.,1.));
#12989 = ORIENTED_EDGE('',*,*,#807,.F.);
#12990 = PLANE('',#12991);
#12991 = AXIS2_PLACEMENT_3D('',#12992,#12993,#12994);
#12992 = CARTESIAN_POINT('',(191.208,-161.39136,0.));
#12993 = DIRECTION('',(-1.,0.,0.));
#12994 = DIRECTION('',(0.,1.,0.));
#12995 = ADVANCED_FACE('',(#12996),#13002,.T.);
#12996 = FACE_BOUND('',#12997,.T.);
#12997 = EDGE_LOOP('',(#12998,#12999,#13000,#13001));
#12998 = ORIENTED_EDGE('',*,*,#12984,.T.);
#12999 = ORIENTED_EDGE('',*,*,#6632,.T.);
#13000 = ORIENTED_EDGE('',*,*,#12965,.F.);
#13001 = ORIENTED_EDGE('',*,*,#799,.F.);
#13002 = PLANE('',#13003);
#13003 = AXIS2_PLACEMENT_3D('',#13004,#13005,#13006);
#13004 = CARTESIAN_POINT('',(191.208,-158.39136,0.));
#13005 = DIRECTION('',(0.,-1.,0.));
#13006 = DIRECTION('',(-1.,0.,0.));
#13007 = ADVANCED_FACE('',(#13008),#13019,.F.);
#13008 = FACE_BOUND('',#13009,.T.);
#13009 = EDGE_LOOP('',(#13010,#13011,#13017,#13018));
#13010 = ORIENTED_EDGE('',*,*,#815,.T.);
#13011 = ORIENTED_EDGE('',*,*,#13012,.T.);
#13012 = EDGE_CURVE('',#816,#6649,#13013,.T.);
#13013 = LINE('',#13014,#13015);
#13014 = CARTESIAN_POINT('',(77.269,-155.24026,-4.6E-02));
#13015 = VECTOR('',#13016,1.);
#13016 = DIRECTION('',(0.,0.,1.));
#13017 = ORIENTED_EDGE('',*,*,#6648,.F.);
#13018 = ORIENTED_EDGE('',*,*,#13012,.F.);
#13019 = CYLINDRICAL_SURFACE('',#13020,0.8509);
#13020 = AXIS2_PLACEMENT_3D('',#13021,#13022,#13023);
#13021 = CARTESIAN_POINT('',(77.269,-154.38936,-4.6E-02));
#13022 = DIRECTION('',(-0.,-0.,-1.));
#13023 = DIRECTION('',(-0.,-1.,0.));
#13024 = ADVANCED_FACE('',(#13025),#13036,.F.);
#13025 = FACE_BOUND('',#13026,.T.);
#13026 = EDGE_LOOP('',(#13027,#13028,#13034,#13035));
#13027 = ORIENTED_EDGE('',*,*,#826,.T.);
#13028 = ORIENTED_EDGE('',*,*,#13029,.T.);
#13029 = EDGE_CURVE('',#827,#6660,#13030,.T.);
#13030 = LINE('',#13031,#13032);
#13031 = CARTESIAN_POINT('',(82.349,-156.38326,-4.6E-02));
#13032 = VECTOR('',#13033,1.);
#13033 = DIRECTION('',(0.,0.,1.));
#13034 = ORIENTED_EDGE('',*,*,#6659,.F.);
#13035 = ORIENTED_EDGE('',*,*,#13029,.F.);
#13036 = CYLINDRICAL_SURFACE('',#13037,1.9939);
#13037 = AXIS2_PLACEMENT_3D('',#13038,#13039,#13040);
#13038 = CARTESIAN_POINT('',(82.349,-154.38936,-4.6E-02));
#13039 = DIRECTION('',(-0.,0.,-1.));
#13040 = DIRECTION('',(7.127165211496E-15,-1.,-0.));
#13041 = ADVANCED_FACE('',(#13042),#13053,.F.);
#13042 = FACE_BOUND('',#13043,.T.);
#13043 = EDGE_LOOP('',(#13044,#13045,#13051,#13052));
#13044 = ORIENTED_EDGE('',*,*,#837,.T.);
#13045 = ORIENTED_EDGE('',*,*,#13046,.T.);
#13046 = EDGE_CURVE('',#838,#6671,#13047,.T.);
#13047 = LINE('',#13048,#13049);
#13048 = CARTESIAN_POINT('',(87.429,-155.24026,-4.6E-02));
#13049 = VECTOR('',#13050,1.);
#13050 = DIRECTION('',(0.,0.,1.));
#13051 = ORIENTED_EDGE('',*,*,#6670,.F.);
#13052 = ORIENTED_EDGE('',*,*,#13046,.F.);
#13053 = CYLINDRICAL_SURFACE('',#13054,0.8509);
#13054 = AXIS2_PLACEMENT_3D('',#13055,#13056,#13057);
#13055 = CARTESIAN_POINT('',(87.429,-154.38936,-4.6E-02));
#13056 = DIRECTION('',(-0.,-0.,-1.));
#13057 = DIRECTION('',(-0.,-1.,0.));
#13058 = ADVANCED_FACE('',(#13059),#13070,.F.);
#13059 = FACE_BOUND('',#13060,.T.);
#13060 = EDGE_LOOP('',(#13061,#13062,#13068,#13069));
#13061 = ORIENTED_EDGE('',*,*,#848,.T.);
#13062 = ORIENTED_EDGE('',*,*,#13063,.T.);
#13063 = EDGE_CURVE('',#849,#6682,#13064,.T.);
#13064 = LINE('',#13065,#13066);
#13065 = CARTESIAN_POINT('',(78.539,-153.34936,-4.6E-02));
#13066 = VECTOR('',#13067,1.);
#13067 = DIRECTION('',(0.,0.,1.));
#13068 = ORIENTED_EDGE('',*,*,#6681,.F.);
#13069 = ORIENTED_EDGE('',*,*,#13063,.F.);
#13070 = CYLINDRICAL_SURFACE('',#13071,1.5);
#13071 = AXIS2_PLACEMENT_3D('',#13072,#13073,#13074);
#13072 = CARTESIAN_POINT('',(78.539,-151.84936,-4.6E-02));
#13073 = DIRECTION('',(-0.,-0.,-1.));
#13074 = DIRECTION('',(-0.,-1.,0.));
#13075 = ADVANCED_FACE('',(#13076),#13087,.F.);
#13076 = FACE_BOUND('',#13077,.T.);
#13077 = EDGE_LOOP('',(#13078,#13079,#13085,#13086));
#13078 = ORIENTED_EDGE('',*,*,#859,.T.);
#13079 = ORIENTED_EDGE('',*,*,#13080,.T.);
#13080 = EDGE_CURVE('',#860,#6693,#13081,.T.);
#13081 = LINE('',#13082,#13083);
#13082 = CARTESIAN_POINT('',(70.411,-148.92836,-4.6E-02));
#13083 = VECTOR('',#13084,1.);
#13084 = DIRECTION('',(0.,0.,1.));
#13085 = ORIENTED_EDGE('',*,*,#6692,.F.);
#13086 = ORIENTED_EDGE('',*,*,#13080,.F.);
#13087 = CYLINDRICAL_SURFACE('',#13088,1.524);
#13088 = AXIS2_PLACEMENT_3D('',#13089,#13090,#13091);
#13089 = CARTESIAN_POINT('',(70.411,-147.40436,-4.6E-02));
#13090 = DIRECTION('',(-0.,-0.,-1.));
#13091 = DIRECTION('',(-0.,-1.,0.));
#13092 = ADVANCED_FACE('',(#13093),#13104,.F.);
#13093 = FACE_BOUND('',#13094,.T.);
#13094 = EDGE_LOOP('',(#13095,#13096,#13102,#13103));
#13095 = ORIENTED_EDGE('',*,*,#870,.T.);
#13096 = ORIENTED_EDGE('',*,*,#13097,.T.);
#13097 = EDGE_CURVE('',#871,#6704,#13098,.T.);
#13098 = LINE('',#13099,#13100);
#13099 = CARTESIAN_POINT('',(84.889,-150.80936,-4.6E-02));
#13100 = VECTOR('',#13101,1.);
#13101 = DIRECTION('',(0.,0.,1.));
#13102 = ORIENTED_EDGE('',*,*,#6703,.F.);
#13103 = ORIENTED_EDGE('',*,*,#13097,.F.);
#13104 = CYLINDRICAL_SURFACE('',#13105,1.5);
#13105 = AXIS2_PLACEMENT_3D('',#13106,#13107,#13108);
#13106 = CARTESIAN_POINT('',(84.889,-149.30936,-4.6E-02));
#13107 = DIRECTION('',(-0.,-0.,-1.));
#13108 = DIRECTION('',(-0.,-1.,0.));
#13109 = ADVANCED_FACE('',(#13110),#13121,.F.);
#13110 = FACE_BOUND('',#13111,.T.);
#13111 = EDGE_LOOP('',(#13112,#13113,#13119,#13120));
#13112 = ORIENTED_EDGE('',*,*,#881,.T.);
#13113 = ORIENTED_EDGE('',*,*,#13114,.T.);
#13114 = EDGE_CURVE('',#882,#6715,#13115,.T.);
#13115 = LINE('',#13116,#13117);
#13116 = CARTESIAN_POINT('',(94.287,-148.92836,-4.6E-02));
#13117 = VECTOR('',#13118,1.);
#13118 = DIRECTION('',(0.,0.,1.));
#13119 = ORIENTED_EDGE('',*,*,#6714,.F.);
#13120 = ORIENTED_EDGE('',*,*,#13114,.F.);
#13121 = CYLINDRICAL_SURFACE('',#13122,1.524);
#13122 = AXIS2_PLACEMENT_3D('',#13123,#13124,#13125);
#13123 = CARTESIAN_POINT('',(94.287,-147.40436,-4.6E-02));
#13124 = DIRECTION('',(-0.,-0.,-1.));
#13125 = DIRECTION('',(-0.,-1.,0.));
#13126 = ADVANCED_FACE('',(#13127),#13138,.F.);
#13127 = FACE_BOUND('',#13128,.T.);
#13128 = EDGE_LOOP('',(#13129,#13130,#13136,#13137));
#13129 = ORIENTED_EDGE('',*,*,#892,.T.);
#13130 = ORIENTED_EDGE('',*,*,#13131,.T.);
#13131 = EDGE_CURVE('',#893,#6726,#13132,.T.);
#13132 = LINE('',#13133,#13134);
#13133 = CARTESIAN_POINT('',(100.32,-154.05,-4.6E-02));
#13134 = VECTOR('',#13135,1.);
#13135 = DIRECTION('',(0.,0.,1.));
#13136 = ORIENTED_EDGE('',*,*,#6725,.F.);
#13137 = ORIENTED_EDGE('',*,*,#13131,.F.);
#13138 = CYLINDRICAL_SURFACE('',#13139,1.1);
#13139 = AXIS2_PLACEMENT_3D('',#13140,#13141,#13142);
#13140 = CARTESIAN_POINT('',(100.32,-152.95,-4.6E-02));
#13141 = DIRECTION('',(-0.,-0.,-1.));
#13142 = DIRECTION('',(-0.,-1.,0.));
#13143 = ADVANCED_FACE('',(#13144),#13155,.F.);
#13144 = FACE_BOUND('',#13145,.T.);
#13145 = EDGE_LOOP('',(#13146,#13147,#13153,#13154));
#13146 = ORIENTED_EDGE('',*,*,#903,.T.);
#13147 = ORIENTED_EDGE('',*,*,#13148,.T.);
#13148 = EDGE_CURVE('',#904,#6737,#13149,.T.);
#13149 = LINE('',#13150,#13151);
#13150 = CARTESIAN_POINT('',(108.228,-155.24226,-4.6E-02));
#13151 = VECTOR('',#13152,1.);
#13152 = DIRECTION('',(0.,0.,1.));
#13153 = ORIENTED_EDGE('',*,*,#6736,.F.);
#13154 = ORIENTED_EDGE('',*,*,#13148,.F.);
#13155 = CYLINDRICAL_SURFACE('',#13156,0.8509);
#13156 = AXIS2_PLACEMENT_3D('',#13157,#13158,#13159);
#13157 = CARTESIAN_POINT('',(108.228,-154.39136,-4.6E-02));
#13158 = DIRECTION('',(-0.,-0.,-1.));
#13159 = DIRECTION('',(-1.670096922694E-14,-1.,0.));
#13160 = ADVANCED_FACE('',(#13161),#13172,.F.);
#13161 = FACE_BOUND('',#13162,.T.);
#13162 = EDGE_LOOP('',(#13163,#13164,#13170,#13171));
#13163 = ORIENTED_EDGE('',*,*,#914,.T.);
#13164 = ORIENTED_EDGE('',*,*,#13165,.T.);
#13165 = EDGE_CURVE('',#915,#6748,#13166,.T.);
#13166 = LINE('',#13167,#13168);
#13167 = CARTESIAN_POINT('',(113.308,-156.38526,-4.6E-02));
#13168 = VECTOR('',#13169,1.);
#13169 = DIRECTION('',(0.,0.,1.));
#13170 = ORIENTED_EDGE('',*,*,#6747,.F.);
#13171 = ORIENTED_EDGE('',*,*,#13165,.F.);
#13172 = CYLINDRICAL_SURFACE('',#13173,1.9939);
#13173 = AXIS2_PLACEMENT_3D('',#13174,#13175,#13176);
#13174 = CARTESIAN_POINT('',(113.308,-154.39136,-4.6E-02));
#13175 = DIRECTION('',(-0.,0.,-1.));
#13176 = DIRECTION('',(7.127165211496E-15,-1.,-0.));
#13177 = ADVANCED_FACE('',(#13178),#13189,.F.);
#13178 = FACE_BOUND('',#13179,.T.);
#13179 = EDGE_LOOP('',(#13180,#13181,#13187,#13188));
#13180 = ORIENTED_EDGE('',*,*,#925,.T.);
#13181 = ORIENTED_EDGE('',*,*,#13182,.T.);
#13182 = EDGE_CURVE('',#926,#6759,#13183,.T.);
#13183 = LINE('',#13184,#13185);
#13184 = CARTESIAN_POINT('',(118.388,-155.24226,-4.6E-02));
#13185 = VECTOR('',#13186,1.);
#13186 = DIRECTION('',(0.,0.,1.));
#13187 = ORIENTED_EDGE('',*,*,#6758,.F.);
#13188 = ORIENTED_EDGE('',*,*,#13182,.F.);
#13189 = CYLINDRICAL_SURFACE('',#13190,0.8509);
#13190 = AXIS2_PLACEMENT_3D('',#13191,#13192,#13193);
#13191 = CARTESIAN_POINT('',(118.388,-154.39136,-4.6E-02));
#13192 = DIRECTION('',(-0.,-0.,-1.));
#13193 = DIRECTION('',(-0.,-1.,0.));
#13194 = ADVANCED_FACE('',(#13195),#13206,.F.);
#13195 = FACE_BOUND('',#13196,.T.);
#13196 = EDGE_LOOP('',(#13197,#13198,#13204,#13205));
#13197 = ORIENTED_EDGE('',*,*,#936,.T.);
#13198 = ORIENTED_EDGE('',*,*,#13199,.T.);
#13199 = EDGE_CURVE('',#937,#6770,#13200,.T.);
#13200 = LINE('',#13201,#13202);
#13201 = CARTESIAN_POINT('',(127.278,-155.24226,-4.6E-02));
#13202 = VECTOR('',#13203,1.);
#13203 = DIRECTION('',(0.,0.,1.));
#13204 = ORIENTED_EDGE('',*,*,#6769,.F.);
#13205 = ORIENTED_EDGE('',*,*,#13199,.F.);
#13206 = CYLINDRICAL_SURFACE('',#13207,0.8509);
#13207 = AXIS2_PLACEMENT_3D('',#13208,#13209,#13210);
#13208 = CARTESIAN_POINT('',(127.278,-154.39136,-4.6E-02));
#13209 = DIRECTION('',(-0.,0.,-1.));
#13210 = DIRECTION('',(1.670096922694E-14,-1.,-0.));
#13211 = ADVANCED_FACE('',(#13212),#13223,.F.);
#13212 = FACE_BOUND('',#13213,.T.);
#13213 = EDGE_LOOP('',(#13214,#13215,#13221,#13222));
#13214 = ORIENTED_EDGE('',*,*,#947,.T.);
#13215 = ORIENTED_EDGE('',*,*,#13216,.T.);
#13216 = EDGE_CURVE('',#948,#6781,#13217,.T.);
#13217 = LINE('',#13218,#13219);
#13218 = CARTESIAN_POINT('',(132.358,-156.38526,-4.6E-02));
#13219 = VECTOR('',#13220,1.);
#13220 = DIRECTION('',(0.,0.,1.));
#13221 = ORIENTED_EDGE('',*,*,#6780,.F.);
#13222 = ORIENTED_EDGE('',*,*,#13216,.F.);
#13223 = CYLINDRICAL_SURFACE('',#13224,1.9939);
#13224 = AXIS2_PLACEMENT_3D('',#13225,#13226,#13227);
#13225 = CARTESIAN_POINT('',(132.358,-154.39136,-4.6E-02));
#13226 = DIRECTION('',(-0.,-0.,-1.));
#13227 = DIRECTION('',(-0.,-1.,0.));
#13228 = ADVANCED_FACE('',(#13229),#13240,.F.);
#13229 = FACE_BOUND('',#13230,.T.);
#13230 = EDGE_LOOP('',(#13231,#13232,#13238,#13239));
#13231 = ORIENTED_EDGE('',*,*,#958,.T.);
#13232 = ORIENTED_EDGE('',*,*,#13233,.T.);
#13233 = EDGE_CURVE('',#959,#6792,#13234,.T.);
#13234 = LINE('',#13235,#13236);
#13235 = CARTESIAN_POINT('',(109.498,-153.35136,-4.6E-02));
#13236 = VECTOR('',#13237,1.);
#13237 = DIRECTION('',(0.,0.,1.));
#13238 = ORIENTED_EDGE('',*,*,#6791,.F.);
#13239 = ORIENTED_EDGE('',*,*,#13233,.F.);
#13240 = CYLINDRICAL_SURFACE('',#13241,1.5);
#13241 = AXIS2_PLACEMENT_3D('',#13242,#13243,#13244);
#13242 = CARTESIAN_POINT('',(109.498,-151.85136,-4.6E-02));
#13243 = DIRECTION('',(-0.,-0.,-1.));
#13244 = DIRECTION('',(-0.,-1.,0.));
#13245 = ADVANCED_FACE('',(#13246),#13257,.F.);
#13246 = FACE_BOUND('',#13247,.T.);
#13247 = EDGE_LOOP('',(#13248,#13249,#13255,#13256));
#13248 = ORIENTED_EDGE('',*,*,#969,.T.);
#13249 = ORIENTED_EDGE('',*,*,#13250,.T.);
#13250 = EDGE_CURVE('',#970,#6803,#13251,.T.);
#13251 = LINE('',#13252,#13253);
#13252 = CARTESIAN_POINT('',(115.848,-150.81136,-4.6E-02));
#13253 = VECTOR('',#13254,1.);
#13254 = DIRECTION('',(0.,0.,1.));
#13255 = ORIENTED_EDGE('',*,*,#6802,.F.);
#13256 = ORIENTED_EDGE('',*,*,#13250,.F.);
#13257 = CYLINDRICAL_SURFACE('',#13258,1.5);
#13258 = AXIS2_PLACEMENT_3D('',#13259,#13260,#13261);
#13259 = CARTESIAN_POINT('',(115.848,-149.31136,-4.6E-02));
#13260 = DIRECTION('',(-0.,-0.,-1.));
#13261 = DIRECTION('',(-0.,-1.,0.));
#13262 = ADVANCED_FACE('',(#13263),#13274,.F.);
#13263 = FACE_BOUND('',#13264,.T.);
#13264 = EDGE_LOOP('',(#13265,#13266,#13272,#13273));
#13265 = ORIENTED_EDGE('',*,*,#980,.T.);
#13266 = ORIENTED_EDGE('',*,*,#13267,.T.);
#13267 = EDGE_CURVE('',#981,#6814,#13268,.T.);
#13268 = LINE('',#13269,#13270);
#13269 = CARTESIAN_POINT('',(128.548,-153.35136,-4.6E-02));
#13270 = VECTOR('',#13271,1.);
#13271 = DIRECTION('',(0.,0.,1.));
#13272 = ORIENTED_EDGE('',*,*,#6813,.F.);
#13273 = ORIENTED_EDGE('',*,*,#13267,.F.);
#13274 = CYLINDRICAL_SURFACE('',#13275,1.5);
#13275 = AXIS2_PLACEMENT_3D('',#13276,#13277,#13278);
#13276 = CARTESIAN_POINT('',(128.548,-151.85136,-4.6E-02));
#13277 = DIRECTION('',(-0.,-0.,-1.));
#13278 = DIRECTION('',(-0.,-1.,0.));
#13279 = ADVANCED_FACE('',(#13280),#13296,.T.);
#13280 = FACE_BOUND('',#13281,.T.);
#13281 = EDGE_LOOP('',(#13282,#13288,#13289,#13295));
#13282 = ORIENTED_EDGE('',*,*,#13283,.T.);
#13283 = EDGE_CURVE('',#992,#6825,#13284,.T.);
#13284 = LINE('',#13285,#13286);
#13285 = CARTESIAN_POINT('',(75.88925,-142.34136,0.));
#13286 = VECTOR('',#13287,1.);
#13287 = DIRECTION('',(0.,0.,1.));
#13288 = ORIENTED_EDGE('',*,*,#6824,.T.);
#13289 = ORIENTED_EDGE('',*,*,#13290,.F.);
#13290 = EDGE_CURVE('',#994,#6827,#13291,.T.);
#13291 = LINE('',#13292,#13293);
#13292 = CARTESIAN_POINT('',(79.28925,-142.34136,0.));
#13293 = VECTOR('',#13294,1.);
#13294 = DIRECTION('',(0.,0.,1.));
#13295 = ORIENTED_EDGE('',*,*,#991,.F.);
#13296 = PLANE('',#13297);
#13297 = AXIS2_PLACEMENT_3D('',#13298,#13299,#13300);
#13298 = CARTESIAN_POINT('',(75.88925,-142.34136,0.));
#13299 = DIRECTION('',(0.,1.,0.));
#13300 = DIRECTION('',(1.,0.,0.));
#13301 = ADVANCED_FACE('',(#13302),#13313,.T.);
#13302 = FACE_BOUND('',#13303,.T.);
#13303 = EDGE_LOOP('',(#13304,#13310,#13311,#13312));
#13304 = ORIENTED_EDGE('',*,*,#13305,.T.);
#13305 = EDGE_CURVE('',#1002,#6835,#13306,.T.);
#13306 = LINE('',#13307,#13308);
#13307 = CARTESIAN_POINT('',(75.88925,-139.34136,0.));
#13308 = VECTOR('',#13309,1.);
#13309 = DIRECTION('',(0.,0.,1.));
#13310 = ORIENTED_EDGE('',*,*,#6834,.T.);
#13311 = ORIENTED_EDGE('',*,*,#13283,.F.);
#13312 = ORIENTED_EDGE('',*,*,#1001,.F.);
#13313 = PLANE('',#13314);
#13314 = AXIS2_PLACEMENT_3D('',#13315,#13316,#13317);
#13315 = CARTESIAN_POINT('',(75.88925,-139.34136,0.));
#13316 = DIRECTION('',(1.,0.,-0.));
#13317 = DIRECTION('',(0.,-1.,0.));
#13318 = ADVANCED_FACE('',(#13319),#13330,.T.);
#13319 = FACE_BOUND('',#13320,.T.);
#13320 = EDGE_LOOP('',(#13321,#13322,#13323,#13329));
#13321 = ORIENTED_EDGE('',*,*,#13290,.T.);
#13322 = ORIENTED_EDGE('',*,*,#6850,.T.);
#13323 = ORIENTED_EDGE('',*,*,#13324,.F.);
#13324 = EDGE_CURVE('',#1010,#6843,#13325,.T.);
#13325 = LINE('',#13326,#13327);
#13326 = CARTESIAN_POINT('',(79.28925,-139.34136,0.));
#13327 = VECTOR('',#13328,1.);
#13328 = DIRECTION('',(0.,0.,1.));
#13329 = ORIENTED_EDGE('',*,*,#1017,.F.);
#13330 = PLANE('',#13331);
#13331 = AXIS2_PLACEMENT_3D('',#13332,#13333,#13334);
#13332 = CARTESIAN_POINT('',(79.28925,-142.34136,0.));
#13333 = DIRECTION('',(-1.,0.,0.));
#13334 = DIRECTION('',(0.,1.,0.));
#13335 = ADVANCED_FACE('',(#13336),#13342,.T.);
#13336 = FACE_BOUND('',#13337,.T.);
#13337 = EDGE_LOOP('',(#13338,#13339,#13340,#13341));
#13338 = ORIENTED_EDGE('',*,*,#13324,.T.);
#13339 = ORIENTED_EDGE('',*,*,#6842,.T.);
#13340 = ORIENTED_EDGE('',*,*,#13305,.F.);
#13341 = ORIENTED_EDGE('',*,*,#1009,.F.);
#13342 = PLANE('',#13343);
#13343 = AXIS2_PLACEMENT_3D('',#13344,#13345,#13346);
#13344 = CARTESIAN_POINT('',(79.28925,-139.34136,0.));
#13345 = DIRECTION('',(0.,-1.,0.));
#13346 = DIRECTION('',(-1.,0.,0.));
#13347 = ADVANCED_FACE('',(#13348),#13359,.F.);
#13348 = FACE_BOUND('',#13349,.T.);
#13349 = EDGE_LOOP('',(#13350,#13351,#13357,#13358));
#13350 = ORIENTED_EDGE('',*,*,#1025,.T.);
#13351 = ORIENTED_EDGE('',*,*,#13352,.T.);
#13352 = EDGE_CURVE('',#1026,#6859,#13353,.T.);
#13353 = LINE('',#13354,#13355);
#13354 = CARTESIAN_POINT('',(72.50925,-136.19226,-4.6E-02));
#13355 = VECTOR('',#13356,1.);
#13356 = DIRECTION('',(0.,0.,1.));
#13357 = ORIENTED_EDGE('',*,*,#6858,.F.);
#13358 = ORIENTED_EDGE('',*,*,#13352,.F.);
#13359 = CYLINDRICAL_SURFACE('',#13360,0.8509);
#13360 = AXIS2_PLACEMENT_3D('',#13361,#13362,#13363);
#13361 = CARTESIAN_POINT('',(72.50925,-135.34136,-4.6E-02));
#13362 = DIRECTION('',(-0.,-0.,-1.));
#13363 = DIRECTION('',(-1.670096922694E-14,-1.,0.));
#13364 = ADVANCED_FACE('',(#13365),#13376,.F.);
#13365 = FACE_BOUND('',#13366,.T.);
#13366 = EDGE_LOOP('',(#13367,#13368,#13374,#13375));
#13367 = ORIENTED_EDGE('',*,*,#1036,.T.);
#13368 = ORIENTED_EDGE('',*,*,#13369,.T.);
#13369 = EDGE_CURVE('',#1037,#6870,#13370,.T.);
#13370 = LINE('',#13371,#13372);
#13371 = CARTESIAN_POINT('',(82.66925,-136.19226,-4.6E-02));
#13372 = VECTOR('',#13373,1.);
#13373 = DIRECTION('',(0.,0.,1.));
#13374 = ORIENTED_EDGE('',*,*,#6869,.F.);
#13375 = ORIENTED_EDGE('',*,*,#13369,.F.);
#13376 = CYLINDRICAL_SURFACE('',#13377,0.8509);
#13377 = AXIS2_PLACEMENT_3D('',#13378,#13379,#13380);
#13378 = CARTESIAN_POINT('',(82.66925,-135.34136,-4.6E-02));
#13379 = DIRECTION('',(-0.,-0.,-1.));
#13380 = DIRECTION('',(-0.,-1.,0.));
#13381 = ADVANCED_FACE('',(#13382),#13393,.F.);
#13382 = FACE_BOUND('',#13383,.T.);
#13383 = EDGE_LOOP('',(#13384,#13385,#13391,#13392));
#13384 = ORIENTED_EDGE('',*,*,#1047,.T.);
#13385 = ORIENTED_EDGE('',*,*,#13386,.T.);
#13386 = EDGE_CURVE('',#1048,#6881,#13387,.T.);
#13387 = LINE('',#13388,#13389);
#13388 = CARTESIAN_POINT('',(98.703,-136.19226,-4.6E-02));
#13389 = VECTOR('',#13390,1.);
#13390 = DIRECTION('',(0.,0.,1.));
#13391 = ORIENTED_EDGE('',*,*,#6880,.F.);
#13392 = ORIENTED_EDGE('',*,*,#13386,.F.);
#13393 = CYLINDRICAL_SURFACE('',#13394,0.8509);
#13394 = AXIS2_PLACEMENT_3D('',#13395,#13396,#13397);
#13395 = CARTESIAN_POINT('',(98.703,-135.34136,-4.6E-02));
#13396 = DIRECTION('',(-0.,-0.,-1.));
#13397 = DIRECTION('',(-0.,-1.,0.));
#13398 = ADVANCED_FACE('',(#13399),#13415,.T.);
#13399 = FACE_BOUND('',#13400,.T.);
#13400 = EDGE_LOOP('',(#13401,#13407,#13408,#13414));
#13401 = ORIENTED_EDGE('',*,*,#13402,.T.);
#13402 = EDGE_CURVE('',#1059,#6892,#13403,.T.);
#13403 = LINE('',#13404,#13405);
#13404 = CARTESIAN_POINT('',(102.083,-142.34136,0.));
#13405 = VECTOR('',#13406,1.);
#13406 = DIRECTION('',(0.,0.,1.));
#13407 = ORIENTED_EDGE('',*,*,#6891,.T.);
#13408 = ORIENTED_EDGE('',*,*,#13409,.F.);
#13409 = EDGE_CURVE('',#1061,#6894,#13410,.T.);
#13410 = LINE('',#13411,#13412);
#13411 = CARTESIAN_POINT('',(105.483,-142.34136,0.));
#13412 = VECTOR('',#13413,1.);
#13413 = DIRECTION('',(0.,0.,1.));
#13414 = ORIENTED_EDGE('',*,*,#1058,.F.);
#13415 = PLANE('',#13416);
#13416 = AXIS2_PLACEMENT_3D('',#13417,#13418,#13419);
#13417 = CARTESIAN_POINT('',(102.083,-142.34136,0.));
#13418 = DIRECTION('',(0.,1.,0.));
#13419 = DIRECTION('',(1.,0.,0.));
#13420 = ADVANCED_FACE('',(#13421),#13432,.T.);
#13421 = FACE_BOUND('',#13422,.T.);
#13422 = EDGE_LOOP('',(#13423,#13429,#13430,#13431));
#13423 = ORIENTED_EDGE('',*,*,#13424,.T.);
#13424 = EDGE_CURVE('',#1069,#6902,#13425,.T.);
#13425 = LINE('',#13426,#13427);
#13426 = CARTESIAN_POINT('',(102.083,-139.34136,0.));
#13427 = VECTOR('',#13428,1.);
#13428 = DIRECTION('',(0.,0.,1.));
#13429 = ORIENTED_EDGE('',*,*,#6901,.T.);
#13430 = ORIENTED_EDGE('',*,*,#13402,.F.);
#13431 = ORIENTED_EDGE('',*,*,#1068,.F.);
#13432 = PLANE('',#13433);
#13433 = AXIS2_PLACEMENT_3D('',#13434,#13435,#13436);
#13434 = CARTESIAN_POINT('',(102.083,-139.34136,0.));
#13435 = DIRECTION('',(1.,0.,-0.));
#13436 = DIRECTION('',(0.,-1.,0.));
#13437 = ADVANCED_FACE('',(#13438),#13449,.T.);
#13438 = FACE_BOUND('',#13439,.T.);
#13439 = EDGE_LOOP('',(#13440,#13441,#13442,#13448));
#13440 = ORIENTED_EDGE('',*,*,#13409,.T.);
#13441 = ORIENTED_EDGE('',*,*,#6917,.T.);
#13442 = ORIENTED_EDGE('',*,*,#13443,.F.);
#13443 = EDGE_CURVE('',#1077,#6910,#13444,.T.);
#13444 = LINE('',#13445,#13446);
#13445 = CARTESIAN_POINT('',(105.483,-139.34136,0.));
#13446 = VECTOR('',#13447,1.);
#13447 = DIRECTION('',(0.,0.,1.));
#13448 = ORIENTED_EDGE('',*,*,#1084,.F.);
#13449 = PLANE('',#13450);
#13450 = AXIS2_PLACEMENT_3D('',#13451,#13452,#13453);
#13451 = CARTESIAN_POINT('',(105.483,-142.34136,0.));
#13452 = DIRECTION('',(-1.,0.,0.));
#13453 = DIRECTION('',(0.,1.,0.));
#13454 = ADVANCED_FACE('',(#13455),#13461,.T.);
#13455 = FACE_BOUND('',#13456,.T.);
#13456 = EDGE_LOOP('',(#13457,#13458,#13459,#13460));
#13457 = ORIENTED_EDGE('',*,*,#13443,.T.);
#13458 = ORIENTED_EDGE('',*,*,#6909,.T.);
#13459 = ORIENTED_EDGE('',*,*,#13424,.F.);
#13460 = ORIENTED_EDGE('',*,*,#1076,.F.);
#13461 = PLANE('',#13462);
#13462 = AXIS2_PLACEMENT_3D('',#13463,#13464,#13465);
#13463 = CARTESIAN_POINT('',(105.483,-139.34136,0.));
#13464 = DIRECTION('',(0.,-1.,0.));
#13465 = DIRECTION('',(-1.,0.,0.));
#13466 = ADVANCED_FACE('',(#13467),#13478,.F.);
#13467 = FACE_BOUND('',#13468,.T.);
#13468 = EDGE_LOOP('',(#13469,#13470,#13476,#13477));
#13469 = ORIENTED_EDGE('',*,*,#1092,.T.);
#13470 = ORIENTED_EDGE('',*,*,#13471,.T.);
#13471 = EDGE_CURVE('',#1093,#6926,#13472,.T.);
#13472 = LINE('',#13473,#13474);
#13473 = CARTESIAN_POINT('',(103.783,-137.33526,-4.6E-02));
#13474 = VECTOR('',#13475,1.);
#13475 = DIRECTION('',(0.,0.,1.));
#13476 = ORIENTED_EDGE('',*,*,#6925,.F.);
#13477 = ORIENTED_EDGE('',*,*,#13471,.F.);
#13478 = CYLINDRICAL_SURFACE('',#13479,1.9939);
#13479 = AXIS2_PLACEMENT_3D('',#13480,#13481,#13482);
#13480 = CARTESIAN_POINT('',(103.783,-135.34136,-4.6E-02));
#13481 = DIRECTION('',(-0.,-0.,-1.));
#13482 = DIRECTION('',(-0.,-1.,0.));
#13483 = ADVANCED_FACE('',(#13484),#13495,.F.);
#13484 = FACE_BOUND('',#13485,.T.);
#13485 = EDGE_LOOP('',(#13486,#13487,#13493,#13494));
#13486 = ORIENTED_EDGE('',*,*,#1103,.T.);
#13487 = ORIENTED_EDGE('',*,*,#13488,.T.);
#13488 = EDGE_CURVE('',#1104,#6937,#13489,.T.);
#13489 = LINE('',#13490,#13491);
#13490 = CARTESIAN_POINT('',(108.863,-136.19226,-4.6E-02));
#13491 = VECTOR('',#13492,1.);
#13492 = DIRECTION('',(0.,0.,1.));
#13493 = ORIENTED_EDGE('',*,*,#6936,.F.);
#13494 = ORIENTED_EDGE('',*,*,#13488,.F.);
#13495 = CYLINDRICAL_SURFACE('',#13496,0.8509);
#13496 = AXIS2_PLACEMENT_3D('',#13497,#13498,#13499);
#13497 = CARTESIAN_POINT('',(108.863,-135.34136,-4.6E-02));
#13498 = DIRECTION('',(-0.,-0.,-1.));
#13499 = DIRECTION('',(-0.,-1.,0.));
#13500 = ADVANCED_FACE('',(#13501),#13517,.T.);
#13501 = FACE_BOUND('',#13502,.T.);
#13502 = EDGE_LOOP('',(#13503,#13509,#13510,#13516));
#13503 = ORIENTED_EDGE('',*,*,#13504,.T.);
#13504 = EDGE_CURVE('',#1115,#6948,#13505,.T.);
#13505 = LINE('',#13506,#13507);
#13506 = CARTESIAN_POINT('',(121.133,-142.34136,0.));
#13507 = VECTOR('',#13508,1.);
#13508 = DIRECTION('',(0.,0.,1.));
#13509 = ORIENTED_EDGE('',*,*,#6947,.T.);
#13510 = ORIENTED_EDGE('',*,*,#13511,.F.);
#13511 = EDGE_CURVE('',#1117,#6950,#13512,.T.);
#13512 = LINE('',#13513,#13514);
#13513 = CARTESIAN_POINT('',(124.533,-142.34136,0.));
#13514 = VECTOR('',#13515,1.);
#13515 = DIRECTION('',(0.,0.,1.));
#13516 = ORIENTED_EDGE('',*,*,#1114,.F.);
#13517 = PLANE('',#13518);
#13518 = AXIS2_PLACEMENT_3D('',#13519,#13520,#13521);
#13519 = CARTESIAN_POINT('',(121.133,-142.34136,0.));
#13520 = DIRECTION('',(0.,1.,0.));
#13521 = DIRECTION('',(1.,0.,0.));
#13522 = ADVANCED_FACE('',(#13523),#13534,.T.);
#13523 = FACE_BOUND('',#13524,.T.);
#13524 = EDGE_LOOP('',(#13525,#13531,#13532,#13533));
#13525 = ORIENTED_EDGE('',*,*,#13526,.T.);
#13526 = EDGE_CURVE('',#1125,#6958,#13527,.T.);
#13527 = LINE('',#13528,#13529);
#13528 = CARTESIAN_POINT('',(121.133,-139.34136,0.));
#13529 = VECTOR('',#13530,1.);
#13530 = DIRECTION('',(0.,0.,1.));
#13531 = ORIENTED_EDGE('',*,*,#6957,.T.);
#13532 = ORIENTED_EDGE('',*,*,#13504,.F.);
#13533 = ORIENTED_EDGE('',*,*,#1124,.F.);
#13534 = PLANE('',#13535);
#13535 = AXIS2_PLACEMENT_3D('',#13536,#13537,#13538);
#13536 = CARTESIAN_POINT('',(121.133,-139.34136,0.));
#13537 = DIRECTION('',(1.,0.,-0.));
#13538 = DIRECTION('',(0.,-1.,0.));
#13539 = ADVANCED_FACE('',(#13540),#13551,.T.);
#13540 = FACE_BOUND('',#13541,.T.);
#13541 = EDGE_LOOP('',(#13542,#13543,#13544,#13550));
#13542 = ORIENTED_EDGE('',*,*,#13511,.T.);
#13543 = ORIENTED_EDGE('',*,*,#6973,.T.);
#13544 = ORIENTED_EDGE('',*,*,#13545,.F.);
#13545 = EDGE_CURVE('',#1133,#6966,#13546,.T.);
#13546 = LINE('',#13547,#13548);
#13547 = CARTESIAN_POINT('',(124.533,-139.34136,0.));
#13548 = VECTOR('',#13549,1.);
#13549 = DIRECTION('',(0.,0.,1.));
#13550 = ORIENTED_EDGE('',*,*,#1140,.F.);
#13551 = PLANE('',#13552);
#13552 = AXIS2_PLACEMENT_3D('',#13553,#13554,#13555);
#13553 = CARTESIAN_POINT('',(124.533,-142.34136,0.));
#13554 = DIRECTION('',(-1.,0.,0.));
#13555 = DIRECTION('',(0.,1.,0.));
#13556 = ADVANCED_FACE('',(#13557),#13563,.T.);
#13557 = FACE_BOUND('',#13558,.T.);
#13558 = EDGE_LOOP('',(#13559,#13560,#13561,#13562));
#13559 = ORIENTED_EDGE('',*,*,#13545,.T.);
#13560 = ORIENTED_EDGE('',*,*,#6965,.T.);
#13561 = ORIENTED_EDGE('',*,*,#13526,.F.);
#13562 = ORIENTED_EDGE('',*,*,#1132,.F.);
#13563 = PLANE('',#13564);
#13564 = AXIS2_PLACEMENT_3D('',#13565,#13566,#13567);
#13565 = CARTESIAN_POINT('',(124.533,-139.34136,0.));
#13566 = DIRECTION('',(0.,-1.,0.));
#13567 = DIRECTION('',(-1.,0.,0.));
#13568 = ADVANCED_FACE('',(#13569),#13580,.F.);
#13569 = FACE_BOUND('',#13570,.T.);
#13570 = EDGE_LOOP('',(#13571,#13572,#13578,#13579));
#13571 = ORIENTED_EDGE('',*,*,#1148,.T.);
#13572 = ORIENTED_EDGE('',*,*,#13573,.T.);
#13573 = EDGE_CURVE('',#1149,#6982,#13574,.T.);
#13574 = LINE('',#13575,#13576);
#13575 = CARTESIAN_POINT('',(117.753,-136.19226,-4.6E-02));
#13576 = VECTOR('',#13577,1.);
#13577 = DIRECTION('',(0.,0.,1.));
#13578 = ORIENTED_EDGE('',*,*,#6981,.F.);
#13579 = ORIENTED_EDGE('',*,*,#13573,.F.);
#13580 = CYLINDRICAL_SURFACE('',#13581,0.8509);
#13581 = AXIS2_PLACEMENT_3D('',#13582,#13583,#13584);
#13582 = CARTESIAN_POINT('',(117.753,-135.34136,-4.6E-02));
#13583 = DIRECTION('',(-0.,-0.,-1.));
#13584 = DIRECTION('',(-0.,-1.,0.));
#13585 = ADVANCED_FACE('',(#13586),#13597,.F.);
#13586 = FACE_BOUND('',#13587,.T.);
#13587 = EDGE_LOOP('',(#13588,#13589,#13595,#13596));
#13588 = ORIENTED_EDGE('',*,*,#1159,.T.);
#13589 = ORIENTED_EDGE('',*,*,#13590,.T.);
#13590 = EDGE_CURVE('',#1160,#6993,#13591,.T.);
#13591 = LINE('',#13592,#13593);
#13592 = CARTESIAN_POINT('',(122.833,-137.33526,-4.6E-02));
#13593 = VECTOR('',#13594,1.);
#13594 = DIRECTION('',(0.,0.,1.));
#13595 = ORIENTED_EDGE('',*,*,#6992,.F.);
#13596 = ORIENTED_EDGE('',*,*,#13590,.F.);
#13597 = CYLINDRICAL_SURFACE('',#13598,1.9939);
#13598 = AXIS2_PLACEMENT_3D('',#13599,#13600,#13601);
#13599 = CARTESIAN_POINT('',(122.833,-135.34136,-4.6E-02));
#13600 = DIRECTION('',(-0.,-0.,-1.));
#13601 = DIRECTION('',(-0.,-1.,0.));
#13602 = ADVANCED_FACE('',(#13603),#13614,.F.);
#13603 = FACE_BOUND('',#13604,.T.);
#13604 = EDGE_LOOP('',(#13605,#13606,#13612,#13613));
#13605 = ORIENTED_EDGE('',*,*,#1170,.T.);
#13606 = ORIENTED_EDGE('',*,*,#13607,.T.);
#13607 = EDGE_CURVE('',#1171,#7004,#13608,.T.);
#13608 = LINE('',#13609,#13610);
#13609 = CARTESIAN_POINT('',(127.913,-136.19226,-4.6E-02));
#13610 = VECTOR('',#13611,1.);
#13611 = DIRECTION('',(0.,0.,1.));
#13612 = ORIENTED_EDGE('',*,*,#7003,.F.);
#13613 = ORIENTED_EDGE('',*,*,#13607,.F.);
#13614 = CYLINDRICAL_SURFACE('',#13615,0.8509);
#13615 = AXIS2_PLACEMENT_3D('',#13616,#13617,#13618);
#13616 = CARTESIAN_POINT('',(127.913,-135.34136,-4.6E-02));
#13617 = DIRECTION('',(-0.,-0.,-1.));
#13618 = DIRECTION('',(-1.670096922694E-14,-1.,0.));
#13619 = ADVANCED_FACE('',(#13620),#13631,.F.);
#13620 = FACE_BOUND('',#13621,.T.);
#13621 = EDGE_LOOP('',(#13622,#13623,#13629,#13630));
#13622 = ORIENTED_EDGE('',*,*,#1181,.T.);
#13623 = ORIENTED_EDGE('',*,*,#13624,.T.);
#13624 = EDGE_CURVE('',#1182,#7015,#13625,.T.);
#13625 = LINE('',#13626,#13627);
#13626 = CARTESIAN_POINT('',(137.438,-155.24226,-4.6E-02));
#13627 = VECTOR('',#13628,1.);
#13628 = DIRECTION('',(0.,0.,1.));
#13629 = ORIENTED_EDGE('',*,*,#7014,.F.);
#13630 = ORIENTED_EDGE('',*,*,#13624,.F.);
#13631 = CYLINDRICAL_SURFACE('',#13632,0.8509);
#13632 = AXIS2_PLACEMENT_3D('',#13633,#13634,#13635);
#13633 = CARTESIAN_POINT('',(137.438,-154.39136,-4.6E-02));
#13634 = DIRECTION('',(-0.,-0.,-1.));
#13635 = DIRECTION('',(-0.,-1.,0.));
#13636 = ADVANCED_FACE('',(#13637),#13648,.F.);
#13637 = FACE_BOUND('',#13638,.T.);
#13638 = EDGE_LOOP('',(#13639,#13640,#13646,#13647));
#13639 = ORIENTED_EDGE('',*,*,#1192,.T.);
#13640 = ORIENTED_EDGE('',*,*,#13641,.T.);
#13641 = EDGE_CURVE('',#1193,#7026,#13642,.T.);
#13642 = LINE('',#13643,#13644);
#13643 = CARTESIAN_POINT('',(146.328,-155.24226,-4.6E-02));
#13644 = VECTOR('',#13645,1.);
#13645 = DIRECTION('',(0.,0.,1.));
#13646 = ORIENTED_EDGE('',*,*,#7025,.F.);
#13647 = ORIENTED_EDGE('',*,*,#13641,.F.);
#13648 = CYLINDRICAL_SURFACE('',#13649,0.8509);
#13649 = AXIS2_PLACEMENT_3D('',#13650,#13651,#13652);
#13650 = CARTESIAN_POINT('',(146.328,-154.39136,-4.6E-02));
#13651 = DIRECTION('',(-0.,-0.,-1.));
#13652 = DIRECTION('',(-0.,-1.,0.));
#13653 = ADVANCED_FACE('',(#13654),#13665,.F.);
#13654 = FACE_BOUND('',#13655,.T.);
#13655 = EDGE_LOOP('',(#13656,#13657,#13663,#13664));
#13656 = ORIENTED_EDGE('',*,*,#1203,.T.);
#13657 = ORIENTED_EDGE('',*,*,#13658,.T.);
#13658 = EDGE_CURVE('',#1204,#7037,#13659,.T.);
#13659 = LINE('',#13660,#13661);
#13660 = CARTESIAN_POINT('',(151.408,-156.38526,-4.6E-02));
#13661 = VECTOR('',#13662,1.);
#13662 = DIRECTION('',(0.,0.,1.));
#13663 = ORIENTED_EDGE('',*,*,#7036,.F.);
#13664 = ORIENTED_EDGE('',*,*,#13658,.F.);
#13665 = CYLINDRICAL_SURFACE('',#13666,1.9939);
#13666 = AXIS2_PLACEMENT_3D('',#13667,#13668,#13669);
#13667 = CARTESIAN_POINT('',(151.408,-154.39136,-4.6E-02));
#13668 = DIRECTION('',(-0.,-0.,-1.));
#13669 = DIRECTION('',(-1.425433042299E-14,-1.,0.));
#13670 = ADVANCED_FACE('',(#13671),#13682,.F.);
#13671 = FACE_BOUND('',#13672,.T.);
#13672 = EDGE_LOOP('',(#13673,#13674,#13680,#13681));
#13673 = ORIENTED_EDGE('',*,*,#1214,.T.);
#13674 = ORIENTED_EDGE('',*,*,#13675,.T.);
#13675 = EDGE_CURVE('',#1215,#7048,#13676,.T.);
#13676 = LINE('',#13677,#13678);
#13677 = CARTESIAN_POINT('',(156.488,-155.24226,-4.6E-02));
#13678 = VECTOR('',#13679,1.);
#13679 = DIRECTION('',(0.,0.,1.));
#13680 = ORIENTED_EDGE('',*,*,#7047,.F.);
#13681 = ORIENTED_EDGE('',*,*,#13675,.F.);
#13682 = CYLINDRICAL_SURFACE('',#13683,0.8509);
#13683 = AXIS2_PLACEMENT_3D('',#13684,#13685,#13686);
#13684 = CARTESIAN_POINT('',(156.488,-154.39136,-4.6E-02));
#13685 = DIRECTION('',(-0.,-0.,-1.));
#13686 = DIRECTION('',(-0.,-1.,0.));
#13687 = ADVANCED_FACE('',(#13688),#13699,.F.);
#13688 = FACE_BOUND('',#13689,.T.);
#13689 = EDGE_LOOP('',(#13690,#13691,#13697,#13698));
#13690 = ORIENTED_EDGE('',*,*,#1225,.T.);
#13691 = ORIENTED_EDGE('',*,*,#13692,.T.);
#13692 = EDGE_CURVE('',#1226,#7059,#13693,.T.);
#13693 = LINE('',#13694,#13695);
#13694 = CARTESIAN_POINT('',(165.378,-155.24226,-4.6E-02));
#13695 = VECTOR('',#13696,1.);
#13696 = DIRECTION('',(0.,0.,1.));
#13697 = ORIENTED_EDGE('',*,*,#7058,.F.);
#13698 = ORIENTED_EDGE('',*,*,#13692,.F.);
#13699 = CYLINDRICAL_SURFACE('',#13700,0.8509);
#13700 = AXIS2_PLACEMENT_3D('',#13701,#13702,#13703);
#13701 = CARTESIAN_POINT('',(165.378,-154.39136,-4.6E-02));
#13702 = DIRECTION('',(-0.,-0.,-1.));
#13703 = DIRECTION('',(-0.,-1.,0.));
#13704 = ADVANCED_FACE('',(#13705),#13716,.F.);
#13705 = FACE_BOUND('',#13706,.T.);
#13706 = EDGE_LOOP('',(#13707,#13708,#13714,#13715));
#13707 = ORIENTED_EDGE('',*,*,#1236,.T.);
#13708 = ORIENTED_EDGE('',*,*,#13709,.T.);
#13709 = EDGE_CURVE('',#1237,#7070,#13710,.T.);
#13710 = LINE('',#13711,#13712);
#13711 = CARTESIAN_POINT('',(147.598,-153.35136,-4.6E-02));
#13712 = VECTOR('',#13713,1.);
#13713 = DIRECTION('',(0.,0.,1.));
#13714 = ORIENTED_EDGE('',*,*,#7069,.F.);
#13715 = ORIENTED_EDGE('',*,*,#13709,.F.);
#13716 = CYLINDRICAL_SURFACE('',#13717,1.5);
#13717 = AXIS2_PLACEMENT_3D('',#13718,#13719,#13720);
#13718 = CARTESIAN_POINT('',(147.598,-151.85136,-4.6E-02));
#13719 = DIRECTION('',(-0.,-0.,-1.));
#13720 = DIRECTION('',(-0.,-1.,0.));
#13721 = ADVANCED_FACE('',(#13722),#13733,.F.);
#13722 = FACE_BOUND('',#13723,.T.);
#13723 = EDGE_LOOP('',(#13724,#13725,#13731,#13732));
#13724 = ORIENTED_EDGE('',*,*,#1247,.T.);
#13725 = ORIENTED_EDGE('',*,*,#13726,.T.);
#13726 = EDGE_CURVE('',#1248,#7081,#13727,.T.);
#13727 = LINE('',#13728,#13729);
#13728 = CARTESIAN_POINT('',(134.898,-150.81136,-4.6E-02));
#13729 = VECTOR('',#13730,1.);
#13730 = DIRECTION('',(0.,0.,1.));
#13731 = ORIENTED_EDGE('',*,*,#7080,.F.);
#13732 = ORIENTED_EDGE('',*,*,#13726,.F.);
#13733 = CYLINDRICAL_SURFACE('',#13734,1.5);
#13734 = AXIS2_PLACEMENT_3D('',#13735,#13736,#13737);
#13735 = CARTESIAN_POINT('',(134.898,-149.31136,-4.6E-02));
#13736 = DIRECTION('',(-0.,-0.,-1.));
#13737 = DIRECTION('',(-0.,-1.,0.));
#13738 = ADVANCED_FACE('',(#13739),#13750,.F.);
#13739 = FACE_BOUND('',#13740,.T.);
#13740 = EDGE_LOOP('',(#13741,#13742,#13748,#13749));
#13741 = ORIENTED_EDGE('',*,*,#1258,.T.);
#13742 = ORIENTED_EDGE('',*,*,#13743,.T.);
#13743 = EDGE_CURVE('',#1259,#7092,#13744,.T.);
#13744 = LINE('',#13745,#13746);
#13745 = CARTESIAN_POINT('',(166.648,-153.35136,-4.6E-02));
#13746 = VECTOR('',#13747,1.);
#13747 = DIRECTION('',(0.,0.,1.));
#13748 = ORIENTED_EDGE('',*,*,#7091,.F.);
#13749 = ORIENTED_EDGE('',*,*,#13743,.F.);
#13750 = CYLINDRICAL_SURFACE('',#13751,1.5);
#13751 = AXIS2_PLACEMENT_3D('',#13752,#13753,#13754);
#13752 = CARTESIAN_POINT('',(166.648,-151.85136,-4.6E-02));
#13753 = DIRECTION('',(-0.,-0.,-1.));
#13754 = DIRECTION('',(-0.,-1.,0.));
#13755 = ADVANCED_FACE('',(#13756),#13767,.F.);
#13756 = FACE_BOUND('',#13757,.T.);
#13757 = EDGE_LOOP('',(#13758,#13759,#13765,#13766));
#13758 = ORIENTED_EDGE('',*,*,#1269,.T.);
#13759 = ORIENTED_EDGE('',*,*,#13760,.T.);
#13760 = EDGE_CURVE('',#1270,#7103,#13761,.T.);
#13761 = LINE('',#13762,#13763);
#13762 = CARTESIAN_POINT('',(153.948,-150.81136,-4.6E-02));
#13763 = VECTOR('',#13764,1.);
#13764 = DIRECTION('',(0.,0.,1.));
#13765 = ORIENTED_EDGE('',*,*,#7102,.F.);
#13766 = ORIENTED_EDGE('',*,*,#13760,.F.);
#13767 = CYLINDRICAL_SURFACE('',#13768,1.5);
#13768 = AXIS2_PLACEMENT_3D('',#13769,#13770,#13771);
#13769 = CARTESIAN_POINT('',(153.948,-149.31136,-4.6E-02));
#13770 = DIRECTION('',(-0.,-0.,-1.));
#13771 = DIRECTION('',(-0.,-1.,0.));
#13772 = ADVANCED_FACE('',(#13773),#13784,.F.);
#13773 = FACE_BOUND('',#13774,.T.);
#13774 = EDGE_LOOP('',(#13775,#13776,#13782,#13783));
#13775 = ORIENTED_EDGE('',*,*,#1280,.T.);
#13776 = ORIENTED_EDGE('',*,*,#13777,.T.);
#13777 = EDGE_CURVE('',#1281,#7114,#13778,.T.);
#13778 = LINE('',#13779,#13780);
#13779 = CARTESIAN_POINT('',(170.458,-156.38526,-4.6E-02));
#13780 = VECTOR('',#13781,1.);
#13781 = DIRECTION('',(0.,0.,1.));
#13782 = ORIENTED_EDGE('',*,*,#7113,.F.);
#13783 = ORIENTED_EDGE('',*,*,#13777,.F.);
#13784 = CYLINDRICAL_SURFACE('',#13785,1.9939);
#13785 = AXIS2_PLACEMENT_3D('',#13786,#13787,#13788);
#13786 = CARTESIAN_POINT('',(170.458,-154.39136,-4.6E-02));
#13787 = DIRECTION('',(-0.,-0.,-1.));
#13788 = DIRECTION('',(-0.,-1.,0.));
#13789 = ADVANCED_FACE('',(#13790),#13801,.F.);
#13790 = FACE_BOUND('',#13791,.T.);
#13791 = EDGE_LOOP('',(#13792,#13793,#13799,#13800));
#13792 = ORIENTED_EDGE('',*,*,#1291,.T.);
#13793 = ORIENTED_EDGE('',*,*,#13794,.T.);
#13794 = EDGE_CURVE('',#1292,#7125,#13795,.T.);
#13795 = LINE('',#13796,#13797);
#13796 = CARTESIAN_POINT('',(175.538,-155.24226,-4.6E-02));
#13797 = VECTOR('',#13798,1.);
#13798 = DIRECTION('',(0.,0.,1.));
#13799 = ORIENTED_EDGE('',*,*,#7124,.F.);
#13800 = ORIENTED_EDGE('',*,*,#13794,.F.);
#13801 = CYLINDRICAL_SURFACE('',#13802,0.8509);
#13802 = AXIS2_PLACEMENT_3D('',#13803,#13804,#13805);
#13803 = CARTESIAN_POINT('',(175.538,-154.39136,-4.6E-02));
#13804 = DIRECTION('',(-0.,-0.,-1.));
#13805 = DIRECTION('',(-0.,-1.,0.));
#13806 = ADVANCED_FACE('',(#13807),#13818,.F.);
#13807 = FACE_BOUND('',#13808,.T.);
#13808 = EDGE_LOOP('',(#13809,#13810,#13816,#13817));
#13809 = ORIENTED_EDGE('',*,*,#1302,.T.);
#13810 = ORIENTED_EDGE('',*,*,#13811,.T.);
#13811 = EDGE_CURVE('',#1303,#7136,#13812,.T.);
#13812 = LINE('',#13813,#13814);
#13813 = CARTESIAN_POINT('',(184.428,-155.24226,-4.6E-02));
#13814 = VECTOR('',#13815,1.);
#13815 = DIRECTION('',(0.,0.,1.));
#13816 = ORIENTED_EDGE('',*,*,#7135,.F.);
#13817 = ORIENTED_EDGE('',*,*,#13811,.F.);
#13818 = CYLINDRICAL_SURFACE('',#13819,0.8509);
#13819 = AXIS2_PLACEMENT_3D('',#13820,#13821,#13822);
#13820 = CARTESIAN_POINT('',(184.428,-154.39136,-4.6E-02));
#13821 = DIRECTION('',(-0.,-0.,-1.));
#13822 = DIRECTION('',(-0.,-1.,0.));
#13823 = ADVANCED_FACE('',(#13824),#13835,.F.);
#13824 = FACE_BOUND('',#13825,.T.);
#13825 = EDGE_LOOP('',(#13826,#13827,#13833,#13834));
#13826 = ORIENTED_EDGE('',*,*,#1313,.T.);
#13827 = ORIENTED_EDGE('',*,*,#13828,.T.);
#13828 = EDGE_CURVE('',#1314,#7147,#13829,.T.);
#13829 = LINE('',#13830,#13831);
#13830 = CARTESIAN_POINT('',(189.508,-156.38526,-4.6E-02));
#13831 = VECTOR('',#13832,1.);
#13832 = DIRECTION('',(0.,0.,1.));
#13833 = ORIENTED_EDGE('',*,*,#7146,.F.);
#13834 = ORIENTED_EDGE('',*,*,#13828,.F.);
#13835 = CYLINDRICAL_SURFACE('',#13836,1.9939);
#13836 = AXIS2_PLACEMENT_3D('',#13837,#13838,#13839);
#13837 = CARTESIAN_POINT('',(189.508,-154.39136,-4.6E-02));
#13838 = DIRECTION('',(-0.,-0.,-1.));
#13839 = DIRECTION('',(-0.,-1.,0.));
#13840 = ADVANCED_FACE('',(#13841),#13852,.F.);
#13841 = FACE_BOUND('',#13842,.T.);
#13842 = EDGE_LOOP('',(#13843,#13844,#13850,#13851));
#13843 = ORIENTED_EDGE('',*,*,#1324,.T.);
#13844 = ORIENTED_EDGE('',*,*,#13845,.T.);
#13845 = EDGE_CURVE('',#1325,#7158,#13846,.T.);
#13846 = LINE('',#13847,#13848);
#13847 = CARTESIAN_POINT('',(194.588,-155.24226,-4.6E-02));
#13848 = VECTOR('',#13849,1.);
#13849 = DIRECTION('',(0.,0.,1.));
#13850 = ORIENTED_EDGE('',*,*,#7157,.F.);
#13851 = ORIENTED_EDGE('',*,*,#13845,.F.);
#13852 = CYLINDRICAL_SURFACE('',#13853,0.8509);
#13853 = AXIS2_PLACEMENT_3D('',#13854,#13855,#13856);
#13854 = CARTESIAN_POINT('',(194.588,-154.39136,-4.6E-02));
#13855 = DIRECTION('',(-0.,-0.,-1.));
#13856 = DIRECTION('',(-0.,-1.,0.));
#13857 = ADVANCED_FACE('',(#13858),#13869,.F.);
#13858 = FACE_BOUND('',#13859,.T.);
#13859 = EDGE_LOOP('',(#13860,#13861,#13867,#13868));
#13860 = ORIENTED_EDGE('',*,*,#1335,.T.);
#13861 = ORIENTED_EDGE('',*,*,#13862,.T.);
#13862 = EDGE_CURVE('',#1336,#7169,#13863,.T.);
#13863 = LINE('',#13864,#13865);
#13864 = CARTESIAN_POINT('',(185.698,-153.35136,-4.6E-02));
#13865 = VECTOR('',#13866,1.);
#13866 = DIRECTION('',(0.,0.,1.));
#13867 = ORIENTED_EDGE('',*,*,#7168,.F.);
#13868 = ORIENTED_EDGE('',*,*,#13862,.F.);
#13869 = CYLINDRICAL_SURFACE('',#13870,1.5);
#13870 = AXIS2_PLACEMENT_3D('',#13871,#13872,#13873);
#13871 = CARTESIAN_POINT('',(185.698,-151.85136,-4.6E-02));
#13872 = DIRECTION('',(-0.,-0.,-1.));
#13873 = DIRECTION('',(-0.,-1.,0.));
#13874 = ADVANCED_FACE('',(#13875),#13886,.F.);
#13875 = FACE_BOUND('',#13876,.T.);
#13876 = EDGE_LOOP('',(#13877,#13878,#13884,#13885));
#13877 = ORIENTED_EDGE('',*,*,#1346,.T.);
#13878 = ORIENTED_EDGE('',*,*,#13879,.T.);
#13879 = EDGE_CURVE('',#1347,#7180,#13880,.T.);
#13880 = LINE('',#13881,#13882);
#13881 = CARTESIAN_POINT('',(172.998,-150.81136,-4.6E-02));
#13882 = VECTOR('',#13883,1.);
#13883 = DIRECTION('',(0.,0.,1.));
#13884 = ORIENTED_EDGE('',*,*,#7179,.F.);
#13885 = ORIENTED_EDGE('',*,*,#13879,.F.);
#13886 = CYLINDRICAL_SURFACE('',#13887,1.5);
#13887 = AXIS2_PLACEMENT_3D('',#13888,#13889,#13890);
#13888 = CARTESIAN_POINT('',(172.998,-149.31136,-4.6E-02));
#13889 = DIRECTION('',(-0.,-0.,-1.));
#13890 = DIRECTION('',(-0.,-1.,0.));
#13891 = ADVANCED_FACE('',(#13892),#13903,.F.);
#13892 = FACE_BOUND('',#13893,.T.);
#13893 = EDGE_LOOP('',(#13894,#13895,#13901,#13902));
#13894 = ORIENTED_EDGE('',*,*,#1357,.T.);
#13895 = ORIENTED_EDGE('',*,*,#13896,.T.);
#13896 = EDGE_CURVE('',#1358,#7191,#13897,.T.);
#13897 = LINE('',#13898,#13899);
#13898 = CARTESIAN_POINT('',(192.048,-150.81136,-4.6E-02));
#13899 = VECTOR('',#13900,1.);
#13900 = DIRECTION('',(0.,0.,1.));
#13901 = ORIENTED_EDGE('',*,*,#7190,.F.);
#13902 = ORIENTED_EDGE('',*,*,#13896,.F.);
#13903 = CYLINDRICAL_SURFACE('',#13904,1.5);
#13904 = AXIS2_PLACEMENT_3D('',#13905,#13906,#13907);
#13905 = CARTESIAN_POINT('',(192.048,-149.31136,-4.6E-02));
#13906 = DIRECTION('',(-0.,-0.,-1.));
#13907 = DIRECTION('',(-0.,-1.,0.));
#13908 = ADVANCED_FACE('',(#13909),#13925,.T.);
#13909 = FACE_BOUND('',#13910,.T.);
#13910 = EDGE_LOOP('',(#13911,#13917,#13918,#13924));
#13911 = ORIENTED_EDGE('',*,*,#13912,.T.);
#13912 = EDGE_CURVE('',#1369,#7202,#13913,.T.);
#13913 = LINE('',#13914,#13915);
#13914 = CARTESIAN_POINT('',(140.183,-142.34136,0.));
#13915 = VECTOR('',#13916,1.);
#13916 = DIRECTION('',(0.,0.,1.));
#13917 = ORIENTED_EDGE('',*,*,#7201,.T.);
#13918 = ORIENTED_EDGE('',*,*,#13919,.F.);
#13919 = EDGE_CURVE('',#1371,#7204,#13920,.T.);
#13920 = LINE('',#13921,#13922);
#13921 = CARTESIAN_POINT('',(143.583,-142.34136,0.));
#13922 = VECTOR('',#13923,1.);
#13923 = DIRECTION('',(0.,0.,1.));
#13924 = ORIENTED_EDGE('',*,*,#1368,.F.);
#13925 = PLANE('',#13926);
#13926 = AXIS2_PLACEMENT_3D('',#13927,#13928,#13929);
#13927 = CARTESIAN_POINT('',(140.183,-142.34136,0.));
#13928 = DIRECTION('',(0.,1.,0.));
#13929 = DIRECTION('',(1.,0.,0.));
#13930 = ADVANCED_FACE('',(#13931),#13942,.T.);
#13931 = FACE_BOUND('',#13932,.T.);
#13932 = EDGE_LOOP('',(#13933,#13939,#13940,#13941));
#13933 = ORIENTED_EDGE('',*,*,#13934,.T.);
#13934 = EDGE_CURVE('',#1379,#7212,#13935,.T.);
#13935 = LINE('',#13936,#13937);
#13936 = CARTESIAN_POINT('',(140.183,-139.34136,0.));
#13937 = VECTOR('',#13938,1.);
#13938 = DIRECTION('',(0.,0.,1.));
#13939 = ORIENTED_EDGE('',*,*,#7211,.T.);
#13940 = ORIENTED_EDGE('',*,*,#13912,.F.);
#13941 = ORIENTED_EDGE('',*,*,#1378,.F.);
#13942 = PLANE('',#13943);
#13943 = AXIS2_PLACEMENT_3D('',#13944,#13945,#13946);
#13944 = CARTESIAN_POINT('',(140.183,-139.34136,0.));
#13945 = DIRECTION('',(1.,0.,-0.));
#13946 = DIRECTION('',(0.,-1.,0.));
#13947 = ADVANCED_FACE('',(#13948),#13959,.T.);
#13948 = FACE_BOUND('',#13949,.T.);
#13949 = EDGE_LOOP('',(#13950,#13951,#13952,#13958));
#13950 = ORIENTED_EDGE('',*,*,#13919,.T.);
#13951 = ORIENTED_EDGE('',*,*,#7227,.T.);
#13952 = ORIENTED_EDGE('',*,*,#13953,.F.);
#13953 = EDGE_CURVE('',#1387,#7220,#13954,.T.);
#13954 = LINE('',#13955,#13956);
#13955 = CARTESIAN_POINT('',(143.583,-139.34136,0.));
#13956 = VECTOR('',#13957,1.);
#13957 = DIRECTION('',(0.,0.,1.));
#13958 = ORIENTED_EDGE('',*,*,#1394,.F.);
#13959 = PLANE('',#13960);
#13960 = AXIS2_PLACEMENT_3D('',#13961,#13962,#13963);
#13961 = CARTESIAN_POINT('',(143.583,-142.34136,0.));
#13962 = DIRECTION('',(-1.,0.,0.));
#13963 = DIRECTION('',(0.,1.,0.));
#13964 = ADVANCED_FACE('',(#13965),#13971,.T.);
#13965 = FACE_BOUND('',#13966,.T.);
#13966 = EDGE_LOOP('',(#13967,#13968,#13969,#13970));
#13967 = ORIENTED_EDGE('',*,*,#13953,.T.);
#13968 = ORIENTED_EDGE('',*,*,#7219,.T.);
#13969 = ORIENTED_EDGE('',*,*,#13934,.F.);
#13970 = ORIENTED_EDGE('',*,*,#1386,.F.);
#13971 = PLANE('',#13972);
#13972 = AXIS2_PLACEMENT_3D('',#13973,#13974,#13975);
#13973 = CARTESIAN_POINT('',(143.583,-139.34136,0.));
#13974 = DIRECTION('',(0.,-1.,0.));
#13975 = DIRECTION('',(-1.,0.,0.));
#13976 = ADVANCED_FACE('',(#13977),#13988,.F.);
#13977 = FACE_BOUND('',#13978,.T.);
#13978 = EDGE_LOOP('',(#13979,#13980,#13986,#13987));
#13979 = ORIENTED_EDGE('',*,*,#1402,.T.);
#13980 = ORIENTED_EDGE('',*,*,#13981,.T.);
#13981 = EDGE_CURVE('',#1403,#7236,#13982,.T.);
#13982 = LINE('',#13983,#13984);
#13983 = CARTESIAN_POINT('',(136.803,-136.19226,-4.6E-02));
#13984 = VECTOR('',#13985,1.);
#13985 = DIRECTION('',(0.,0.,1.));
#13986 = ORIENTED_EDGE('',*,*,#7235,.F.);
#13987 = ORIENTED_EDGE('',*,*,#13981,.F.);
#13988 = CYLINDRICAL_SURFACE('',#13989,0.8509);
#13989 = AXIS2_PLACEMENT_3D('',#13990,#13991,#13992);
#13990 = CARTESIAN_POINT('',(136.803,-135.34136,-4.6E-02));
#13991 = DIRECTION('',(-0.,-0.,-1.));
#13992 = DIRECTION('',(-0.,-1.,0.));
#13993 = ADVANCED_FACE('',(#13994),#14005,.F.);
#13994 = FACE_BOUND('',#13995,.T.);
#13995 = EDGE_LOOP('',(#13996,#13997,#14003,#14004));
#13996 = ORIENTED_EDGE('',*,*,#1413,.T.);
#13997 = ORIENTED_EDGE('',*,*,#13998,.T.);
#13998 = EDGE_CURVE('',#1414,#7247,#13999,.T.);
#13999 = LINE('',#14000,#14001);
#14000 = CARTESIAN_POINT('',(141.883,-137.33526,-4.6E-02));
#14001 = VECTOR('',#14002,1.);
#14002 = DIRECTION('',(0.,0.,1.));
#14003 = ORIENTED_EDGE('',*,*,#7246,.F.);
#14004 = ORIENTED_EDGE('',*,*,#13998,.F.);
#14005 = CYLINDRICAL_SURFACE('',#14006,1.9939);
#14006 = AXIS2_PLACEMENT_3D('',#14007,#14008,#14009);
#14007 = CARTESIAN_POINT('',(141.883,-135.34136,-4.6E-02));
#14008 = DIRECTION('',(-0.,-0.,-1.));
#14009 = DIRECTION('',(-0.,-1.,0.));
#14010 = ADVANCED_FACE('',(#14011),#14022,.F.);
#14011 = FACE_BOUND('',#14012,.T.);
#14012 = EDGE_LOOP('',(#14013,#14014,#14020,#14021));
#14013 = ORIENTED_EDGE('',*,*,#1424,.T.);
#14014 = ORIENTED_EDGE('',*,*,#14015,.T.);
#14015 = EDGE_CURVE('',#1425,#7258,#14016,.T.);
#14016 = LINE('',#14017,#14018);
#14017 = CARTESIAN_POINT('',(146.963,-136.19226,-4.6E-02));
#14018 = VECTOR('',#14019,1.);
#14019 = DIRECTION('',(0.,0.,1.));
#14020 = ORIENTED_EDGE('',*,*,#7257,.F.);
#14021 = ORIENTED_EDGE('',*,*,#14015,.F.);
#14022 = CYLINDRICAL_SURFACE('',#14023,0.8509);
#14023 = AXIS2_PLACEMENT_3D('',#14024,#14025,#14026);
#14024 = CARTESIAN_POINT('',(146.963,-135.34136,-4.6E-02));
#14025 = DIRECTION('',(-0.,-0.,-1.));
#14026 = DIRECTION('',(-0.,-1.,0.));
#14027 = ADVANCED_FACE('',(#14028),#14044,.T.);
#14028 = FACE_BOUND('',#14029,.T.);
#14029 = EDGE_LOOP('',(#14030,#14036,#14037,#14043));
#14030 = ORIENTED_EDGE('',*,*,#14031,.T.);
#14031 = EDGE_CURVE('',#1436,#7269,#14032,.T.);
#14032 = LINE('',#14033,#14034);
#14033 = CARTESIAN_POINT('',(159.233,-142.34136,0.));
#14034 = VECTOR('',#14035,1.);
#14035 = DIRECTION('',(0.,0.,1.));
#14036 = ORIENTED_EDGE('',*,*,#7268,.T.);
#14037 = ORIENTED_EDGE('',*,*,#14038,.F.);
#14038 = EDGE_CURVE('',#1438,#7271,#14039,.T.);
#14039 = LINE('',#14040,#14041);
#14040 = CARTESIAN_POINT('',(162.633,-142.34136,0.));
#14041 = VECTOR('',#14042,1.);
#14042 = DIRECTION('',(0.,0.,1.));
#14043 = ORIENTED_EDGE('',*,*,#1435,.F.);
#14044 = PLANE('',#14045);
#14045 = AXIS2_PLACEMENT_3D('',#14046,#14047,#14048);
#14046 = CARTESIAN_POINT('',(159.233,-142.34136,0.));
#14047 = DIRECTION('',(0.,1.,0.));
#14048 = DIRECTION('',(1.,0.,0.));
#14049 = ADVANCED_FACE('',(#14050),#14061,.T.);
#14050 = FACE_BOUND('',#14051,.T.);
#14051 = EDGE_LOOP('',(#14052,#14058,#14059,#14060));
#14052 = ORIENTED_EDGE('',*,*,#14053,.T.);
#14053 = EDGE_CURVE('',#1446,#7279,#14054,.T.);
#14054 = LINE('',#14055,#14056);
#14055 = CARTESIAN_POINT('',(159.233,-139.34136,0.));
#14056 = VECTOR('',#14057,1.);
#14057 = DIRECTION('',(0.,0.,1.));
#14058 = ORIENTED_EDGE('',*,*,#7278,.T.);
#14059 = ORIENTED_EDGE('',*,*,#14031,.F.);
#14060 = ORIENTED_EDGE('',*,*,#1445,.F.);
#14061 = PLANE('',#14062);
#14062 = AXIS2_PLACEMENT_3D('',#14063,#14064,#14065);
#14063 = CARTESIAN_POINT('',(159.233,-139.34136,0.));
#14064 = DIRECTION('',(1.,0.,-0.));
#14065 = DIRECTION('',(0.,-1.,0.));
#14066 = ADVANCED_FACE('',(#14067),#14078,.T.);
#14067 = FACE_BOUND('',#14068,.T.);
#14068 = EDGE_LOOP('',(#14069,#14070,#14071,#14077));
#14069 = ORIENTED_EDGE('',*,*,#14038,.T.);
#14070 = ORIENTED_EDGE('',*,*,#7294,.T.);
#14071 = ORIENTED_EDGE('',*,*,#14072,.F.);
#14072 = EDGE_CURVE('',#1454,#7287,#14073,.T.);
#14073 = LINE('',#14074,#14075);
#14074 = CARTESIAN_POINT('',(162.633,-139.34136,0.));
#14075 = VECTOR('',#14076,1.);
#14076 = DIRECTION('',(0.,0.,1.));
#14077 = ORIENTED_EDGE('',*,*,#1461,.F.);
#14078 = PLANE('',#14079);
#14079 = AXIS2_PLACEMENT_3D('',#14080,#14081,#14082);
#14080 = CARTESIAN_POINT('',(162.633,-142.34136,0.));
#14081 = DIRECTION('',(-1.,0.,0.));
#14082 = DIRECTION('',(0.,1.,0.));
#14083 = ADVANCED_FACE('',(#14084),#14090,.T.);
#14084 = FACE_BOUND('',#14085,.T.);
#14085 = EDGE_LOOP('',(#14086,#14087,#14088,#14089));
#14086 = ORIENTED_EDGE('',*,*,#14072,.T.);
#14087 = ORIENTED_EDGE('',*,*,#7286,.T.);
#14088 = ORIENTED_EDGE('',*,*,#14053,.F.);
#14089 = ORIENTED_EDGE('',*,*,#1453,.F.);
#14090 = PLANE('',#14091);
#14091 = AXIS2_PLACEMENT_3D('',#14092,#14093,#14094);
#14092 = CARTESIAN_POINT('',(162.633,-139.34136,0.));
#14093 = DIRECTION('',(0.,-1.,0.));
#14094 = DIRECTION('',(-1.,0.,0.));
#14095 = ADVANCED_FACE('',(#14096),#14107,.F.);
#14096 = FACE_BOUND('',#14097,.T.);
#14097 = EDGE_LOOP('',(#14098,#14099,#14105,#14106));
#14098 = ORIENTED_EDGE('',*,*,#1469,.T.);
#14099 = ORIENTED_EDGE('',*,*,#14100,.T.);
#14100 = EDGE_CURVE('',#1470,#7303,#14101,.T.);
#14101 = LINE('',#14102,#14103);
#14102 = CARTESIAN_POINT('',(155.853,-136.19226,-4.6E-02));
#14103 = VECTOR('',#14104,1.);
#14104 = DIRECTION('',(0.,0.,1.));
#14105 = ORIENTED_EDGE('',*,*,#7302,.F.);
#14106 = ORIENTED_EDGE('',*,*,#14100,.F.);
#14107 = CYLINDRICAL_SURFACE('',#14108,0.8509);
#14108 = AXIS2_PLACEMENT_3D('',#14109,#14110,#14111);
#14109 = CARTESIAN_POINT('',(155.853,-135.34136,-4.6E-02));
#14110 = DIRECTION('',(-0.,-0.,-1.));
#14111 = DIRECTION('',(-0.,-1.,0.));
#14112 = ADVANCED_FACE('',(#14113),#14124,.F.);
#14113 = FACE_BOUND('',#14114,.T.);
#14114 = EDGE_LOOP('',(#14115,#14116,#14122,#14123));
#14115 = ORIENTED_EDGE('',*,*,#1480,.T.);
#14116 = ORIENTED_EDGE('',*,*,#14117,.T.);
#14117 = EDGE_CURVE('',#1481,#7314,#14118,.T.);
#14118 = LINE('',#14119,#14120);
#14119 = CARTESIAN_POINT('',(160.933,-137.33526,-4.6E-02));
#14120 = VECTOR('',#14121,1.);
#14121 = DIRECTION('',(0.,0.,1.));
#14122 = ORIENTED_EDGE('',*,*,#7313,.F.);
#14123 = ORIENTED_EDGE('',*,*,#14117,.F.);
#14124 = CYLINDRICAL_SURFACE('',#14125,1.9939);
#14125 = AXIS2_PLACEMENT_3D('',#14126,#14127,#14128);
#14126 = CARTESIAN_POINT('',(160.933,-135.34136,-4.6E-02));
#14127 = DIRECTION('',(-0.,-0.,-1.));
#14128 = DIRECTION('',(-0.,-1.,0.));
#14129 = ADVANCED_FACE('',(#14130),#14141,.F.);
#14130 = FACE_BOUND('',#14131,.T.);
#14131 = EDGE_LOOP('',(#14132,#14133,#14139,#14140));
#14132 = ORIENTED_EDGE('',*,*,#1491,.T.);
#14133 = ORIENTED_EDGE('',*,*,#14134,.T.);
#14134 = EDGE_CURVE('',#1492,#7325,#14135,.T.);
#14135 = LINE('',#14136,#14137);
#14136 = CARTESIAN_POINT('',(166.013,-136.19226,-4.6E-02));
#14137 = VECTOR('',#14138,1.);
#14138 = DIRECTION('',(0.,0.,1.));
#14139 = ORIENTED_EDGE('',*,*,#7324,.F.);
#14140 = ORIENTED_EDGE('',*,*,#14134,.F.);
#14141 = CYLINDRICAL_SURFACE('',#14142,0.8509);
#14142 = AXIS2_PLACEMENT_3D('',#14143,#14144,#14145);
#14143 = CARTESIAN_POINT('',(166.013,-135.34136,-4.6E-02));
#14144 = DIRECTION('',(-0.,-0.,-1.));
#14145 = DIRECTION('',(-0.,-1.,0.));
#14146 = ADVANCED_FACE('',(#14147),#14163,.T.);
#14147 = FACE_BOUND('',#14148,.T.);
#14148 = EDGE_LOOP('',(#14149,#14155,#14156,#14162));
#14149 = ORIENTED_EDGE('',*,*,#14150,.T.);
#14150 = EDGE_CURVE('',#1503,#7336,#14151,.T.);
#14151 = LINE('',#14152,#14153);
#14152 = CARTESIAN_POINT('',(178.283,-142.34136,0.));
#14153 = VECTOR('',#14154,1.);
#14154 = DIRECTION('',(0.,0.,1.));
#14155 = ORIENTED_EDGE('',*,*,#7335,.T.);
#14156 = ORIENTED_EDGE('',*,*,#14157,.F.);
#14157 = EDGE_CURVE('',#1505,#7338,#14158,.T.);
#14158 = LINE('',#14159,#14160);
#14159 = CARTESIAN_POINT('',(181.683,-142.34136,0.));
#14160 = VECTOR('',#14161,1.);
#14161 = DIRECTION('',(0.,0.,1.));
#14162 = ORIENTED_EDGE('',*,*,#1502,.F.);
#14163 = PLANE('',#14164);
#14164 = AXIS2_PLACEMENT_3D('',#14165,#14166,#14167);
#14165 = CARTESIAN_POINT('',(178.283,-142.34136,0.));
#14166 = DIRECTION('',(0.,1.,0.));
#14167 = DIRECTION('',(1.,0.,0.));
#14168 = ADVANCED_FACE('',(#14169),#14180,.T.);
#14169 = FACE_BOUND('',#14170,.T.);
#14170 = EDGE_LOOP('',(#14171,#14177,#14178,#14179));
#14171 = ORIENTED_EDGE('',*,*,#14172,.T.);
#14172 = EDGE_CURVE('',#1513,#7346,#14173,.T.);
#14173 = LINE('',#14174,#14175);
#14174 = CARTESIAN_POINT('',(178.283,-139.34136,0.));
#14175 = VECTOR('',#14176,1.);
#14176 = DIRECTION('',(0.,0.,1.));
#14177 = ORIENTED_EDGE('',*,*,#7345,.T.);
#14178 = ORIENTED_EDGE('',*,*,#14150,.F.);
#14179 = ORIENTED_EDGE('',*,*,#1512,.F.);
#14180 = PLANE('',#14181);
#14181 = AXIS2_PLACEMENT_3D('',#14182,#14183,#14184);
#14182 = CARTESIAN_POINT('',(178.283,-139.34136,0.));
#14183 = DIRECTION('',(1.,0.,-0.));
#14184 = DIRECTION('',(0.,-1.,0.));
#14185 = ADVANCED_FACE('',(#14186),#14197,.T.);
#14186 = FACE_BOUND('',#14187,.T.);
#14187 = EDGE_LOOP('',(#14188,#14189,#14190,#14196));
#14188 = ORIENTED_EDGE('',*,*,#14157,.T.);
#14189 = ORIENTED_EDGE('',*,*,#7361,.T.);
#14190 = ORIENTED_EDGE('',*,*,#14191,.F.);
#14191 = EDGE_CURVE('',#1521,#7354,#14192,.T.);
#14192 = LINE('',#14193,#14194);
#14193 = CARTESIAN_POINT('',(181.683,-139.34136,0.));
#14194 = VECTOR('',#14195,1.);
#14195 = DIRECTION('',(0.,0.,1.));
#14196 = ORIENTED_EDGE('',*,*,#1528,.F.);
#14197 = PLANE('',#14198);
#14198 = AXIS2_PLACEMENT_3D('',#14199,#14200,#14201);
#14199 = CARTESIAN_POINT('',(181.683,-142.34136,0.));
#14200 = DIRECTION('',(-1.,0.,0.));
#14201 = DIRECTION('',(0.,1.,0.));
#14202 = ADVANCED_FACE('',(#14203),#14209,.T.);
#14203 = FACE_BOUND('',#14204,.T.);
#14204 = EDGE_LOOP('',(#14205,#14206,#14207,#14208));
#14205 = ORIENTED_EDGE('',*,*,#14191,.T.);
#14206 = ORIENTED_EDGE('',*,*,#7353,.T.);
#14207 = ORIENTED_EDGE('',*,*,#14172,.F.);
#14208 = ORIENTED_EDGE('',*,*,#1520,.F.);
#14209 = PLANE('',#14210);
#14210 = AXIS2_PLACEMENT_3D('',#14211,#14212,#14213);
#14211 = CARTESIAN_POINT('',(181.683,-139.34136,0.));
#14212 = DIRECTION('',(0.,-1.,0.));
#14213 = DIRECTION('',(-1.,0.,0.));
#14214 = ADVANCED_FACE('',(#14215),#14226,.F.);
#14215 = FACE_BOUND('',#14216,.T.);
#14216 = EDGE_LOOP('',(#14217,#14218,#14224,#14225));
#14217 = ORIENTED_EDGE('',*,*,#1536,.T.);
#14218 = ORIENTED_EDGE('',*,*,#14219,.T.);
#14219 = EDGE_CURVE('',#1537,#7370,#14220,.T.);
#14220 = LINE('',#14221,#14222);
#14221 = CARTESIAN_POINT('',(174.903,-136.19226,-4.6E-02));
#14222 = VECTOR('',#14223,1.);
#14223 = DIRECTION('',(0.,0.,1.));
#14224 = ORIENTED_EDGE('',*,*,#7369,.F.);
#14225 = ORIENTED_EDGE('',*,*,#14219,.F.);
#14226 = CYLINDRICAL_SURFACE('',#14227,0.8509);
#14227 = AXIS2_PLACEMENT_3D('',#14228,#14229,#14230);
#14228 = CARTESIAN_POINT('',(174.903,-135.34136,-4.6E-02));
#14229 = DIRECTION('',(-0.,-0.,-1.));
#14230 = DIRECTION('',(-0.,-1.,0.));
#14231 = ADVANCED_FACE('',(#14232),#14243,.F.);
#14232 = FACE_BOUND('',#14233,.T.);
#14233 = EDGE_LOOP('',(#14234,#14235,#14241,#14242));
#14234 = ORIENTED_EDGE('',*,*,#1547,.T.);
#14235 = ORIENTED_EDGE('',*,*,#14236,.T.);
#14236 = EDGE_CURVE('',#1548,#7381,#14237,.T.);
#14237 = LINE('',#14238,#14239);
#14238 = CARTESIAN_POINT('',(179.983,-137.33526,-4.6E-02));
#14239 = VECTOR('',#14240,1.);
#14240 = DIRECTION('',(0.,0.,1.));
#14241 = ORIENTED_EDGE('',*,*,#7380,.F.);
#14242 = ORIENTED_EDGE('',*,*,#14236,.F.);
#14243 = CYLINDRICAL_SURFACE('',#14244,1.9939);
#14244 = AXIS2_PLACEMENT_3D('',#14245,#14246,#14247);
#14245 = CARTESIAN_POINT('',(179.983,-135.34136,-4.6E-02));
#14246 = DIRECTION('',(-0.,-0.,-1.));
#14247 = DIRECTION('',(-0.,-1.,0.));
#14248 = ADVANCED_FACE('',(#14249),#14265,.T.);
#14249 = FACE_BOUND('',#14250,.T.);
#14250 = EDGE_LOOP('',(#14251,#14257,#14258,#14264));
#14251 = ORIENTED_EDGE('',*,*,#14252,.T.);
#14252 = EDGE_CURVE('',#1559,#7392,#14253,.T.);
#14253 = LINE('',#14254,#14255);
#14254 = CARTESIAN_POINT('',(197.333,-142.34136,0.));
#14255 = VECTOR('',#14256,1.);
#14256 = DIRECTION('',(0.,0.,1.));
#14257 = ORIENTED_EDGE('',*,*,#7391,.T.);
#14258 = ORIENTED_EDGE('',*,*,#14259,.F.);
#14259 = EDGE_CURVE('',#1561,#7394,#14260,.T.);
#14260 = LINE('',#14261,#14262);
#14261 = CARTESIAN_POINT('',(200.733,-142.34136,0.));
#14262 = VECTOR('',#14263,1.);
#14263 = DIRECTION('',(0.,0.,1.));
#14264 = ORIENTED_EDGE('',*,*,#1558,.F.);
#14265 = PLANE('',#14266);
#14266 = AXIS2_PLACEMENT_3D('',#14267,#14268,#14269);
#14267 = CARTESIAN_POINT('',(197.333,-142.34136,0.));
#14268 = DIRECTION('',(0.,1.,0.));
#14269 = DIRECTION('',(1.,0.,0.));
#14270 = ADVANCED_FACE('',(#14271),#14282,.T.);
#14271 = FACE_BOUND('',#14272,.T.);
#14272 = EDGE_LOOP('',(#14273,#14279,#14280,#14281));
#14273 = ORIENTED_EDGE('',*,*,#14274,.T.);
#14274 = EDGE_CURVE('',#1569,#7402,#14275,.T.);
#14275 = LINE('',#14276,#14277);
#14276 = CARTESIAN_POINT('',(197.333,-139.34136,0.));
#14277 = VECTOR('',#14278,1.);
#14278 = DIRECTION('',(0.,0.,1.));
#14279 = ORIENTED_EDGE('',*,*,#7401,.T.);
#14280 = ORIENTED_EDGE('',*,*,#14252,.F.);
#14281 = ORIENTED_EDGE('',*,*,#1568,.F.);
#14282 = PLANE('',#14283);
#14283 = AXIS2_PLACEMENT_3D('',#14284,#14285,#14286);
#14284 = CARTESIAN_POINT('',(197.333,-139.34136,0.));
#14285 = DIRECTION('',(1.,0.,-0.));
#14286 = DIRECTION('',(0.,-1.,0.));
#14287 = ADVANCED_FACE('',(#14288),#14299,.T.);
#14288 = FACE_BOUND('',#14289,.T.);
#14289 = EDGE_LOOP('',(#14290,#14291,#14292,#14298));
#14290 = ORIENTED_EDGE('',*,*,#14259,.T.);
#14291 = ORIENTED_EDGE('',*,*,#7417,.T.);
#14292 = ORIENTED_EDGE('',*,*,#14293,.F.);
#14293 = EDGE_CURVE('',#1577,#7410,#14294,.T.);
#14294 = LINE('',#14295,#14296);
#14295 = CARTESIAN_POINT('',(200.733,-139.34136,0.));
#14296 = VECTOR('',#14297,1.);
#14297 = DIRECTION('',(0.,0.,1.));
#14298 = ORIENTED_EDGE('',*,*,#1584,.F.);
#14299 = PLANE('',#14300);
#14300 = AXIS2_PLACEMENT_3D('',#14301,#14302,#14303);
#14301 = CARTESIAN_POINT('',(200.733,-142.34136,0.));
#14302 = DIRECTION('',(-1.,0.,0.));
#14303 = DIRECTION('',(0.,1.,0.));
#14304 = ADVANCED_FACE('',(#14305),#14311,.T.);
#14305 = FACE_BOUND('',#14306,.T.);
#14306 = EDGE_LOOP('',(#14307,#14308,#14309,#14310));
#14307 = ORIENTED_EDGE('',*,*,#14293,.T.);
#14308 = ORIENTED_EDGE('',*,*,#7409,.T.);
#14309 = ORIENTED_EDGE('',*,*,#14274,.F.);
#14310 = ORIENTED_EDGE('',*,*,#1576,.F.);
#14311 = PLANE('',#14312);
#14312 = AXIS2_PLACEMENT_3D('',#14313,#14314,#14315);
#14313 = CARTESIAN_POINT('',(200.733,-139.34136,0.));
#14314 = DIRECTION('',(0.,-1.,0.));
#14315 = DIRECTION('',(-1.,0.,0.));
#14316 = ADVANCED_FACE('',(#14317),#14328,.F.);
#14317 = FACE_BOUND('',#14318,.T.);
#14318 = EDGE_LOOP('',(#14319,#14320,#14326,#14327));
#14319 = ORIENTED_EDGE('',*,*,#1592,.T.);
#14320 = ORIENTED_EDGE('',*,*,#14321,.T.);
#14321 = EDGE_CURVE('',#1593,#7426,#14322,.T.);
#14322 = LINE('',#14323,#14324);
#14323 = CARTESIAN_POINT('',(193.953,-136.19226,-4.6E-02));
#14324 = VECTOR('',#14325,1.);
#14325 = DIRECTION('',(0.,0.,1.));
#14326 = ORIENTED_EDGE('',*,*,#7425,.F.);
#14327 = ORIENTED_EDGE('',*,*,#14321,.F.);
#14328 = CYLINDRICAL_SURFACE('',#14329,0.8509);
#14329 = AXIS2_PLACEMENT_3D('',#14330,#14331,#14332);
#14330 = CARTESIAN_POINT('',(193.953,-135.34136,-4.6E-02));
#14331 = DIRECTION('',(-0.,-0.,-1.));
#14332 = DIRECTION('',(-0.,-1.,0.));
#14333 = ADVANCED_FACE('',(#14334),#14345,.F.);
#14334 = FACE_BOUND('',#14335,.T.);
#14335 = EDGE_LOOP('',(#14336,#14337,#14343,#14344));
#14336 = ORIENTED_EDGE('',*,*,#1603,.T.);
#14337 = ORIENTED_EDGE('',*,*,#14338,.T.);
#14338 = EDGE_CURVE('',#1604,#7437,#14339,.T.);
#14339 = LINE('',#14340,#14341);
#14340 = CARTESIAN_POINT('',(199.033,-137.33526,-4.6E-02));
#14341 = VECTOR('',#14342,1.);
#14342 = DIRECTION('',(0.,0.,1.));
#14343 = ORIENTED_EDGE('',*,*,#7436,.F.);
#14344 = ORIENTED_EDGE('',*,*,#14338,.F.);
#14345 = CYLINDRICAL_SURFACE('',#14346,1.9939);
#14346 = AXIS2_PLACEMENT_3D('',#14347,#14348,#14349);
#14347 = CARTESIAN_POINT('',(199.033,-135.34136,-4.6E-02));
#14348 = DIRECTION('',(-0.,-0.,-1.));
#14349 = DIRECTION('',(-1.425433042299E-14,-1.,0.));
#14350 = ADVANCED_FACE('',(#14351),#14362,.F.);
#14351 = FACE_BOUND('',#14352,.T.);
#14352 = EDGE_LOOP('',(#14353,#14354,#14360,#14361));
#14353 = ORIENTED_EDGE('',*,*,#1614,.T.);
#14354 = ORIENTED_EDGE('',*,*,#14355,.T.);
#14355 = EDGE_CURVE('',#1615,#7448,#14356,.T.);
#14356 = LINE('',#14357,#14358);
#14357 = CARTESIAN_POINT('',(241.8879,-181.95036,-4.6E-02));
#14358 = VECTOR('',#14359,1.);
#14359 = DIRECTION('',(0.,0.,1.));
#14360 = ORIENTED_EDGE('',*,*,#7447,.F.);
#14361 = ORIENTED_EDGE('',*,*,#14355,.F.);
#14362 = CYLINDRICAL_SURFACE('',#14363,1.524);
#14363 = AXIS2_PLACEMENT_3D('',#14364,#14365,#14366);
#14364 = CARTESIAN_POINT('',(241.8879,-180.42636,-4.6E-02));
#14365 = DIRECTION('',(-0.,-0.,-1.));
#14366 = DIRECTION('',(-0.,-1.,0.));
#14367 = ADVANCED_FACE('',(#14368),#14379,.F.);
#14368 = FACE_BOUND('',#14369,.T.);
#14369 = EDGE_LOOP('',(#14370,#14371,#14377,#14378));
#14370 = ORIENTED_EDGE('',*,*,#1625,.T.);
#14371 = ORIENTED_EDGE('',*,*,#14372,.T.);
#14372 = EDGE_CURVE('',#1626,#7459,#14373,.T.);
#14373 = LINE('',#14374,#14375);
#14374 = CARTESIAN_POINT('',(250.02,-178.31,-4.6E-02));
#14375 = VECTOR('',#14376,1.);
#14376 = DIRECTION('',(0.,0.,1.));
#14377 = ORIENTED_EDGE('',*,*,#7458,.F.);
#14378 = ORIENTED_EDGE('',*,*,#14372,.F.);
#14379 = CYLINDRICAL_SURFACE('',#14380,0.5);
#14380 = AXIS2_PLACEMENT_3D('',#14381,#14382,#14383);
#14381 = CARTESIAN_POINT('',(250.02,-177.81,-4.6E-02));
#14382 = DIRECTION('',(-0.,-0.,-1.));
#14383 = DIRECTION('',(-0.,-1.,0.));
#14384 = ADVANCED_FACE('',(#14385),#14401,.T.);
#14385 = FACE_BOUND('',#14386,.T.);
#14386 = EDGE_LOOP('',(#14387,#14393,#14394,#14400));
#14387 = ORIENTED_EDGE('',*,*,#14388,.T.);
#14388 = EDGE_CURVE('',#1637,#7470,#14389,.T.);
#14389 = LINE('',#14390,#14391);
#14390 = CARTESIAN_POINT('',(261.62675,-180.44136,0.));
#14391 = VECTOR('',#14392,1.);
#14392 = DIRECTION('',(0.,0.,1.));
#14393 = ORIENTED_EDGE('',*,*,#7469,.T.);
#14394 = ORIENTED_EDGE('',*,*,#14395,.F.);
#14395 = EDGE_CURVE('',#1639,#7472,#14396,.T.);
#14396 = LINE('',#14397,#14398);
#14397 = CARTESIAN_POINT('',(265.02675,-180.44136,0.));
#14398 = VECTOR('',#14399,1.);
#14399 = DIRECTION('',(0.,0.,1.));
#14400 = ORIENTED_EDGE('',*,*,#1636,.F.);
#14401 = PLANE('',#14402);
#14402 = AXIS2_PLACEMENT_3D('',#14403,#14404,#14405);
#14403 = CARTESIAN_POINT('',(261.62675,-180.44136,0.));
#14404 = DIRECTION('',(0.,1.,0.));
#14405 = DIRECTION('',(1.,0.,0.));
#14406 = ADVANCED_FACE('',(#14407),#14418,.T.);
#14407 = FACE_BOUND('',#14408,.T.);
#14408 = EDGE_LOOP('',(#14409,#14415,#14416,#14417));
#14409 = ORIENTED_EDGE('',*,*,#14410,.T.);
#14410 = EDGE_CURVE('',#1647,#7480,#14411,.T.);
#14411 = LINE('',#14412,#14413);
#14412 = CARTESIAN_POINT('',(261.62675,-177.44136,0.));
#14413 = VECTOR('',#14414,1.);
#14414 = DIRECTION('',(0.,0.,1.));
#14415 = ORIENTED_EDGE('',*,*,#7479,.T.);
#14416 = ORIENTED_EDGE('',*,*,#14388,.F.);
#14417 = ORIENTED_EDGE('',*,*,#1646,.F.);
#14418 = PLANE('',#14419);
#14419 = AXIS2_PLACEMENT_3D('',#14420,#14421,#14422);
#14420 = CARTESIAN_POINT('',(261.62675,-177.44136,0.));
#14421 = DIRECTION('',(1.,0.,-0.));
#14422 = DIRECTION('',(0.,-1.,0.));
#14423 = ADVANCED_FACE('',(#14424),#14435,.T.);
#14424 = FACE_BOUND('',#14425,.T.);
#14425 = EDGE_LOOP('',(#14426,#14427,#14428,#14434));
#14426 = ORIENTED_EDGE('',*,*,#14395,.T.);
#14427 = ORIENTED_EDGE('',*,*,#7495,.T.);
#14428 = ORIENTED_EDGE('',*,*,#14429,.F.);
#14429 = EDGE_CURVE('',#1655,#7488,#14430,.T.);
#14430 = LINE('',#14431,#14432);
#14431 = CARTESIAN_POINT('',(265.02675,-177.44136,0.));
#14432 = VECTOR('',#14433,1.);
#14433 = DIRECTION('',(0.,0.,1.));
#14434 = ORIENTED_EDGE('',*,*,#1662,.F.);
#14435 = PLANE('',#14436);
#14436 = AXIS2_PLACEMENT_3D('',#14437,#14438,#14439);
#14437 = CARTESIAN_POINT('',(265.02675,-180.44136,0.));
#14438 = DIRECTION('',(-1.,0.,0.));
#14439 = DIRECTION('',(0.,1.,0.));
#14440 = ADVANCED_FACE('',(#14441),#14447,.T.);
#14441 = FACE_BOUND('',#14442,.T.);
#14442 = EDGE_LOOP('',(#14443,#14444,#14445,#14446));
#14443 = ORIENTED_EDGE('',*,*,#14429,.T.);
#14444 = ORIENTED_EDGE('',*,*,#7487,.T.);
#14445 = ORIENTED_EDGE('',*,*,#14410,.F.);
#14446 = ORIENTED_EDGE('',*,*,#1654,.F.);
#14447 = PLANE('',#14448);
#14448 = AXIS2_PLACEMENT_3D('',#14449,#14450,#14451);
#14449 = CARTESIAN_POINT('',(265.02675,-177.44136,0.));
#14450 = DIRECTION('',(0.,-1.,0.));
#14451 = DIRECTION('',(-1.,0.,0.));
#14452 = ADVANCED_FACE('',(#14453),#14464,.F.);
#14453 = FACE_BOUND('',#14454,.T.);
#14454 = EDGE_LOOP('',(#14455,#14456,#14462,#14463));
#14455 = ORIENTED_EDGE('',*,*,#1670,.T.);
#14456 = ORIENTED_EDGE('',*,*,#14457,.T.);
#14457 = EDGE_CURVE('',#1671,#7504,#14458,.T.);
#14458 = LINE('',#14459,#14460);
#14459 = CARTESIAN_POINT('',(250.02,-175.77,-4.6E-02));
#14460 = VECTOR('',#14461,1.);
#14461 = DIRECTION('',(0.,0.,1.));
#14462 = ORIENTED_EDGE('',*,*,#7503,.F.);
#14463 = ORIENTED_EDGE('',*,*,#14457,.F.);
#14464 = CYLINDRICAL_SURFACE('',#14465,0.5);
#14465 = AXIS2_PLACEMENT_3D('',#14466,#14467,#14468);
#14466 = CARTESIAN_POINT('',(250.02,-175.27,-4.6E-02));
#14467 = DIRECTION('',(-0.,-0.,-1.));
#14468 = DIRECTION('',(-0.,-1.,0.));
#14469 = ADVANCED_FACE('',(#14470),#14481,.F.);
#14470 = FACE_BOUND('',#14471,.T.);
#14471 = EDGE_LOOP('',(#14472,#14473,#14479,#14480));
#14472 = ORIENTED_EDGE('',*,*,#1681,.T.);
#14473 = ORIENTED_EDGE('',*,*,#14474,.T.);
#14474 = EDGE_CURVE('',#1682,#7515,#14475,.T.);
#14475 = LINE('',#14476,#14477);
#14476 = CARTESIAN_POINT('',(250.02,-173.23,-4.6E-02));
#14477 = VECTOR('',#14478,1.);
#14478 = DIRECTION('',(0.,0.,1.));
#14479 = ORIENTED_EDGE('',*,*,#7514,.F.);
#14480 = ORIENTED_EDGE('',*,*,#14474,.F.);
#14481 = CYLINDRICAL_SURFACE('',#14482,0.5);
#14482 = AXIS2_PLACEMENT_3D('',#14483,#14484,#14485);
#14483 = CARTESIAN_POINT('',(250.02,-172.73,-4.6E-02));
#14484 = DIRECTION('',(-0.,-0.,-1.));
#14485 = DIRECTION('',(-0.,-1.,0.));
#14486 = ADVANCED_FACE('',(#14487),#14498,.F.);
#14487 = FACE_BOUND('',#14488,.T.);
#14488 = EDGE_LOOP('',(#14489,#14490,#14496,#14497));
#14489 = ORIENTED_EDGE('',*,*,#1692,.T.);
#14490 = ORIENTED_EDGE('',*,*,#14491,.T.);
#14491 = EDGE_CURVE('',#1693,#7526,#14492,.T.);
#14492 = LINE('',#14493,#14494);
#14493 = CARTESIAN_POINT('',(258.24675,-174.29226,-4.6E-02));
#14494 = VECTOR('',#14495,1.);
#14495 = DIRECTION('',(0.,0.,1.));
#14496 = ORIENTED_EDGE('',*,*,#7525,.F.);
#14497 = ORIENTED_EDGE('',*,*,#14491,.F.);
#14498 = CYLINDRICAL_SURFACE('',#14499,0.8509);
#14499 = AXIS2_PLACEMENT_3D('',#14500,#14501,#14502);
#14500 = CARTESIAN_POINT('',(258.24675,-173.44136,-4.6E-02));
#14501 = DIRECTION('',(-0.,-0.,-1.));
#14502 = DIRECTION('',(-0.,-1.,0.));
#14503 = ADVANCED_FACE('',(#14504),#14515,.F.);
#14504 = FACE_BOUND('',#14505,.T.);
#14505 = EDGE_LOOP('',(#14506,#14507,#14513,#14514));
#14506 = ORIENTED_EDGE('',*,*,#1703,.T.);
#14507 = ORIENTED_EDGE('',*,*,#14508,.T.);
#14508 = EDGE_CURVE('',#1704,#7537,#14509,.T.);
#14509 = LINE('',#14510,#14511);
#14510 = CARTESIAN_POINT('',(263.32675,-175.43526,-4.6E-02));
#14511 = VECTOR('',#14512,1.);
#14512 = DIRECTION('',(0.,0.,1.));
#14513 = ORIENTED_EDGE('',*,*,#7536,.F.);
#14514 = ORIENTED_EDGE('',*,*,#14508,.F.);
#14515 = CYLINDRICAL_SURFACE('',#14516,1.9939);
#14516 = AXIS2_PLACEMENT_3D('',#14517,#14518,#14519);
#14517 = CARTESIAN_POINT('',(263.32675,-173.44136,-4.6E-02));
#14518 = DIRECTION('',(-0.,-0.,-1.));
#14519 = DIRECTION('',(-0.,-1.,0.));
#14520 = ADVANCED_FACE('',(#14521),#14532,.F.);
#14521 = FACE_BOUND('',#14522,.T.);
#14522 = EDGE_LOOP('',(#14523,#14524,#14530,#14531));
#14523 = ORIENTED_EDGE('',*,*,#1714,.T.);
#14524 = ORIENTED_EDGE('',*,*,#14525,.T.);
#14525 = EDGE_CURVE('',#1715,#7548,#14526,.T.);
#14526 = LINE('',#14527,#14528);
#14527 = CARTESIAN_POINT('',(268.40675,-174.29226,-4.6E-02));
#14528 = VECTOR('',#14529,1.);
#14529 = DIRECTION('',(0.,0.,1.));
#14530 = ORIENTED_EDGE('',*,*,#7547,.F.);
#14531 = ORIENTED_EDGE('',*,*,#14525,.F.);
#14532 = CYLINDRICAL_SURFACE('',#14533,0.8509);
#14533 = AXIS2_PLACEMENT_3D('',#14534,#14535,#14536);
#14534 = CARTESIAN_POINT('',(268.40675,-173.44136,-4.6E-02));
#14535 = DIRECTION('',(-0.,-0.,-1.));
#14536 = DIRECTION('',(-0.,-1.,0.));
#14537 = ADVANCED_FACE('',(#14538),#14549,.F.);
#14538 = FACE_BOUND('',#14539,.T.);
#14539 = EDGE_LOOP('',(#14540,#14541,#14547,#14548));
#14540 = ORIENTED_EDGE('',*,*,#1725,.T.);
#14541 = ORIENTED_EDGE('',*,*,#14542,.T.);
#14542 = EDGE_CURVE('',#1726,#7559,#14543,.T.);
#14543 = LINE('',#14544,#14545);
#14544 = CARTESIAN_POINT('',(259.51675,-172.40136,-4.6E-02));
#14545 = VECTOR('',#14546,1.);
#14546 = DIRECTION('',(0.,0.,1.));
#14547 = ORIENTED_EDGE('',*,*,#7558,.F.);
#14548 = ORIENTED_EDGE('',*,*,#14542,.F.);
#14549 = CYLINDRICAL_SURFACE('',#14550,1.5);
#14550 = AXIS2_PLACEMENT_3D('',#14551,#14552,#14553);
#14551 = CARTESIAN_POINT('',(259.51675,-170.90136,-4.6E-02));
#14552 = DIRECTION('',(-0.,-0.,-1.));
#14553 = DIRECTION('',(-0.,-1.,0.));
#14554 = ADVANCED_FACE('',(#14555),#14571,.T.);
#14555 = FACE_BOUND('',#14556,.T.);
#14556 = EDGE_LOOP('',(#14557,#14563,#14564,#14570));
#14557 = ORIENTED_EDGE('',*,*,#14558,.T.);
#14558 = EDGE_CURVE('',#1737,#7570,#14559,.T.);
#14559 = LINE('',#14560,#14561);
#14560 = CARTESIAN_POINT('',(206.858,-161.39136,0.));
#14561 = VECTOR('',#14562,1.);
#14562 = DIRECTION('',(0.,0.,1.));
#14563 = ORIENTED_EDGE('',*,*,#7569,.T.);
#14564 = ORIENTED_EDGE('',*,*,#14565,.F.);
#14565 = EDGE_CURVE('',#1739,#7572,#14566,.T.);
#14566 = LINE('',#14567,#14568);
#14567 = CARTESIAN_POINT('',(210.258,-161.39136,0.));
#14568 = VECTOR('',#14569,1.);
#14569 = DIRECTION('',(0.,0.,1.));
#14570 = ORIENTED_EDGE('',*,*,#1736,.F.);
#14571 = PLANE('',#14572);
#14572 = AXIS2_PLACEMENT_3D('',#14573,#14574,#14575);
#14573 = CARTESIAN_POINT('',(206.858,-161.39136,0.));
#14574 = DIRECTION('',(0.,1.,0.));
#14575 = DIRECTION('',(1.,0.,0.));
#14576 = ADVANCED_FACE('',(#14577),#14588,.T.);
#14577 = FACE_BOUND('',#14578,.T.);
#14578 = EDGE_LOOP('',(#14579,#14585,#14586,#14587));
#14579 = ORIENTED_EDGE('',*,*,#14580,.T.);
#14580 = EDGE_CURVE('',#1747,#7580,#14581,.T.);
#14581 = LINE('',#14582,#14583);
#14582 = CARTESIAN_POINT('',(206.858,-158.39136,0.));
#14583 = VECTOR('',#14584,1.);
#14584 = DIRECTION('',(0.,0.,1.));
#14585 = ORIENTED_EDGE('',*,*,#7579,.T.);
#14586 = ORIENTED_EDGE('',*,*,#14558,.F.);
#14587 = ORIENTED_EDGE('',*,*,#1746,.F.);
#14588 = PLANE('',#14589);
#14589 = AXIS2_PLACEMENT_3D('',#14590,#14591,#14592);
#14590 = CARTESIAN_POINT('',(206.858,-158.39136,0.));
#14591 = DIRECTION('',(1.,0.,-0.));
#14592 = DIRECTION('',(0.,-1.,0.));
#14593 = ADVANCED_FACE('',(#14594),#14605,.T.);
#14594 = FACE_BOUND('',#14595,.T.);
#14595 = EDGE_LOOP('',(#14596,#14597,#14598,#14604));
#14596 = ORIENTED_EDGE('',*,*,#14565,.T.);
#14597 = ORIENTED_EDGE('',*,*,#7595,.T.);
#14598 = ORIENTED_EDGE('',*,*,#14599,.F.);
#14599 = EDGE_CURVE('',#1755,#7588,#14600,.T.);
#14600 = LINE('',#14601,#14602);
#14601 = CARTESIAN_POINT('',(210.258,-158.39136,0.));
#14602 = VECTOR('',#14603,1.);
#14603 = DIRECTION('',(0.,0.,1.));
#14604 = ORIENTED_EDGE('',*,*,#1762,.F.);
#14605 = PLANE('',#14606);
#14606 = AXIS2_PLACEMENT_3D('',#14607,#14608,#14609);
#14607 = CARTESIAN_POINT('',(210.258,-161.39136,0.));
#14608 = DIRECTION('',(-1.,0.,0.));
#14609 = DIRECTION('',(0.,1.,0.));
#14610 = ADVANCED_FACE('',(#14611),#14617,.T.);
#14611 = FACE_BOUND('',#14612,.T.);
#14612 = EDGE_LOOP('',(#14613,#14614,#14615,#14616));
#14613 = ORIENTED_EDGE('',*,*,#14599,.T.);
#14614 = ORIENTED_EDGE('',*,*,#7587,.T.);
#14615 = ORIENTED_EDGE('',*,*,#14580,.F.);
#14616 = ORIENTED_EDGE('',*,*,#1754,.F.);
#14617 = PLANE('',#14618);
#14618 = AXIS2_PLACEMENT_3D('',#14619,#14620,#14621);
#14619 = CARTESIAN_POINT('',(210.258,-158.39136,0.));
#14620 = DIRECTION('',(0.,-1.,0.));
#14621 = DIRECTION('',(-1.,0.,0.));
#14622 = ADVANCED_FACE('',(#14623),#14639,.T.);
#14623 = FACE_BOUND('',#14624,.T.);
#14624 = EDGE_LOOP('',(#14625,#14631,#14632,#14638));
#14625 = ORIENTED_EDGE('',*,*,#14626,.T.);
#14626 = EDGE_CURVE('',#1771,#7604,#14627,.T.);
#14627 = LINE('',#14628,#14629);
#14628 = CARTESIAN_POINT('',(225.908,-161.39136,0.));
#14629 = VECTOR('',#14630,1.);
#14630 = DIRECTION('',(0.,0.,1.));
#14631 = ORIENTED_EDGE('',*,*,#7603,.T.);
#14632 = ORIENTED_EDGE('',*,*,#14633,.F.);
#14633 = EDGE_CURVE('',#1773,#7606,#14634,.T.);
#14634 = LINE('',#14635,#14636);
#14635 = CARTESIAN_POINT('',(229.308,-161.39136,0.));
#14636 = VECTOR('',#14637,1.);
#14637 = DIRECTION('',(0.,0.,1.));
#14638 = ORIENTED_EDGE('',*,*,#1770,.F.);
#14639 = PLANE('',#14640);
#14640 = AXIS2_PLACEMENT_3D('',#14641,#14642,#14643);
#14641 = CARTESIAN_POINT('',(225.908,-161.39136,0.));
#14642 = DIRECTION('',(0.,1.,0.));
#14643 = DIRECTION('',(1.,0.,0.));
#14644 = ADVANCED_FACE('',(#14645),#14656,.T.);
#14645 = FACE_BOUND('',#14646,.T.);
#14646 = EDGE_LOOP('',(#14647,#14653,#14654,#14655));
#14647 = ORIENTED_EDGE('',*,*,#14648,.T.);
#14648 = EDGE_CURVE('',#1781,#7614,#14649,.T.);
#14649 = LINE('',#14650,#14651);
#14650 = CARTESIAN_POINT('',(225.908,-158.39136,0.));
#14651 = VECTOR('',#14652,1.);
#14652 = DIRECTION('',(0.,0.,1.));
#14653 = ORIENTED_EDGE('',*,*,#7613,.T.);
#14654 = ORIENTED_EDGE('',*,*,#14626,.F.);
#14655 = ORIENTED_EDGE('',*,*,#1780,.F.);
#14656 = PLANE('',#14657);
#14657 = AXIS2_PLACEMENT_3D('',#14658,#14659,#14660);
#14658 = CARTESIAN_POINT('',(225.908,-158.39136,0.));
#14659 = DIRECTION('',(1.,0.,-0.));
#14660 = DIRECTION('',(0.,-1.,0.));
#14661 = ADVANCED_FACE('',(#14662),#14673,.T.);
#14662 = FACE_BOUND('',#14663,.T.);
#14663 = EDGE_LOOP('',(#14664,#14665,#14666,#14672));
#14664 = ORIENTED_EDGE('',*,*,#14633,.T.);
#14665 = ORIENTED_EDGE('',*,*,#7629,.T.);
#14666 = ORIENTED_EDGE('',*,*,#14667,.F.);
#14667 = EDGE_CURVE('',#1789,#7622,#14668,.T.);
#14668 = LINE('',#14669,#14670);
#14669 = CARTESIAN_POINT('',(229.308,-158.39136,0.));
#14670 = VECTOR('',#14671,1.);
#14671 = DIRECTION('',(0.,0.,1.));
#14672 = ORIENTED_EDGE('',*,*,#1796,.F.);
#14673 = PLANE('',#14674);
#14674 = AXIS2_PLACEMENT_3D('',#14675,#14676,#14677);
#14675 = CARTESIAN_POINT('',(229.308,-161.39136,0.));
#14676 = DIRECTION('',(-1.,0.,0.));
#14677 = DIRECTION('',(0.,1.,0.));
#14678 = ADVANCED_FACE('',(#14679),#14685,.T.);
#14679 = FACE_BOUND('',#14680,.T.);
#14680 = EDGE_LOOP('',(#14681,#14682,#14683,#14684));
#14681 = ORIENTED_EDGE('',*,*,#14667,.T.);
#14682 = ORIENTED_EDGE('',*,*,#7621,.T.);
#14683 = ORIENTED_EDGE('',*,*,#14648,.F.);
#14684 = ORIENTED_EDGE('',*,*,#1788,.F.);
#14685 = PLANE('',#14686);
#14686 = AXIS2_PLACEMENT_3D('',#14687,#14688,#14689);
#14687 = CARTESIAN_POINT('',(229.308,-158.39136,0.));
#14688 = DIRECTION('',(0.,-1.,0.));
#14689 = DIRECTION('',(-1.,0.,0.));
#14690 = ADVANCED_FACE('',(#14691),#14702,.F.);
#14691 = FACE_BOUND('',#14692,.T.);
#14692 = EDGE_LOOP('',(#14693,#14694,#14700,#14701));
#14693 = ORIENTED_EDGE('',*,*,#1804,.T.);
#14694 = ORIENTED_EDGE('',*,*,#14695,.T.);
#14695 = EDGE_CURVE('',#1805,#7638,#14696,.T.);
#14696 = LINE('',#14697,#14698);
#14697 = CARTESIAN_POINT('',(250.02,-170.69,-4.6E-02));
#14698 = VECTOR('',#14699,1.);
#14699 = DIRECTION('',(0.,0.,1.));
#14700 = ORIENTED_EDGE('',*,*,#7637,.F.);
#14701 = ORIENTED_EDGE('',*,*,#14695,.F.);
#14702 = CYLINDRICAL_SURFACE('',#14703,0.5);
#14703 = AXIS2_PLACEMENT_3D('',#14704,#14705,#14706);
#14704 = CARTESIAN_POINT('',(250.02,-170.19,-4.6E-02));
#14705 = DIRECTION('',(-0.,-0.,-1.));
#14706 = DIRECTION('',(-0.,-1.,0.));
#14707 = ADVANCED_FACE('',(#14708),#14719,.F.);
#14708 = FACE_BOUND('',#14709,.T.);
#14709 = EDGE_LOOP('',(#14710,#14711,#14717,#14718));
#14710 = ORIENTED_EDGE('',*,*,#1815,.T.);
#14711 = ORIENTED_EDGE('',*,*,#14712,.T.);
#14712 = EDGE_CURVE('',#1816,#7649,#14713,.T.);
#14713 = LINE('',#14714,#14715);
#14714 = CARTESIAN_POINT('',(241.8879,-167.18026,-4.6E-02));
#14715 = VECTOR('',#14716,1.);
#14716 = DIRECTION('',(0.,0.,1.));
#14717 = ORIENTED_EDGE('',*,*,#7648,.F.);
#14718 = ORIENTED_EDGE('',*,*,#14712,.F.);
#14719 = CYLINDRICAL_SURFACE('',#14720,1.9939);
#14720 = AXIS2_PLACEMENT_3D('',#14721,#14722,#14723);
#14721 = CARTESIAN_POINT('',(241.8879,-165.18636,-4.6E-02));
#14722 = DIRECTION('',(-0.,-0.,-1.));
#14723 = DIRECTION('',(-0.,-1.,0.));
#14724 = ADVANCED_FACE('',(#14725),#14736,.F.);
#14725 = FACE_BOUND('',#14726,.T.);
#14726 = EDGE_LOOP('',(#14727,#14728,#14734,#14735));
#14727 = ORIENTED_EDGE('',*,*,#1826,.T.);
#14728 = ORIENTED_EDGE('',*,*,#14729,.T.);
#14729 = EDGE_CURVE('',#1827,#7660,#14730,.T.);
#14730 = LINE('',#14731,#14732);
#14731 = CARTESIAN_POINT('',(265.86675,-169.86136,-4.6E-02));
#14732 = VECTOR('',#14733,1.);
#14733 = DIRECTION('',(0.,0.,1.));
#14734 = ORIENTED_EDGE('',*,*,#7659,.F.);
#14735 = ORIENTED_EDGE('',*,*,#14729,.F.);
#14736 = CYLINDRICAL_SURFACE('',#14737,1.5);
#14737 = AXIS2_PLACEMENT_3D('',#14738,#14739,#14740);
#14738 = CARTESIAN_POINT('',(265.86675,-168.36136,-4.6E-02));
#14739 = DIRECTION('',(-0.,-0.,-1.));
#14740 = DIRECTION('',(-0.,-1.,0.));
#14741 = ADVANCED_FACE('',(#14742),#14758,.T.);
#14742 = FACE_BOUND('',#14743,.T.);
#14743 = EDGE_LOOP('',(#14744,#14750,#14751,#14757));
#14744 = ORIENTED_EDGE('',*,*,#14745,.T.);
#14745 = EDGE_CURVE('',#1838,#7671,#14746,.T.);
#14746 = LINE('',#14747,#14748);
#14747 = CARTESIAN_POINT('',(244.958,-161.39136,0.));
#14748 = VECTOR('',#14749,1.);
#14749 = DIRECTION('',(0.,0.,1.));
#14750 = ORIENTED_EDGE('',*,*,#7670,.T.);
#14751 = ORIENTED_EDGE('',*,*,#14752,.F.);
#14752 = EDGE_CURVE('',#1840,#7673,#14753,.T.);
#14753 = LINE('',#14754,#14755);
#14754 = CARTESIAN_POINT('',(248.358,-161.39136,0.));
#14755 = VECTOR('',#14756,1.);
#14756 = DIRECTION('',(0.,0.,1.));
#14757 = ORIENTED_EDGE('',*,*,#1837,.F.);
#14758 = PLANE('',#14759);
#14759 = AXIS2_PLACEMENT_3D('',#14760,#14761,#14762);
#14760 = CARTESIAN_POINT('',(244.958,-161.39136,0.));
#14761 = DIRECTION('',(0.,1.,0.));
#14762 = DIRECTION('',(1.,0.,0.));
#14763 = ADVANCED_FACE('',(#14764),#14775,.T.);
#14764 = FACE_BOUND('',#14765,.T.);
#14765 = EDGE_LOOP('',(#14766,#14772,#14773,#14774));
#14766 = ORIENTED_EDGE('',*,*,#14767,.T.);
#14767 = EDGE_CURVE('',#1848,#7681,#14768,.T.);
#14768 = LINE('',#14769,#14770);
#14769 = CARTESIAN_POINT('',(244.958,-158.39136,0.));
#14770 = VECTOR('',#14771,1.);
#14771 = DIRECTION('',(0.,0.,1.));
#14772 = ORIENTED_EDGE('',*,*,#7680,.T.);
#14773 = ORIENTED_EDGE('',*,*,#14745,.F.);
#14774 = ORIENTED_EDGE('',*,*,#1847,.F.);
#14775 = PLANE('',#14776);
#14776 = AXIS2_PLACEMENT_3D('',#14777,#14778,#14779);
#14777 = CARTESIAN_POINT('',(244.958,-158.39136,0.));
#14778 = DIRECTION('',(1.,0.,-0.));
#14779 = DIRECTION('',(0.,-1.,0.));
#14780 = ADVANCED_FACE('',(#14781),#14792,.T.);
#14781 = FACE_BOUND('',#14782,.T.);
#14782 = EDGE_LOOP('',(#14783,#14784,#14785,#14791));
#14783 = ORIENTED_EDGE('',*,*,#14752,.T.);
#14784 = ORIENTED_EDGE('',*,*,#7696,.T.);
#14785 = ORIENTED_EDGE('',*,*,#14786,.F.);
#14786 = EDGE_CURVE('',#1856,#7689,#14787,.T.);
#14787 = LINE('',#14788,#14789);
#14788 = CARTESIAN_POINT('',(248.358,-158.39136,0.));
#14789 = VECTOR('',#14790,1.);
#14790 = DIRECTION('',(0.,0.,1.));
#14791 = ORIENTED_EDGE('',*,*,#1863,.F.);
#14792 = PLANE('',#14793);
#14793 = AXIS2_PLACEMENT_3D('',#14794,#14795,#14796);
#14794 = CARTESIAN_POINT('',(248.358,-161.39136,0.));
#14795 = DIRECTION('',(-1.,0.,0.));
#14796 = DIRECTION('',(0.,1.,0.));
#14797 = ADVANCED_FACE('',(#14798),#14804,.T.);
#14798 = FACE_BOUND('',#14799,.T.);
#14799 = EDGE_LOOP('',(#14800,#14801,#14802,#14803));
#14800 = ORIENTED_EDGE('',*,*,#14786,.T.);
#14801 = ORIENTED_EDGE('',*,*,#7688,.T.);
#14802 = ORIENTED_EDGE('',*,*,#14767,.F.);
#14803 = ORIENTED_EDGE('',*,*,#1855,.F.);
#14804 = PLANE('',#14805);
#14805 = AXIS2_PLACEMENT_3D('',#14806,#14807,#14808);
#14806 = CARTESIAN_POINT('',(248.358,-158.39136,0.));
#14807 = DIRECTION('',(0.,-1.,0.));
#14808 = DIRECTION('',(-1.,0.,0.));
#14809 = ADVANCED_FACE('',(#14810),#14826,.T.);
#14810 = FACE_BOUND('',#14811,.T.);
#14811 = EDGE_LOOP('',(#14812,#14818,#14819,#14825));
#14812 = ORIENTED_EDGE('',*,*,#14813,.T.);
#14813 = EDGE_CURVE('',#1872,#7705,#14814,.T.);
#14814 = LINE('',#14815,#14816);
#14815 = CARTESIAN_POINT('',(264.058,-161.39136,0.));
#14816 = VECTOR('',#14817,1.);
#14817 = DIRECTION('',(0.,0.,1.));
#14818 = ORIENTED_EDGE('',*,*,#7704,.T.);
#14819 = ORIENTED_EDGE('',*,*,#14820,.F.);
#14820 = EDGE_CURVE('',#1874,#7707,#14821,.T.);
#14821 = LINE('',#14822,#14823);
#14822 = CARTESIAN_POINT('',(267.458,-161.39136,0.));
#14823 = VECTOR('',#14824,1.);
#14824 = DIRECTION('',(0.,0.,1.));
#14825 = ORIENTED_EDGE('',*,*,#1871,.F.);
#14826 = PLANE('',#14827);
#14827 = AXIS2_PLACEMENT_3D('',#14828,#14829,#14830);
#14828 = CARTESIAN_POINT('',(264.058,-161.39136,0.));
#14829 = DIRECTION('',(0.,1.,0.));
#14830 = DIRECTION('',(1.,0.,0.));
#14831 = ADVANCED_FACE('',(#14832),#14843,.T.);
#14832 = FACE_BOUND('',#14833,.T.);
#14833 = EDGE_LOOP('',(#14834,#14840,#14841,#14842));
#14834 = ORIENTED_EDGE('',*,*,#14835,.T.);
#14835 = EDGE_CURVE('',#1882,#7715,#14836,.T.);
#14836 = LINE('',#14837,#14838);
#14837 = CARTESIAN_POINT('',(264.058,-158.39136,0.));
#14838 = VECTOR('',#14839,1.);
#14839 = DIRECTION('',(0.,0.,1.));
#14840 = ORIENTED_EDGE('',*,*,#7714,.T.);
#14841 = ORIENTED_EDGE('',*,*,#14813,.F.);
#14842 = ORIENTED_EDGE('',*,*,#1881,.F.);
#14843 = PLANE('',#14844);
#14844 = AXIS2_PLACEMENT_3D('',#14845,#14846,#14847);
#14845 = CARTESIAN_POINT('',(264.058,-158.39136,0.));
#14846 = DIRECTION('',(1.,0.,-0.));
#14847 = DIRECTION('',(0.,-1.,0.));
#14848 = ADVANCED_FACE('',(#14849),#14860,.T.);
#14849 = FACE_BOUND('',#14850,.T.);
#14850 = EDGE_LOOP('',(#14851,#14852,#14853,#14859));
#14851 = ORIENTED_EDGE('',*,*,#14820,.T.);
#14852 = ORIENTED_EDGE('',*,*,#7730,.T.);
#14853 = ORIENTED_EDGE('',*,*,#14854,.F.);
#14854 = EDGE_CURVE('',#1890,#7723,#14855,.T.);
#14855 = LINE('',#14856,#14857);
#14856 = CARTESIAN_POINT('',(267.458,-158.39136,0.));
#14857 = VECTOR('',#14858,1.);
#14858 = DIRECTION('',(0.,0.,1.));
#14859 = ORIENTED_EDGE('',*,*,#1897,.F.);
#14860 = PLANE('',#14861);
#14861 = AXIS2_PLACEMENT_3D('',#14862,#14863,#14864);
#14862 = CARTESIAN_POINT('',(267.458,-161.39136,0.));
#14863 = DIRECTION('',(-1.,0.,0.));
#14864 = DIRECTION('',(0.,1.,0.));
#14865 = ADVANCED_FACE('',(#14866),#14872,.T.);
#14866 = FACE_BOUND('',#14867,.T.);
#14867 = EDGE_LOOP('',(#14868,#14869,#14870,#14871));
#14868 = ORIENTED_EDGE('',*,*,#14854,.T.);
#14869 = ORIENTED_EDGE('',*,*,#7722,.T.);
#14870 = ORIENTED_EDGE('',*,*,#14835,.F.);
#14871 = ORIENTED_EDGE('',*,*,#1889,.F.);
#14872 = PLANE('',#14873);
#14873 = AXIS2_PLACEMENT_3D('',#14874,#14875,#14876);
#14874 = CARTESIAN_POINT('',(267.458,-158.39136,0.));
#14875 = DIRECTION('',(0.,-1.,0.));
#14876 = DIRECTION('',(-1.,0.,0.));
#14877 = ADVANCED_FACE('',(#14878),#14894,.T.);
#14878 = FACE_BOUND('',#14879,.T.);
#14879 = EDGE_LOOP('',(#14880,#14886,#14887,#14893));
#14880 = ORIENTED_EDGE('',*,*,#14881,.T.);
#14881 = EDGE_CURVE('',#1906,#7739,#14882,.T.);
#14882 = LINE('',#14883,#14884);
#14883 = CARTESIAN_POINT('',(285.43925,-180.44136,0.));
#14884 = VECTOR('',#14885,1.);
#14885 = DIRECTION('',(0.,0.,1.));
#14886 = ORIENTED_EDGE('',*,*,#7738,.T.);
#14887 = ORIENTED_EDGE('',*,*,#14888,.F.);
#14888 = EDGE_CURVE('',#1908,#7741,#14889,.T.);
#14889 = LINE('',#14890,#14891);
#14890 = CARTESIAN_POINT('',(288.83925,-180.44136,0.));
#14891 = VECTOR('',#14892,1.);
#14892 = DIRECTION('',(0.,0.,1.));
#14893 = ORIENTED_EDGE('',*,*,#1905,.F.);
#14894 = PLANE('',#14895);
#14895 = AXIS2_PLACEMENT_3D('',#14896,#14897,#14898);
#14896 = CARTESIAN_POINT('',(285.43925,-180.44136,0.));
#14897 = DIRECTION('',(0.,1.,0.));
#14898 = DIRECTION('',(1.,0.,0.));
#14899 = ADVANCED_FACE('',(#14900),#14911,.T.);
#14900 = FACE_BOUND('',#14901,.T.);
#14901 = EDGE_LOOP('',(#14902,#14908,#14909,#14910));
#14902 = ORIENTED_EDGE('',*,*,#14903,.T.);
#14903 = EDGE_CURVE('',#1916,#7749,#14904,.T.);
#14904 = LINE('',#14905,#14906);
#14905 = CARTESIAN_POINT('',(285.43925,-177.44136,0.));
#14906 = VECTOR('',#14907,1.);
#14907 = DIRECTION('',(0.,0.,1.));
#14908 = ORIENTED_EDGE('',*,*,#7748,.T.);
#14909 = ORIENTED_EDGE('',*,*,#14881,.F.);
#14910 = ORIENTED_EDGE('',*,*,#1915,.F.);
#14911 = PLANE('',#14912);
#14912 = AXIS2_PLACEMENT_3D('',#14913,#14914,#14915);
#14913 = CARTESIAN_POINT('',(285.43925,-177.44136,0.));
#14914 = DIRECTION('',(1.,0.,-0.));
#14915 = DIRECTION('',(0.,-1.,0.));
#14916 = ADVANCED_FACE('',(#14917),#14928,.T.);
#14917 = FACE_BOUND('',#14918,.T.);
#14918 = EDGE_LOOP('',(#14919,#14920,#14921,#14927));
#14919 = ORIENTED_EDGE('',*,*,#14888,.T.);
#14920 = ORIENTED_EDGE('',*,*,#7764,.T.);
#14921 = ORIENTED_EDGE('',*,*,#14922,.F.);
#14922 = EDGE_CURVE('',#1924,#7757,#14923,.T.);
#14923 = LINE('',#14924,#14925);
#14924 = CARTESIAN_POINT('',(288.83925,-177.44136,0.));
#14925 = VECTOR('',#14926,1.);
#14926 = DIRECTION('',(0.,0.,1.));
#14927 = ORIENTED_EDGE('',*,*,#1931,.F.);
#14928 = PLANE('',#14929);
#14929 = AXIS2_PLACEMENT_3D('',#14930,#14931,#14932);
#14930 = CARTESIAN_POINT('',(288.83925,-180.44136,0.));
#14931 = DIRECTION('',(-1.,0.,0.));
#14932 = DIRECTION('',(0.,1.,0.));
#14933 = ADVANCED_FACE('',(#14934),#14940,.T.);
#14934 = FACE_BOUND('',#14935,.T.);
#14935 = EDGE_LOOP('',(#14936,#14937,#14938,#14939));
#14936 = ORIENTED_EDGE('',*,*,#14922,.T.);
#14937 = ORIENTED_EDGE('',*,*,#7756,.T.);
#14938 = ORIENTED_EDGE('',*,*,#14903,.F.);
#14939 = ORIENTED_EDGE('',*,*,#1923,.F.);
#14940 = PLANE('',#14941);
#14941 = AXIS2_PLACEMENT_3D('',#14942,#14943,#14944);
#14942 = CARTESIAN_POINT('',(288.83925,-177.44136,0.));
#14943 = DIRECTION('',(0.,-1.,0.));
#14944 = DIRECTION('',(-1.,0.,0.));
#14945 = ADVANCED_FACE('',(#14946),#14957,.F.);
#14946 = FACE_BOUND('',#14947,.T.);
#14947 = EDGE_LOOP('',(#14948,#14949,#14955,#14956));
#14948 = ORIENTED_EDGE('',*,*,#1939,.T.);
#14949 = ORIENTED_EDGE('',*,*,#14950,.T.);
#14950 = EDGE_CURVE('',#1940,#7773,#14951,.T.);
#14951 = LINE('',#14952,#14953);
#14952 = CARTESIAN_POINT('',(282.05925,-174.29226,-4.6E-02));
#14953 = VECTOR('',#14954,1.);
#14954 = DIRECTION('',(0.,0.,1.));
#14955 = ORIENTED_EDGE('',*,*,#7772,.F.);
#14956 = ORIENTED_EDGE('',*,*,#14950,.F.);
#14957 = CYLINDRICAL_SURFACE('',#14958,0.8509);
#14958 = AXIS2_PLACEMENT_3D('',#14959,#14960,#14961);
#14959 = CARTESIAN_POINT('',(282.05925,-173.44136,-4.6E-02));
#14960 = DIRECTION('',(-0.,-0.,-1.));
#14961 = DIRECTION('',(-0.,-1.,0.));
#14962 = ADVANCED_FACE('',(#14963),#14974,.F.);
#14963 = FACE_BOUND('',#14964,.T.);
#14964 = EDGE_LOOP('',(#14965,#14966,#14972,#14973));
#14965 = ORIENTED_EDGE('',*,*,#1950,.T.);
#14966 = ORIENTED_EDGE('',*,*,#14967,.T.);
#14967 = EDGE_CURVE('',#1951,#7784,#14968,.T.);
#14968 = LINE('',#14969,#14970);
#14969 = CARTESIAN_POINT('',(287.13925,-175.43526,-4.6E-02));
#14970 = VECTOR('',#14971,1.);
#14971 = DIRECTION('',(0.,0.,1.));
#14972 = ORIENTED_EDGE('',*,*,#7783,.F.);
#14973 = ORIENTED_EDGE('',*,*,#14967,.F.);
#14974 = CYLINDRICAL_SURFACE('',#14975,1.9939);
#14975 = AXIS2_PLACEMENT_3D('',#14976,#14977,#14978);
#14976 = CARTESIAN_POINT('',(287.13925,-173.44136,-4.6E-02));
#14977 = DIRECTION('',(-0.,-0.,-1.));
#14978 = DIRECTION('',(-0.,-1.,0.));
#14979 = ADVANCED_FACE('',(#14980),#14991,.F.);
#14980 = FACE_BOUND('',#14981,.T.);
#14981 = EDGE_LOOP('',(#14982,#14983,#14989,#14990));
#14982 = ORIENTED_EDGE('',*,*,#1961,.T.);
#14983 = ORIENTED_EDGE('',*,*,#14984,.T.);
#14984 = EDGE_CURVE('',#1962,#7795,#14985,.T.);
#14985 = LINE('',#14986,#14987);
#14986 = CARTESIAN_POINT('',(283.32925,-172.40136,-4.6E-02));
#14987 = VECTOR('',#14988,1.);
#14988 = DIRECTION('',(0.,0.,1.));
#14989 = ORIENTED_EDGE('',*,*,#7794,.F.);
#14990 = ORIENTED_EDGE('',*,*,#14984,.F.);
#14991 = CYLINDRICAL_SURFACE('',#14992,1.5);
#14992 = AXIS2_PLACEMENT_3D('',#14993,#14994,#14995);
#14993 = CARTESIAN_POINT('',(283.32925,-170.90136,-4.6E-02));
#14994 = DIRECTION('',(-0.,-0.,-1.));
#14995 = DIRECTION('',(-0.,-1.,0.));
#14996 = ADVANCED_FACE('',(#14997),#15008,.F.);
#14997 = FACE_BOUND('',#14998,.T.);
#14998 = EDGE_LOOP('',(#14999,#15000,#15006,#15007));
#14999 = ORIENTED_EDGE('',*,*,#1972,.T.);
#15000 = ORIENTED_EDGE('',*,*,#15001,.T.);
#15001 = EDGE_CURVE('',#1973,#7806,#15002,.T.);
#15002 = LINE('',#15003,#15004);
#15003 = CARTESIAN_POINT('',(292.21925,-174.29226,-4.6E-02));
#15004 = VECTOR('',#15005,1.);
#15005 = DIRECTION('',(0.,0.,1.));
#15006 = ORIENTED_EDGE('',*,*,#7805,.F.);
#15007 = ORIENTED_EDGE('',*,*,#15001,.F.);
#15008 = CYLINDRICAL_SURFACE('',#15009,0.8509);
#15009 = AXIS2_PLACEMENT_3D('',#15010,#15011,#15012);
#15010 = CARTESIAN_POINT('',(292.21925,-173.44136,-4.6E-02));
#15011 = DIRECTION('',(-0.,-0.,-1.));
#15012 = DIRECTION('',(-0.,-1.,0.));
#15013 = ADVANCED_FACE('',(#15014),#15025,.F.);
#15014 = FACE_BOUND('',#15015,.T.);
#15015 = EDGE_LOOP('',(#15016,#15017,#15023,#15024));
#15016 = ORIENTED_EDGE('',*,*,#1983,.T.);
#15017 = ORIENTED_EDGE('',*,*,#15018,.T.);
#15018 = EDGE_CURVE('',#1984,#7817,#15019,.T.);
#15019 = LINE('',#15020,#15021);
#15020 = CARTESIAN_POINT('',(305.87175,-174.29226,-4.6E-02));
#15021 = VECTOR('',#15022,1.);
#15022 = DIRECTION('',(0.,0.,1.));
#15023 = ORIENTED_EDGE('',*,*,#7816,.F.);
#15024 = ORIENTED_EDGE('',*,*,#15018,.F.);
#15025 = CYLINDRICAL_SURFACE('',#15026,0.8509);
#15026 = AXIS2_PLACEMENT_3D('',#15027,#15028,#15029);
#15027 = CARTESIAN_POINT('',(305.87175,-173.44136,-4.6E-02));
#15028 = DIRECTION('',(-0.,-0.,-1.));
#15029 = DIRECTION('',(-0.,-1.,0.));
#15030 = ADVANCED_FACE('',(#15031),#15047,.T.);
#15031 = FACE_BOUND('',#15032,.T.);
#15032 = EDGE_LOOP('',(#15033,#15039,#15040,#15046));
#15033 = ORIENTED_EDGE('',*,*,#15034,.T.);
#15034 = EDGE_CURVE('',#1995,#7828,#15035,.T.);
#15035 = LINE('',#15036,#15037);
#15036 = CARTESIAN_POINT('',(309.25175,-180.44136,0.));
#15037 = VECTOR('',#15038,1.);
#15038 = DIRECTION('',(0.,0.,1.));
#15039 = ORIENTED_EDGE('',*,*,#7827,.T.);
#15040 = ORIENTED_EDGE('',*,*,#15041,.F.);
#15041 = EDGE_CURVE('',#1997,#7830,#15042,.T.);
#15042 = LINE('',#15043,#15044);
#15043 = CARTESIAN_POINT('',(312.65175,-180.44136,0.));
#15044 = VECTOR('',#15045,1.);
#15045 = DIRECTION('',(0.,0.,1.));
#15046 = ORIENTED_EDGE('',*,*,#1994,.F.);
#15047 = PLANE('',#15048);
#15048 = AXIS2_PLACEMENT_3D('',#15049,#15050,#15051);
#15049 = CARTESIAN_POINT('',(309.25175,-180.44136,0.));
#15050 = DIRECTION('',(0.,1.,0.));
#15051 = DIRECTION('',(1.,0.,0.));
#15052 = ADVANCED_FACE('',(#15053),#15064,.T.);
#15053 = FACE_BOUND('',#15054,.T.);
#15054 = EDGE_LOOP('',(#15055,#15061,#15062,#15063));
#15055 = ORIENTED_EDGE('',*,*,#15056,.T.);
#15056 = EDGE_CURVE('',#2005,#7838,#15057,.T.);
#15057 = LINE('',#15058,#15059);
#15058 = CARTESIAN_POINT('',(309.25175,-177.44136,0.));
#15059 = VECTOR('',#15060,1.);
#15060 = DIRECTION('',(0.,0.,1.));
#15061 = ORIENTED_EDGE('',*,*,#7837,.T.);
#15062 = ORIENTED_EDGE('',*,*,#15034,.F.);
#15063 = ORIENTED_EDGE('',*,*,#2004,.F.);
#15064 = PLANE('',#15065);
#15065 = AXIS2_PLACEMENT_3D('',#15066,#15067,#15068);
#15066 = CARTESIAN_POINT('',(309.25175,-177.44136,0.));
#15067 = DIRECTION('',(1.,0.,-0.));
#15068 = DIRECTION('',(0.,-1.,0.));
#15069 = ADVANCED_FACE('',(#15070),#15081,.T.);
#15070 = FACE_BOUND('',#15071,.T.);
#15071 = EDGE_LOOP('',(#15072,#15073,#15074,#15080));
#15072 = ORIENTED_EDGE('',*,*,#15041,.T.);
#15073 = ORIENTED_EDGE('',*,*,#7853,.T.);
#15074 = ORIENTED_EDGE('',*,*,#15075,.F.);
#15075 = EDGE_CURVE('',#2013,#7846,#15076,.T.);
#15076 = LINE('',#15077,#15078);
#15077 = CARTESIAN_POINT('',(312.65175,-177.44136,0.));
#15078 = VECTOR('',#15079,1.);
#15079 = DIRECTION('',(0.,0.,1.));
#15080 = ORIENTED_EDGE('',*,*,#2020,.F.);
#15081 = PLANE('',#15082);
#15082 = AXIS2_PLACEMENT_3D('',#15083,#15084,#15085);
#15083 = CARTESIAN_POINT('',(312.65175,-180.44136,0.));
#15084 = DIRECTION('',(-1.,0.,0.));
#15085 = DIRECTION('',(0.,1.,0.));
#15086 = ADVANCED_FACE('',(#15087),#15093,.T.);
#15087 = FACE_BOUND('',#15088,.T.);
#15088 = EDGE_LOOP('',(#15089,#15090,#15091,#15092));
#15089 = ORIENTED_EDGE('',*,*,#15075,.T.);
#15090 = ORIENTED_EDGE('',*,*,#7845,.T.);
#15091 = ORIENTED_EDGE('',*,*,#15056,.F.);
#15092 = ORIENTED_EDGE('',*,*,#2012,.F.);
#15093 = PLANE('',#15094);
#15094 = AXIS2_PLACEMENT_3D('',#15095,#15096,#15097);
#15095 = CARTESIAN_POINT('',(312.65175,-177.44136,0.));
#15096 = DIRECTION('',(0.,-1.,0.));
#15097 = DIRECTION('',(-1.,0.,0.));
#15098 = ADVANCED_FACE('',(#15099),#15115,.T.);
#15099 = FACE_BOUND('',#15100,.T.);
#15100 = EDGE_LOOP('',(#15101,#15107,#15108,#15114));
#15101 = ORIENTED_EDGE('',*,*,#15102,.T.);
#15102 = EDGE_CURVE('',#2029,#7862,#15103,.T.);
#15103 = LINE('',#15104,#15105);
#15104 = CARTESIAN_POINT('',(333.06425,-180.44136,0.));
#15105 = VECTOR('',#15106,1.);
#15106 = DIRECTION('',(0.,0.,1.));
#15107 = ORIENTED_EDGE('',*,*,#7861,.T.);
#15108 = ORIENTED_EDGE('',*,*,#15109,.F.);
#15109 = EDGE_CURVE('',#2031,#7864,#15110,.T.);
#15110 = LINE('',#15111,#15112);
#15111 = CARTESIAN_POINT('',(336.46425,-180.44136,0.));
#15112 = VECTOR('',#15113,1.);
#15113 = DIRECTION('',(0.,0.,1.));
#15114 = ORIENTED_EDGE('',*,*,#2028,.F.);
#15115 = PLANE('',#15116);
#15116 = AXIS2_PLACEMENT_3D('',#15117,#15118,#15119);
#15117 = CARTESIAN_POINT('',(333.06425,-180.44136,0.));
#15118 = DIRECTION('',(0.,1.,0.));
#15119 = DIRECTION('',(1.,0.,0.));
#15120 = ADVANCED_FACE('',(#15121),#15132,.T.);
#15121 = FACE_BOUND('',#15122,.T.);
#15122 = EDGE_LOOP('',(#15123,#15129,#15130,#15131));
#15123 = ORIENTED_EDGE('',*,*,#15124,.T.);
#15124 = EDGE_CURVE('',#2039,#7872,#15125,.T.);
#15125 = LINE('',#15126,#15127);
#15126 = CARTESIAN_POINT('',(333.06425,-177.44136,0.));
#15127 = VECTOR('',#15128,1.);
#15128 = DIRECTION('',(0.,0.,1.));
#15129 = ORIENTED_EDGE('',*,*,#7871,.T.);
#15130 = ORIENTED_EDGE('',*,*,#15102,.F.);
#15131 = ORIENTED_EDGE('',*,*,#2038,.F.);
#15132 = PLANE('',#15133);
#15133 = AXIS2_PLACEMENT_3D('',#15134,#15135,#15136);
#15134 = CARTESIAN_POINT('',(333.06425,-177.44136,0.));
#15135 = DIRECTION('',(1.,0.,-0.));
#15136 = DIRECTION('',(0.,-1.,0.));
#15137 = ADVANCED_FACE('',(#15138),#15149,.T.);
#15138 = FACE_BOUND('',#15139,.T.);
#15139 = EDGE_LOOP('',(#15140,#15141,#15142,#15148));
#15140 = ORIENTED_EDGE('',*,*,#15109,.T.);
#15141 = ORIENTED_EDGE('',*,*,#7887,.T.);
#15142 = ORIENTED_EDGE('',*,*,#15143,.F.);
#15143 = EDGE_CURVE('',#2047,#7880,#15144,.T.);
#15144 = LINE('',#15145,#15146);
#15145 = CARTESIAN_POINT('',(336.46425,-177.44136,0.));
#15146 = VECTOR('',#15147,1.);
#15147 = DIRECTION('',(0.,0.,1.));
#15148 = ORIENTED_EDGE('',*,*,#2054,.F.);
#15149 = PLANE('',#15150);
#15150 = AXIS2_PLACEMENT_3D('',#15151,#15152,#15153);
#15151 = CARTESIAN_POINT('',(336.46425,-180.44136,0.));
#15152 = DIRECTION('',(-1.,0.,0.));
#15153 = DIRECTION('',(0.,1.,0.));
#15154 = ADVANCED_FACE('',(#15155),#15161,.T.);
#15155 = FACE_BOUND('',#15156,.T.);
#15156 = EDGE_LOOP('',(#15157,#15158,#15159,#15160));
#15157 = ORIENTED_EDGE('',*,*,#15143,.T.);
#15158 = ORIENTED_EDGE('',*,*,#7879,.T.);
#15159 = ORIENTED_EDGE('',*,*,#15124,.F.);
#15160 = ORIENTED_EDGE('',*,*,#2046,.F.);
#15161 = PLANE('',#15162);
#15162 = AXIS2_PLACEMENT_3D('',#15163,#15164,#15165);
#15163 = CARTESIAN_POINT('',(336.46425,-177.44136,0.));
#15164 = DIRECTION('',(0.,-1.,0.));
#15165 = DIRECTION('',(-1.,0.,0.));
#15166 = ADVANCED_FACE('',(#15167),#15178,.F.);
#15167 = FACE_BOUND('',#15168,.T.);
#15168 = EDGE_LOOP('',(#15169,#15170,#15176,#15177));
#15169 = ORIENTED_EDGE('',*,*,#2062,.T.);
#15170 = ORIENTED_EDGE('',*,*,#15171,.T.);
#15171 = EDGE_CURVE('',#2063,#7896,#15172,.T.);
#15172 = LINE('',#15173,#15174);
#15173 = CARTESIAN_POINT('',(310.95175,-175.43526,-4.6E-02));
#15174 = VECTOR('',#15175,1.);
#15175 = DIRECTION('',(0.,0.,1.));
#15176 = ORIENTED_EDGE('',*,*,#7895,.F.);
#15177 = ORIENTED_EDGE('',*,*,#15171,.F.);
#15178 = CYLINDRICAL_SURFACE('',#15179,1.9939);
#15179 = AXIS2_PLACEMENT_3D('',#15180,#15181,#15182);
#15180 = CARTESIAN_POINT('',(310.95175,-173.44136,-4.6E-02));
#15181 = DIRECTION('',(-0.,-0.,-1.));
#15182 = DIRECTION('',(-0.,-1.,0.));
#15183 = ADVANCED_FACE('',(#15184),#15195,.F.);
#15184 = FACE_BOUND('',#15185,.T.);
#15185 = EDGE_LOOP('',(#15186,#15187,#15193,#15194));
#15186 = ORIENTED_EDGE('',*,*,#2073,.T.);
#15187 = ORIENTED_EDGE('',*,*,#15188,.T.);
#15188 = EDGE_CURVE('',#2074,#7907,#15189,.T.);
#15189 = LINE('',#15190,#15191);
#15190 = CARTESIAN_POINT('',(316.03175,-174.29226,-4.6E-02));
#15191 = VECTOR('',#15192,1.);
#15192 = DIRECTION('',(0.,0.,1.));
#15193 = ORIENTED_EDGE('',*,*,#7906,.F.);
#15194 = ORIENTED_EDGE('',*,*,#15188,.F.);
#15195 = CYLINDRICAL_SURFACE('',#15196,0.8509);
#15196 = AXIS2_PLACEMENT_3D('',#15197,#15198,#15199);
#15197 = CARTESIAN_POINT('',(316.03175,-173.44136,-4.6E-02));
#15198 = DIRECTION('',(-0.,-0.,-1.));
#15199 = DIRECTION('',(-0.,-1.,0.));
#15200 = ADVANCED_FACE('',(#15201),#15212,.F.);
#15201 = FACE_BOUND('',#15202,.T.);
#15202 = EDGE_LOOP('',(#15203,#15204,#15210,#15211));
#15203 = ORIENTED_EDGE('',*,*,#2084,.T.);
#15204 = ORIENTED_EDGE('',*,*,#15205,.T.);
#15205 = EDGE_CURVE('',#2085,#7918,#15206,.T.);
#15206 = LINE('',#15207,#15208);
#15207 = CARTESIAN_POINT('',(307.14175,-172.40136,-4.6E-02));
#15208 = VECTOR('',#15209,1.);
#15209 = DIRECTION('',(0.,0.,1.));
#15210 = ORIENTED_EDGE('',*,*,#7917,.F.);
#15211 = ORIENTED_EDGE('',*,*,#15205,.F.);
#15212 = CYLINDRICAL_SURFACE('',#15213,1.5);
#15213 = AXIS2_PLACEMENT_3D('',#15214,#15215,#15216);
#15214 = CARTESIAN_POINT('',(307.14175,-170.90136,-4.6E-02));
#15215 = DIRECTION('',(-0.,-0.,-1.));
#15216 = DIRECTION('',(-0.,-1.,0.));
#15217 = ADVANCED_FACE('',(#15218),#15229,.F.);
#15218 = FACE_BOUND('',#15219,.T.);
#15219 = EDGE_LOOP('',(#15220,#15221,#15227,#15228));
#15220 = ORIENTED_EDGE('',*,*,#2095,.T.);
#15221 = ORIENTED_EDGE('',*,*,#15222,.T.);
#15222 = EDGE_CURVE('',#2096,#7929,#15223,.T.);
#15223 = LINE('',#15224,#15225);
#15224 = CARTESIAN_POINT('',(329.68425,-174.29226,-4.6E-02));
#15225 = VECTOR('',#15226,1.);
#15226 = DIRECTION('',(0.,0.,1.));
#15227 = ORIENTED_EDGE('',*,*,#7928,.F.);
#15228 = ORIENTED_EDGE('',*,*,#15222,.F.);
#15229 = CYLINDRICAL_SURFACE('',#15230,0.8509);
#15230 = AXIS2_PLACEMENT_3D('',#15231,#15232,#15233);
#15231 = CARTESIAN_POINT('',(329.68425,-173.44136,-4.6E-02));
#15232 = DIRECTION('',(-0.,-0.,-1.));
#15233 = DIRECTION('',(-0.,-1.,0.));
#15234 = ADVANCED_FACE('',(#15235),#15246,.F.);
#15235 = FACE_BOUND('',#15236,.T.);
#15236 = EDGE_LOOP('',(#15237,#15238,#15244,#15245));
#15237 = ORIENTED_EDGE('',*,*,#2106,.T.);
#15238 = ORIENTED_EDGE('',*,*,#15239,.T.);
#15239 = EDGE_CURVE('',#2107,#7940,#15240,.T.);
#15240 = LINE('',#15241,#15242);
#15241 = CARTESIAN_POINT('',(334.76425,-175.43526,-4.6E-02));
#15242 = VECTOR('',#15243,1.);
#15243 = DIRECTION('',(0.,0.,1.));
#15244 = ORIENTED_EDGE('',*,*,#7939,.F.);
#15245 = ORIENTED_EDGE('',*,*,#15239,.F.);
#15246 = CYLINDRICAL_SURFACE('',#15247,1.9939);
#15247 = AXIS2_PLACEMENT_3D('',#15248,#15249,#15250);
#15248 = CARTESIAN_POINT('',(334.76425,-173.44136,-4.6E-02));
#15249 = DIRECTION('',(-0.,-0.,-1.));
#15250 = DIRECTION('',(-0.,-1.,0.));
#15251 = ADVANCED_FACE('',(#15252),#15263,.F.);
#15252 = FACE_BOUND('',#15253,.T.);
#15253 = EDGE_LOOP('',(#15254,#15255,#15261,#15262));
#15254 = ORIENTED_EDGE('',*,*,#2117,.T.);
#15255 = ORIENTED_EDGE('',*,*,#15256,.T.);
#15256 = EDGE_CURVE('',#2118,#7951,#15257,.T.);
#15257 = LINE('',#15258,#15259);
#15258 = CARTESIAN_POINT('',(339.84425,-174.29226,-4.6E-02));
#15259 = VECTOR('',#15260,1.);
#15260 = DIRECTION('',(0.,0.,1.));
#15261 = ORIENTED_EDGE('',*,*,#7950,.F.);
#15262 = ORIENTED_EDGE('',*,*,#15256,.F.);
#15263 = CYLINDRICAL_SURFACE('',#15264,0.8509);
#15264 = AXIS2_PLACEMENT_3D('',#15265,#15266,#15267);
#15265 = CARTESIAN_POINT('',(339.84425,-173.44136,-4.6E-02));
#15266 = DIRECTION('',(-0.,-0.,-1.));
#15267 = DIRECTION('',(-0.,-1.,0.));
#15268 = ADVANCED_FACE('',(#15269),#15280,.F.);
#15269 = FACE_BOUND('',#15270,.T.);
#15270 = EDGE_LOOP('',(#15271,#15272,#15278,#15279));
#15271 = ORIENTED_EDGE('',*,*,#2128,.T.);
#15272 = ORIENTED_EDGE('',*,*,#15273,.T.);
#15273 = EDGE_CURVE('',#2129,#7962,#15274,.T.);
#15274 = LINE('',#15275,#15276);
#15275 = CARTESIAN_POINT('',(330.95425,-172.40136,-4.6E-02));
#15276 = VECTOR('',#15277,1.);
#15277 = DIRECTION('',(0.,0.,1.));
#15278 = ORIENTED_EDGE('',*,*,#7961,.F.);
#15279 = ORIENTED_EDGE('',*,*,#15273,.F.);
#15280 = CYLINDRICAL_SURFACE('',#15281,1.5);
#15281 = AXIS2_PLACEMENT_3D('',#15282,#15283,#15284);
#15282 = CARTESIAN_POINT('',(330.95425,-170.90136,-4.6E-02));
#15283 = DIRECTION('',(-0.,-0.,-1.));
#15284 = DIRECTION('',(-0.,-1.,0.));
#15285 = ADVANCED_FACE('',(#15286),#15297,.F.);
#15286 = FACE_BOUND('',#15287,.T.);
#15287 = EDGE_LOOP('',(#15288,#15289,#15295,#15296));
#15288 = ORIENTED_EDGE('',*,*,#2139,.T.);
#15289 = ORIENTED_EDGE('',*,*,#15290,.T.);
#15290 = EDGE_CURVE('',#2140,#7973,#15291,.T.);
#15291 = LINE('',#15292,#15293);
#15292 = CARTESIAN_POINT('',(289.67925,-169.86136,-4.6E-02));
#15293 = VECTOR('',#15294,1.);
#15294 = DIRECTION('',(0.,0.,1.));
#15295 = ORIENTED_EDGE('',*,*,#7972,.F.);
#15296 = ORIENTED_EDGE('',*,*,#15290,.F.);
#15297 = CYLINDRICAL_SURFACE('',#15298,1.5);
#15298 = AXIS2_PLACEMENT_3D('',#15299,#15300,#15301);
#15299 = CARTESIAN_POINT('',(289.67925,-168.36136,-4.6E-02));
#15300 = DIRECTION('',(-0.,-0.,-1.));
#15301 = DIRECTION('',(-0.,-1.,0.));
#15302 = ADVANCED_FACE('',(#15303),#15319,.T.);
#15303 = FACE_BOUND('',#15304,.T.);
#15304 = EDGE_LOOP('',(#15305,#15311,#15312,#15318));
#15305 = ORIENTED_EDGE('',*,*,#15306,.T.);
#15306 = EDGE_CURVE('',#2151,#7984,#15307,.T.);
#15307 = LINE('',#15308,#15309);
#15308 = CARTESIAN_POINT('',(283.108,-161.39136,0.));
#15309 = VECTOR('',#15310,1.);
#15310 = DIRECTION('',(0.,0.,1.));
#15311 = ORIENTED_EDGE('',*,*,#7983,.T.);
#15312 = ORIENTED_EDGE('',*,*,#15313,.F.);
#15313 = EDGE_CURVE('',#2153,#7986,#15314,.T.);
#15314 = LINE('',#15315,#15316);
#15315 = CARTESIAN_POINT('',(286.508,-161.39136,0.));
#15316 = VECTOR('',#15317,1.);
#15317 = DIRECTION('',(0.,0.,1.));
#15318 = ORIENTED_EDGE('',*,*,#2150,.F.);
#15319 = PLANE('',#15320);
#15320 = AXIS2_PLACEMENT_3D('',#15321,#15322,#15323);
#15321 = CARTESIAN_POINT('',(283.108,-161.39136,0.));
#15322 = DIRECTION('',(0.,1.,0.));
#15323 = DIRECTION('',(1.,0.,0.));
#15324 = ADVANCED_FACE('',(#15325),#15336,.T.);
#15325 = FACE_BOUND('',#15326,.T.);
#15326 = EDGE_LOOP('',(#15327,#15333,#15334,#15335));
#15327 = ORIENTED_EDGE('',*,*,#15328,.T.);
#15328 = EDGE_CURVE('',#2161,#7994,#15329,.T.);
#15329 = LINE('',#15330,#15331);
#15330 = CARTESIAN_POINT('',(283.108,-158.39136,0.));
#15331 = VECTOR('',#15332,1.);
#15332 = DIRECTION('',(0.,0.,1.));
#15333 = ORIENTED_EDGE('',*,*,#7993,.T.);
#15334 = ORIENTED_EDGE('',*,*,#15306,.F.);
#15335 = ORIENTED_EDGE('',*,*,#2160,.F.);
#15336 = PLANE('',#15337);
#15337 = AXIS2_PLACEMENT_3D('',#15338,#15339,#15340);
#15338 = CARTESIAN_POINT('',(283.108,-158.39136,0.));
#15339 = DIRECTION('',(1.,0.,-0.));
#15340 = DIRECTION('',(0.,-1.,0.));
#15341 = ADVANCED_FACE('',(#15342),#15353,.T.);
#15342 = FACE_BOUND('',#15343,.T.);
#15343 = EDGE_LOOP('',(#15344,#15345,#15346,#15352));
#15344 = ORIENTED_EDGE('',*,*,#15313,.T.);
#15345 = ORIENTED_EDGE('',*,*,#8009,.T.);
#15346 = ORIENTED_EDGE('',*,*,#15347,.F.);
#15347 = EDGE_CURVE('',#2169,#8002,#15348,.T.);
#15348 = LINE('',#15349,#15350);
#15349 = CARTESIAN_POINT('',(286.508,-158.39136,0.));
#15350 = VECTOR('',#15351,1.);
#15351 = DIRECTION('',(0.,0.,1.));
#15352 = ORIENTED_EDGE('',*,*,#2176,.F.);
#15353 = PLANE('',#15354);
#15354 = AXIS2_PLACEMENT_3D('',#15355,#15356,#15357);
#15355 = CARTESIAN_POINT('',(286.508,-161.39136,0.));
#15356 = DIRECTION('',(-1.,0.,0.));
#15357 = DIRECTION('',(0.,1.,0.));
#15358 = ADVANCED_FACE('',(#15359),#15365,.T.);
#15359 = FACE_BOUND('',#15360,.T.);
#15360 = EDGE_LOOP('',(#15361,#15362,#15363,#15364));
#15361 = ORIENTED_EDGE('',*,*,#15347,.T.);
#15362 = ORIENTED_EDGE('',*,*,#8001,.T.);
#15363 = ORIENTED_EDGE('',*,*,#15328,.F.);
#15364 = ORIENTED_EDGE('',*,*,#2168,.F.);
#15365 = PLANE('',#15366);
#15366 = AXIS2_PLACEMENT_3D('',#15367,#15368,#15369);
#15367 = CARTESIAN_POINT('',(286.508,-158.39136,0.));
#15368 = DIRECTION('',(0.,-1.,0.));
#15369 = DIRECTION('',(-1.,0.,0.));
#15370 = ADVANCED_FACE('',(#15371),#15382,.F.);
#15371 = FACE_BOUND('',#15372,.T.);
#15372 = EDGE_LOOP('',(#15373,#15374,#15380,#15381));
#15373 = ORIENTED_EDGE('',*,*,#2184,.T.);
#15374 = ORIENTED_EDGE('',*,*,#15375,.T.);
#15375 = EDGE_CURVE('',#2185,#8018,#15376,.T.);
#15376 = LINE('',#15377,#15378);
#15377 = CARTESIAN_POINT('',(313.49175,-169.86136,-4.6E-02));
#15378 = VECTOR('',#15379,1.);
#15379 = DIRECTION('',(0.,0.,1.));
#15380 = ORIENTED_EDGE('',*,*,#8017,.F.);
#15381 = ORIENTED_EDGE('',*,*,#15375,.F.);
#15382 = CYLINDRICAL_SURFACE('',#15383,1.5);
#15383 = AXIS2_PLACEMENT_3D('',#15384,#15385,#15386);
#15384 = CARTESIAN_POINT('',(313.49175,-168.36136,-4.6E-02));
#15385 = DIRECTION('',(-0.,-0.,-1.));
#15386 = DIRECTION('',(-0.,-1.,0.));
#15387 = ADVANCED_FACE('',(#15388),#15399,.F.);
#15388 = FACE_BOUND('',#15389,.T.);
#15389 = EDGE_LOOP('',(#15390,#15391,#15397,#15398));
#15390 = ORIENTED_EDGE('',*,*,#2195,.T.);
#15391 = ORIENTED_EDGE('',*,*,#15392,.T.);
#15392 = EDGE_CURVE('',#2196,#8029,#15393,.T.);
#15393 = LINE('',#15394,#15395);
#15394 = CARTESIAN_POINT('',(322.27,-169.1,-4.6E-02));
#15395 = VECTOR('',#15396,1.);
#15396 = DIRECTION('',(0.,0.,1.));
#15397 = ORIENTED_EDGE('',*,*,#8028,.F.);
#15398 = ORIENTED_EDGE('',*,*,#15392,.F.);
#15399 = CYLINDRICAL_SURFACE('',#15400,1.1);
#15400 = AXIS2_PLACEMENT_3D('',#15401,#15402,#15403);
#15401 = CARTESIAN_POINT('',(322.27,-168.,-4.6E-02));
#15402 = DIRECTION('',(-0.,-0.,-1.));
#15403 = DIRECTION('',(-0.,-1.,0.));
#15404 = ADVANCED_FACE('',(#15405),#15416,.F.);
#15405 = FACE_BOUND('',#15406,.T.);
#15406 = EDGE_LOOP('',(#15407,#15408,#15414,#15415));
#15407 = ORIENTED_EDGE('',*,*,#2206,.T.);
#15408 = ORIENTED_EDGE('',*,*,#15409,.T.);
#15409 = EDGE_CURVE('',#2207,#8040,#15410,.T.);
#15410 = LINE('',#15411,#15412);
#15411 = CARTESIAN_POINT('',(337.30425,-169.86136,-4.6E-02));
#15412 = VECTOR('',#15413,1.);
#15413 = DIRECTION('',(0.,0.,1.));
#15414 = ORIENTED_EDGE('',*,*,#8039,.F.);
#15415 = ORIENTED_EDGE('',*,*,#15409,.F.);
#15416 = CYLINDRICAL_SURFACE('',#15417,1.5);
#15417 = AXIS2_PLACEMENT_3D('',#15418,#15419,#15420);
#15418 = CARTESIAN_POINT('',(337.30425,-168.36136,-4.6E-02));
#15419 = DIRECTION('',(-0.,-0.,-1.));
#15420 = DIRECTION('',(-0.,-1.,0.));
#15421 = ADVANCED_FACE('',(#15422),#15433,.F.);
#15422 = FACE_BOUND('',#15423,.T.);
#15423 = EDGE_LOOP('',(#15424,#15425,#15431,#15432));
#15424 = ORIENTED_EDGE('',*,*,#2217,.T.);
#15425 = ORIENTED_EDGE('',*,*,#15426,.T.);
#15426 = EDGE_CURVE('',#2218,#8051,#15427,.T.);
#15427 = LINE('',#15428,#15429);
#15428 = CARTESIAN_POINT('',(308.53875,-164.64026,-4.6E-02));
#15429 = VECTOR('',#15430,1.);
#15430 = DIRECTION('',(0.,0.,1.));
#15431 = ORIENTED_EDGE('',*,*,#8050,.F.);
#15432 = ORIENTED_EDGE('',*,*,#15426,.F.);
#15433 = CYLINDRICAL_SURFACE('',#15434,1.9939);
#15434 = AXIS2_PLACEMENT_3D('',#15435,#15436,#15437);
#15435 = CARTESIAN_POINT('',(308.53875,-162.64636,-4.6E-02));
#15436 = DIRECTION('',(-0.,-0.,-1.));
#15437 = DIRECTION('',(-0.,-1.,0.));
#15438 = ADVANCED_FACE('',(#15439),#15455,.T.);
#15439 = FACE_BOUND('',#15440,.T.);
#15440 = EDGE_LOOP('',(#15441,#15447,#15448,#15454));
#15441 = ORIENTED_EDGE('',*,*,#15442,.T.);
#15442 = EDGE_CURVE('',#2229,#8062,#15443,.T.);
#15443 = LINE('',#15444,#15445);
#15444 = CARTESIAN_POINT('',(318.82675,-161.39136,0.));
#15445 = VECTOR('',#15446,1.);
#15446 = DIRECTION('',(0.,0.,1.));
#15447 = ORIENTED_EDGE('',*,*,#8061,.T.);
#15448 = ORIENTED_EDGE('',*,*,#15449,.F.);
#15449 = EDGE_CURVE('',#2231,#8064,#15450,.T.);
#15450 = LINE('',#15451,#15452);
#15451 = CARTESIAN_POINT('',(322.22675,-161.39136,0.));
#15452 = VECTOR('',#15453,1.);
#15453 = DIRECTION('',(0.,0.,1.));
#15454 = ORIENTED_EDGE('',*,*,#2228,.F.);
#15455 = PLANE('',#15456);
#15456 = AXIS2_PLACEMENT_3D('',#15457,#15458,#15459);
#15457 = CARTESIAN_POINT('',(318.82675,-161.39136,0.));
#15458 = DIRECTION('',(0.,1.,0.));
#15459 = DIRECTION('',(1.,0.,0.));
#15460 = ADVANCED_FACE('',(#15461),#15472,.T.);
#15461 = FACE_BOUND('',#15462,.T.);
#15462 = EDGE_LOOP('',(#15463,#15469,#15470,#15471));
#15463 = ORIENTED_EDGE('',*,*,#15464,.T.);
#15464 = EDGE_CURVE('',#2239,#8072,#15465,.T.);
#15465 = LINE('',#15466,#15467);
#15466 = CARTESIAN_POINT('',(318.82675,-158.39136,0.));
#15467 = VECTOR('',#15468,1.);
#15468 = DIRECTION('',(0.,0.,1.));
#15469 = ORIENTED_EDGE('',*,*,#8071,.T.);
#15470 = ORIENTED_EDGE('',*,*,#15442,.F.);
#15471 = ORIENTED_EDGE('',*,*,#2238,.F.);
#15472 = PLANE('',#15473);
#15473 = AXIS2_PLACEMENT_3D('',#15474,#15475,#15476);
#15474 = CARTESIAN_POINT('',(318.82675,-158.39136,0.));
#15475 = DIRECTION('',(1.,0.,-0.));
#15476 = DIRECTION('',(0.,-1.,0.));
#15477 = ADVANCED_FACE('',(#15478),#15489,.T.);
#15478 = FACE_BOUND('',#15479,.T.);
#15479 = EDGE_LOOP('',(#15480,#15481,#15482,#15488));
#15480 = ORIENTED_EDGE('',*,*,#15449,.T.);
#15481 = ORIENTED_EDGE('',*,*,#8087,.T.);
#15482 = ORIENTED_EDGE('',*,*,#15483,.F.);
#15483 = EDGE_CURVE('',#2247,#8080,#15484,.T.);
#15484 = LINE('',#15485,#15486);
#15485 = CARTESIAN_POINT('',(322.22675,-158.39136,0.));
#15486 = VECTOR('',#15487,1.);
#15487 = DIRECTION('',(0.,0.,1.));
#15488 = ORIENTED_EDGE('',*,*,#2254,.F.);
#15489 = PLANE('',#15490);
#15490 = AXIS2_PLACEMENT_3D('',#15491,#15492,#15493);
#15491 = CARTESIAN_POINT('',(322.22675,-161.39136,0.));
#15492 = DIRECTION('',(-1.,0.,0.));
#15493 = DIRECTION('',(0.,1.,0.));
#15494 = ADVANCED_FACE('',(#15495),#15501,.T.);
#15495 = FACE_BOUND('',#15496,.T.);
#15496 = EDGE_LOOP('',(#15497,#15498,#15499,#15500));
#15497 = ORIENTED_EDGE('',*,*,#15483,.T.);
#15498 = ORIENTED_EDGE('',*,*,#8079,.T.);
#15499 = ORIENTED_EDGE('',*,*,#15464,.F.);
#15500 = ORIENTED_EDGE('',*,*,#2246,.F.);
#15501 = PLANE('',#15502);
#15502 = AXIS2_PLACEMENT_3D('',#15503,#15504,#15505);
#15503 = CARTESIAN_POINT('',(322.22675,-158.39136,0.));
#15504 = DIRECTION('',(0.,-1.,0.));
#15505 = DIRECTION('',(-1.,0.,0.));
#15506 = ADVANCED_FACE('',(#15507),#15518,.F.);
#15507 = FACE_BOUND('',#15508,.T.);
#15508 = EDGE_LOOP('',(#15509,#15510,#15516,#15517));
#15509 = ORIENTED_EDGE('',*,*,#2262,.T.);
#15510 = ORIENTED_EDGE('',*,*,#15511,.T.);
#15511 = EDGE_CURVE('',#2263,#8096,#15512,.T.);
#15512 = LINE('',#15513,#15514);
#15513 = CARTESIAN_POINT('',(332.41475,-164.64026,-4.6E-02));
#15514 = VECTOR('',#15515,1.);
#15515 = DIRECTION('',(0.,0.,1.));
#15516 = ORIENTED_EDGE('',*,*,#8095,.F.);
#15517 = ORIENTED_EDGE('',*,*,#15511,.F.);
#15518 = CYLINDRICAL_SURFACE('',#15519,1.9939);
#15519 = AXIS2_PLACEMENT_3D('',#15520,#15521,#15522);
#15520 = CARTESIAN_POINT('',(332.41475,-162.64636,-4.6E-02));
#15521 = DIRECTION('',(-0.,-0.,-1.));
#15522 = DIRECTION('',(-0.,-1.,0.));
#15523 = ADVANCED_FACE('',(#15524),#15535,.F.);
#15524 = FACE_BOUND('',#15525,.T.);
#15525 = EDGE_LOOP('',(#15526,#15527,#15533,#15534));
#15526 = ORIENTED_EDGE('',*,*,#2273,.T.);
#15527 = ORIENTED_EDGE('',*,*,#15528,.T.);
#15528 = EDGE_CURVE('',#2274,#8107,#15529,.T.);
#15529 = LINE('',#15530,#15531);
#15530 = CARTESIAN_POINT('',(203.478,-155.24226,-4.6E-02));
#15531 = VECTOR('',#15532,1.);
#15532 = DIRECTION('',(0.,0.,1.));
#15533 = ORIENTED_EDGE('',*,*,#8106,.F.);
#15534 = ORIENTED_EDGE('',*,*,#15528,.F.);
#15535 = CYLINDRICAL_SURFACE('',#15536,0.8509);
#15536 = AXIS2_PLACEMENT_3D('',#15537,#15538,#15539);
#15537 = CARTESIAN_POINT('',(203.478,-154.39136,-4.6E-02));
#15538 = DIRECTION('',(-0.,-0.,-1.));
#15539 = DIRECTION('',(-0.,-1.,0.));
#15540 = ADVANCED_FACE('',(#15541),#15552,.F.);
#15541 = FACE_BOUND('',#15542,.T.);
#15542 = EDGE_LOOP('',(#15543,#15544,#15550,#15551));
#15543 = ORIENTED_EDGE('',*,*,#2284,.T.);
#15544 = ORIENTED_EDGE('',*,*,#15545,.T.);
#15545 = EDGE_CURVE('',#2285,#8118,#15546,.T.);
#15546 = LINE('',#15547,#15548);
#15547 = CARTESIAN_POINT('',(208.558,-156.38526,-4.6E-02));
#15548 = VECTOR('',#15549,1.);
#15549 = DIRECTION('',(0.,0.,1.));
#15550 = ORIENTED_EDGE('',*,*,#8117,.F.);
#15551 = ORIENTED_EDGE('',*,*,#15545,.F.);
#15552 = CYLINDRICAL_SURFACE('',#15553,1.9939);
#15553 = AXIS2_PLACEMENT_3D('',#15554,#15555,#15556);
#15554 = CARTESIAN_POINT('',(208.558,-154.39136,-4.6E-02));
#15555 = DIRECTION('',(-0.,-0.,-1.));
#15556 = DIRECTION('',(-0.,-1.,0.));
#15557 = ADVANCED_FACE('',(#15558),#15569,.F.);
#15558 = FACE_BOUND('',#15559,.T.);
#15559 = EDGE_LOOP('',(#15560,#15561,#15567,#15568));
#15560 = ORIENTED_EDGE('',*,*,#2295,.T.);
#15561 = ORIENTED_EDGE('',*,*,#15562,.T.);
#15562 = EDGE_CURVE('',#2296,#8129,#15563,.T.);
#15563 = LINE('',#15564,#15565);
#15564 = CARTESIAN_POINT('',(213.638,-155.24226,-4.6E-02));
#15565 = VECTOR('',#15566,1.);
#15566 = DIRECTION('',(0.,0.,1.));
#15567 = ORIENTED_EDGE('',*,*,#8128,.F.);
#15568 = ORIENTED_EDGE('',*,*,#15562,.F.);
#15569 = CYLINDRICAL_SURFACE('',#15570,0.8509);
#15570 = AXIS2_PLACEMENT_3D('',#15571,#15572,#15573);
#15571 = CARTESIAN_POINT('',(213.638,-154.39136,-4.6E-02));
#15572 = DIRECTION('',(-0.,-0.,-1.));
#15573 = DIRECTION('',(-0.,-1.,0.));
#15574 = ADVANCED_FACE('',(#15575),#15586,.F.);
#15575 = FACE_BOUND('',#15576,.T.);
#15576 = EDGE_LOOP('',(#15577,#15578,#15584,#15585));
#15577 = ORIENTED_EDGE('',*,*,#2306,.T.);
#15578 = ORIENTED_EDGE('',*,*,#15579,.T.);
#15579 = EDGE_CURVE('',#2307,#8140,#15580,.T.);
#15580 = LINE('',#15581,#15582);
#15581 = CARTESIAN_POINT('',(222.528,-155.24226,-4.6E-02));
#15582 = VECTOR('',#15583,1.);
#15583 = DIRECTION('',(0.,0.,1.));
#15584 = ORIENTED_EDGE('',*,*,#8139,.F.);
#15585 = ORIENTED_EDGE('',*,*,#15579,.F.);
#15586 = CYLINDRICAL_SURFACE('',#15587,0.8509);
#15587 = AXIS2_PLACEMENT_3D('',#15588,#15589,#15590);
#15588 = CARTESIAN_POINT('',(222.528,-154.39136,-4.6E-02));
#15589 = DIRECTION('',(-0.,-0.,-1.));
#15590 = DIRECTION('',(-0.,-1.,0.));
#15591 = ADVANCED_FACE('',(#15592),#15603,.F.);
#15592 = FACE_BOUND('',#15593,.T.);
#15593 = EDGE_LOOP('',(#15594,#15595,#15601,#15602));
#15594 = ORIENTED_EDGE('',*,*,#2317,.T.);
#15595 = ORIENTED_EDGE('',*,*,#15596,.T.);
#15596 = EDGE_CURVE('',#2318,#8151,#15597,.T.);
#15597 = LINE('',#15598,#15599);
#15598 = CARTESIAN_POINT('',(227.608,-156.38526,-4.6E-02));
#15599 = VECTOR('',#15600,1.);
#15600 = DIRECTION('',(0.,0.,1.));
#15601 = ORIENTED_EDGE('',*,*,#8150,.F.);
#15602 = ORIENTED_EDGE('',*,*,#15596,.F.);
#15603 = CYLINDRICAL_SURFACE('',#15604,1.9939);
#15604 = AXIS2_PLACEMENT_3D('',#15605,#15606,#15607);
#15605 = CARTESIAN_POINT('',(227.608,-154.39136,-4.6E-02));
#15606 = DIRECTION('',(-0.,-0.,-1.));
#15607 = DIRECTION('',(-0.,-1.,0.));
#15608 = ADVANCED_FACE('',(#15609),#15620,.F.);
#15609 = FACE_BOUND('',#15610,.T.);
#15610 = EDGE_LOOP('',(#15611,#15612,#15618,#15619));
#15611 = ORIENTED_EDGE('',*,*,#2328,.T.);
#15612 = ORIENTED_EDGE('',*,*,#15613,.T.);
#15613 = EDGE_CURVE('',#2329,#8162,#15614,.T.);
#15614 = LINE('',#15615,#15616);
#15615 = CARTESIAN_POINT('',(232.688,-155.24226,-4.6E-02));
#15616 = VECTOR('',#15617,1.);
#15617 = DIRECTION('',(0.,0.,1.));
#15618 = ORIENTED_EDGE('',*,*,#8161,.F.);
#15619 = ORIENTED_EDGE('',*,*,#15613,.F.);
#15620 = CYLINDRICAL_SURFACE('',#15621,0.8509);
#15621 = AXIS2_PLACEMENT_3D('',#15622,#15623,#15624);
#15622 = CARTESIAN_POINT('',(232.688,-154.39136,-4.6E-02));
#15623 = DIRECTION('',(-0.,-0.,-1.));
#15624 = DIRECTION('',(-0.,-1.,0.));
#15625 = ADVANCED_FACE('',(#15626),#15637,.F.);
#15626 = FACE_BOUND('',#15627,.T.);
#15627 = EDGE_LOOP('',(#15628,#15629,#15635,#15636));
#15628 = ORIENTED_EDGE('',*,*,#2339,.T.);
#15629 = ORIENTED_EDGE('',*,*,#15630,.T.);
#15630 = EDGE_CURVE('',#2340,#8173,#15631,.T.);
#15631 = LINE('',#15632,#15633);
#15632 = CARTESIAN_POINT('',(204.748,-153.35136,-4.6E-02));
#15633 = VECTOR('',#15634,1.);
#15634 = DIRECTION('',(0.,0.,1.));
#15635 = ORIENTED_EDGE('',*,*,#8172,.F.);
#15636 = ORIENTED_EDGE('',*,*,#15630,.F.);
#15637 = CYLINDRICAL_SURFACE('',#15638,1.5);
#15638 = AXIS2_PLACEMENT_3D('',#15639,#15640,#15641);
#15639 = CARTESIAN_POINT('',(204.748,-151.85136,-4.6E-02));
#15640 = DIRECTION('',(-0.,-0.,-1.));
#15641 = DIRECTION('',(-0.,-1.,0.));
#15642 = ADVANCED_FACE('',(#15643),#15654,.F.);
#15643 = FACE_BOUND('',#15644,.T.);
#15644 = EDGE_LOOP('',(#15645,#15646,#15652,#15653));
#15645 = ORIENTED_EDGE('',*,*,#2350,.T.);
#15646 = ORIENTED_EDGE('',*,*,#15647,.T.);
#15647 = EDGE_CURVE('',#2351,#8184,#15648,.T.);
#15648 = LINE('',#15649,#15650);
#15649 = CARTESIAN_POINT('',(211.098,-150.81136,-4.6E-02));
#15650 = VECTOR('',#15651,1.);
#15651 = DIRECTION('',(0.,0.,1.));
#15652 = ORIENTED_EDGE('',*,*,#8183,.F.);
#15653 = ORIENTED_EDGE('',*,*,#15647,.F.);
#15654 = CYLINDRICAL_SURFACE('',#15655,1.5);
#15655 = AXIS2_PLACEMENT_3D('',#15656,#15657,#15658);
#15656 = CARTESIAN_POINT('',(211.098,-149.31136,-4.6E-02));
#15657 = DIRECTION('',(-0.,-0.,-1.));
#15658 = DIRECTION('',(-0.,-1.,0.));
#15659 = ADVANCED_FACE('',(#15660),#15671,.F.);
#15660 = FACE_BOUND('',#15661,.T.);
#15661 = EDGE_LOOP('',(#15662,#15663,#15669,#15670));
#15662 = ORIENTED_EDGE('',*,*,#2361,.T.);
#15663 = ORIENTED_EDGE('',*,*,#15664,.T.);
#15664 = EDGE_CURVE('',#2362,#8195,#15665,.T.);
#15665 = LINE('',#15666,#15667);
#15666 = CARTESIAN_POINT('',(223.798,-153.35136,-4.6E-02));
#15667 = VECTOR('',#15668,1.);
#15668 = DIRECTION('',(0.,0.,1.));
#15669 = ORIENTED_EDGE('',*,*,#8194,.F.);
#15670 = ORIENTED_EDGE('',*,*,#15664,.F.);
#15671 = CYLINDRICAL_SURFACE('',#15672,1.5);
#15672 = AXIS2_PLACEMENT_3D('',#15673,#15674,#15675);
#15673 = CARTESIAN_POINT('',(223.798,-151.85136,-4.6E-02));
#15674 = DIRECTION('',(-0.,-0.,-1.));
#15675 = DIRECTION('',(-0.,-1.,0.));
#15676 = ADVANCED_FACE('',(#15677),#15688,.F.);
#15677 = FACE_BOUND('',#15678,.T.);
#15678 = EDGE_LOOP('',(#15679,#15680,#15686,#15687));
#15679 = ORIENTED_EDGE('',*,*,#2372,.T.);
#15680 = ORIENTED_EDGE('',*,*,#15681,.T.);
#15681 = EDGE_CURVE('',#2373,#8206,#15682,.T.);
#15682 = LINE('',#15683,#15684);
#15683 = CARTESIAN_POINT('',(230.148,-150.81136,-4.6E-02));
#15684 = VECTOR('',#15685,1.);
#15685 = DIRECTION('',(0.,0.,1.));
#15686 = ORIENTED_EDGE('',*,*,#8205,.F.);
#15687 = ORIENTED_EDGE('',*,*,#15681,.F.);
#15688 = CYLINDRICAL_SURFACE('',#15689,1.5);
#15689 = AXIS2_PLACEMENT_3D('',#15690,#15691,#15692);
#15690 = CARTESIAN_POINT('',(230.148,-149.31136,-4.6E-02));
#15691 = DIRECTION('',(-0.,-0.,-1.));
#15692 = DIRECTION('',(-0.,-1.,0.));
#15693 = ADVANCED_FACE('',(#15694),#15705,.F.);
#15694 = FACE_BOUND('',#15695,.T.);
#15695 = EDGE_LOOP('',(#15696,#15697,#15703,#15704));
#15696 = ORIENTED_EDGE('',*,*,#2383,.T.);
#15697 = ORIENTED_EDGE('',*,*,#15698,.T.);
#15698 = EDGE_CURVE('',#2384,#8217,#15699,.T.);
#15699 = LINE('',#15700,#15701);
#15700 = CARTESIAN_POINT('',(241.578,-155.24226,-4.6E-02));
#15701 = VECTOR('',#15702,1.);
#15702 = DIRECTION('',(0.,0.,1.));
#15703 = ORIENTED_EDGE('',*,*,#8216,.F.);
#15704 = ORIENTED_EDGE('',*,*,#15698,.F.);
#15705 = CYLINDRICAL_SURFACE('',#15706,0.8509);
#15706 = AXIS2_PLACEMENT_3D('',#15707,#15708,#15709);
#15707 = CARTESIAN_POINT('',(241.578,-154.39136,-4.6E-02));
#15708 = DIRECTION('',(-0.,-0.,-1.));
#15709 = DIRECTION('',(-0.,-1.,0.));
#15710 = ADVANCED_FACE('',(#15711),#15722,.F.);
#15711 = FACE_BOUND('',#15712,.T.);
#15712 = EDGE_LOOP('',(#15713,#15714,#15720,#15721));
#15713 = ORIENTED_EDGE('',*,*,#2394,.T.);
#15714 = ORIENTED_EDGE('',*,*,#15715,.T.);
#15715 = EDGE_CURVE('',#2395,#8228,#15716,.T.);
#15716 = LINE('',#15717,#15718);
#15717 = CARTESIAN_POINT('',(246.658,-156.38526,-4.6E-02));
#15718 = VECTOR('',#15719,1.);
#15719 = DIRECTION('',(0.,0.,1.));
#15720 = ORIENTED_EDGE('',*,*,#8227,.F.);
#15721 = ORIENTED_EDGE('',*,*,#15715,.F.);
#15722 = CYLINDRICAL_SURFACE('',#15723,1.9939);
#15723 = AXIS2_PLACEMENT_3D('',#15724,#15725,#15726);
#15724 = CARTESIAN_POINT('',(246.658,-154.39136,-4.6E-02));
#15725 = DIRECTION('',(-0.,-0.,-1.));
#15726 = DIRECTION('',(-1.425433042299E-14,-1.,0.));
#15727 = ADVANCED_FACE('',(#15728),#15739,.F.);
#15728 = FACE_BOUND('',#15729,.T.);
#15729 = EDGE_LOOP('',(#15730,#15731,#15737,#15738));
#15730 = ORIENTED_EDGE('',*,*,#2405,.T.);
#15731 = ORIENTED_EDGE('',*,*,#15732,.T.);
#15732 = EDGE_CURVE('',#2406,#8239,#15733,.T.);
#15733 = LINE('',#15734,#15735);
#15734 = CARTESIAN_POINT('',(251.738,-155.24226,-4.6E-02));
#15735 = VECTOR('',#15736,1.);
#15736 = DIRECTION('',(0.,0.,1.));
#15737 = ORIENTED_EDGE('',*,*,#8238,.F.);
#15738 = ORIENTED_EDGE('',*,*,#15732,.F.);
#15739 = CYLINDRICAL_SURFACE('',#15740,0.8509);
#15740 = AXIS2_PLACEMENT_3D('',#15741,#15742,#15743);
#15741 = CARTESIAN_POINT('',(251.738,-154.39136,-4.6E-02));
#15742 = DIRECTION('',(-0.,-0.,-1.));
#15743 = DIRECTION('',(-0.,-1.,0.));
#15744 = ADVANCED_FACE('',(#15745),#15756,.F.);
#15745 = FACE_BOUND('',#15746,.T.);
#15746 = EDGE_LOOP('',(#15747,#15748,#15754,#15755));
#15747 = ORIENTED_EDGE('',*,*,#2416,.T.);
#15748 = ORIENTED_EDGE('',*,*,#15749,.T.);
#15749 = EDGE_CURVE('',#2417,#8250,#15750,.T.);
#15750 = LINE('',#15751,#15752);
#15751 = CARTESIAN_POINT('',(260.628,-155.24226,-4.6E-02));
#15752 = VECTOR('',#15753,1.);
#15753 = DIRECTION('',(0.,0.,1.));
#15754 = ORIENTED_EDGE('',*,*,#8249,.F.);
#15755 = ORIENTED_EDGE('',*,*,#15749,.F.);
#15756 = CYLINDRICAL_SURFACE('',#15757,0.8509);
#15757 = AXIS2_PLACEMENT_3D('',#15758,#15759,#15760);
#15758 = CARTESIAN_POINT('',(260.628,-154.39136,-4.6E-02));
#15759 = DIRECTION('',(-0.,-0.,-1.));
#15760 = DIRECTION('',(-6.680387690775E-14,-1.,0.));
#15761 = ADVANCED_FACE('',(#15762),#15773,.F.);
#15762 = FACE_BOUND('',#15763,.T.);
#15763 = EDGE_LOOP('',(#15764,#15765,#15771,#15772));
#15764 = ORIENTED_EDGE('',*,*,#2427,.T.);
#15765 = ORIENTED_EDGE('',*,*,#15766,.T.);
#15766 = EDGE_CURVE('',#2428,#8261,#15767,.T.);
#15767 = LINE('',#15768,#15769);
#15768 = CARTESIAN_POINT('',(265.708,-156.38526,-4.6E-02));
#15769 = VECTOR('',#15770,1.);
#15770 = DIRECTION('',(0.,0.,1.));
#15771 = ORIENTED_EDGE('',*,*,#8260,.F.);
#15772 = ORIENTED_EDGE('',*,*,#15766,.F.);
#15773 = CYLINDRICAL_SURFACE('',#15774,1.9939);
#15774 = AXIS2_PLACEMENT_3D('',#15775,#15776,#15777);
#15775 = CARTESIAN_POINT('',(265.708,-154.39136,-4.6E-02));
#15776 = DIRECTION('',(-0.,0.,-1.));
#15777 = DIRECTION('',(2.850866084598E-14,-1.,-0.));
#15778 = ADVANCED_FACE('',(#15779),#15790,.F.);
#15779 = FACE_BOUND('',#15780,.T.);
#15780 = EDGE_LOOP('',(#15781,#15782,#15788,#15789));
#15781 = ORIENTED_EDGE('',*,*,#2438,.T.);
#15782 = ORIENTED_EDGE('',*,*,#15783,.T.);
#15783 = EDGE_CURVE('',#2439,#8272,#15784,.T.);
#15784 = LINE('',#15785,#15786);
#15785 = CARTESIAN_POINT('',(270.788,-155.24226,-4.6E-02));
#15786 = VECTOR('',#15787,1.);
#15787 = DIRECTION('',(0.,0.,1.));
#15788 = ORIENTED_EDGE('',*,*,#8271,.F.);
#15789 = ORIENTED_EDGE('',*,*,#15783,.F.);
#15790 = CYLINDRICAL_SURFACE('',#15791,0.8509);
#15791 = AXIS2_PLACEMENT_3D('',#15792,#15793,#15794);
#15792 = CARTESIAN_POINT('',(270.788,-154.39136,-4.6E-02));
#15793 = DIRECTION('',(-0.,-0.,-1.));
#15794 = DIRECTION('',(-0.,-1.,0.));
#15795 = ADVANCED_FACE('',(#15796),#15807,.F.);
#15796 = FACE_BOUND('',#15797,.T.);
#15797 = EDGE_LOOP('',(#15798,#15799,#15805,#15806));
#15798 = ORIENTED_EDGE('',*,*,#2449,.T.);
#15799 = ORIENTED_EDGE('',*,*,#15800,.T.);
#15800 = EDGE_CURVE('',#2450,#8283,#15801,.T.);
#15801 = LINE('',#15802,#15803);
#15802 = CARTESIAN_POINT('',(242.848,-153.35136,-4.6E-02));
#15803 = VECTOR('',#15804,1.);
#15804 = DIRECTION('',(0.,0.,1.));
#15805 = ORIENTED_EDGE('',*,*,#8282,.F.);
#15806 = ORIENTED_EDGE('',*,*,#15800,.F.);
#15807 = CYLINDRICAL_SURFACE('',#15808,1.5);
#15808 = AXIS2_PLACEMENT_3D('',#15809,#15810,#15811);
#15809 = CARTESIAN_POINT('',(242.848,-151.85136,-4.6E-02));
#15810 = DIRECTION('',(-0.,-0.,-1.));
#15811 = DIRECTION('',(-0.,-1.,0.));
#15812 = ADVANCED_FACE('',(#15813),#15824,.F.);
#15813 = FACE_BOUND('',#15814,.T.);
#15814 = EDGE_LOOP('',(#15815,#15816,#15822,#15823));
#15815 = ORIENTED_EDGE('',*,*,#2460,.T.);
#15816 = ORIENTED_EDGE('',*,*,#15817,.T.);
#15817 = EDGE_CURVE('',#2461,#8294,#15818,.T.);
#15818 = LINE('',#15819,#15820);
#15819 = CARTESIAN_POINT('',(249.198,-150.81136,-4.6E-02));
#15820 = VECTOR('',#15821,1.);
#15821 = DIRECTION('',(0.,0.,1.));
#15822 = ORIENTED_EDGE('',*,*,#8293,.F.);
#15823 = ORIENTED_EDGE('',*,*,#15817,.F.);
#15824 = CYLINDRICAL_SURFACE('',#15825,1.5);
#15825 = AXIS2_PLACEMENT_3D('',#15826,#15827,#15828);
#15826 = CARTESIAN_POINT('',(249.198,-149.31136,-4.6E-02));
#15827 = DIRECTION('',(-0.,-0.,-1.));
#15828 = DIRECTION('',(-0.,-1.,0.));
#15829 = ADVANCED_FACE('',(#15830),#15841,.F.);
#15830 = FACE_BOUND('',#15831,.T.);
#15831 = EDGE_LOOP('',(#15832,#15833,#15839,#15840));
#15832 = ORIENTED_EDGE('',*,*,#2471,.T.);
#15833 = ORIENTED_EDGE('',*,*,#15834,.T.);
#15834 = EDGE_CURVE('',#2472,#8305,#15835,.T.);
#15835 = LINE('',#15836,#15837);
#15836 = CARTESIAN_POINT('',(261.898,-153.35136,-4.6E-02));
#15837 = VECTOR('',#15838,1.);
#15838 = DIRECTION('',(0.,0.,1.));
#15839 = ORIENTED_EDGE('',*,*,#8304,.F.);
#15840 = ORIENTED_EDGE('',*,*,#15834,.F.);
#15841 = CYLINDRICAL_SURFACE('',#15842,1.5);
#15842 = AXIS2_PLACEMENT_3D('',#15843,#15844,#15845);
#15843 = CARTESIAN_POINT('',(261.898,-151.85136,-4.6E-02));
#15844 = DIRECTION('',(-0.,-0.,-1.));
#15845 = DIRECTION('',(-0.,-1.,0.));
#15846 = ADVANCED_FACE('',(#15847),#15858,.F.);
#15847 = FACE_BOUND('',#15848,.T.);
#15848 = EDGE_LOOP('',(#15849,#15850,#15856,#15857));
#15849 = ORIENTED_EDGE('',*,*,#2482,.T.);
#15850 = ORIENTED_EDGE('',*,*,#15851,.T.);
#15851 = EDGE_CURVE('',#2483,#8316,#15852,.T.);
#15852 = LINE('',#15853,#15854);
#15853 = CARTESIAN_POINT('',(268.248,-150.81136,-4.6E-02));
#15854 = VECTOR('',#15855,1.);
#15855 = DIRECTION('',(0.,0.,1.));
#15856 = ORIENTED_EDGE('',*,*,#8315,.F.);
#15857 = ORIENTED_EDGE('',*,*,#15851,.F.);
#15858 = CYLINDRICAL_SURFACE('',#15859,1.5);
#15859 = AXIS2_PLACEMENT_3D('',#15860,#15861,#15862);
#15860 = CARTESIAN_POINT('',(268.248,-149.31136,-4.6E-02));
#15861 = DIRECTION('',(-0.,-0.,-1.));
#15862 = DIRECTION('',(-0.,-1.,0.));
#15863 = ADVANCED_FACE('',(#15864),#15880,.T.);
#15864 = FACE_BOUND('',#15865,.T.);
#15865 = EDGE_LOOP('',(#15866,#15872,#15873,#15879));
#15866 = ORIENTED_EDGE('',*,*,#15867,.T.);
#15867 = EDGE_CURVE('',#2494,#8327,#15868,.T.);
#15868 = LINE('',#15869,#15870);
#15869 = CARTESIAN_POINT('',(216.383,-142.34136,0.));
#15870 = VECTOR('',#15871,1.);
#15871 = DIRECTION('',(0.,0.,1.));
#15872 = ORIENTED_EDGE('',*,*,#8326,.T.);
#15873 = ORIENTED_EDGE('',*,*,#15874,.F.);
#15874 = EDGE_CURVE('',#2496,#8329,#15875,.T.);
#15875 = LINE('',#15876,#15877);
#15876 = CARTESIAN_POINT('',(219.783,-142.34136,0.));
#15877 = VECTOR('',#15878,1.);
#15878 = DIRECTION('',(0.,0.,1.));
#15879 = ORIENTED_EDGE('',*,*,#2493,.F.);
#15880 = PLANE('',#15881);
#15881 = AXIS2_PLACEMENT_3D('',#15882,#15883,#15884);
#15882 = CARTESIAN_POINT('',(216.383,-142.34136,0.));
#15883 = DIRECTION('',(0.,1.,0.));
#15884 = DIRECTION('',(1.,0.,0.));
#15885 = ADVANCED_FACE('',(#15886),#15897,.T.);
#15886 = FACE_BOUND('',#15887,.T.);
#15887 = EDGE_LOOP('',(#15888,#15894,#15895,#15896));
#15888 = ORIENTED_EDGE('',*,*,#15889,.T.);
#15889 = EDGE_CURVE('',#2504,#8337,#15890,.T.);
#15890 = LINE('',#15891,#15892);
#15891 = CARTESIAN_POINT('',(216.383,-139.34136,0.));
#15892 = VECTOR('',#15893,1.);
#15893 = DIRECTION('',(0.,0.,1.));
#15894 = ORIENTED_EDGE('',*,*,#8336,.T.);
#15895 = ORIENTED_EDGE('',*,*,#15867,.F.);
#15896 = ORIENTED_EDGE('',*,*,#2503,.F.);
#15897 = PLANE('',#15898);
#15898 = AXIS2_PLACEMENT_3D('',#15899,#15900,#15901);
#15899 = CARTESIAN_POINT('',(216.383,-139.34136,0.));
#15900 = DIRECTION('',(1.,0.,-0.));
#15901 = DIRECTION('',(0.,-1.,0.));
#15902 = ADVANCED_FACE('',(#15903),#15914,.T.);
#15903 = FACE_BOUND('',#15904,.T.);
#15904 = EDGE_LOOP('',(#15905,#15906,#15907,#15913));
#15905 = ORIENTED_EDGE('',*,*,#15874,.T.);
#15906 = ORIENTED_EDGE('',*,*,#8352,.T.);
#15907 = ORIENTED_EDGE('',*,*,#15908,.F.);
#15908 = EDGE_CURVE('',#2512,#8345,#15909,.T.);
#15909 = LINE('',#15910,#15911);
#15910 = CARTESIAN_POINT('',(219.783,-139.34136,0.));
#15911 = VECTOR('',#15912,1.);
#15912 = DIRECTION('',(0.,0.,1.));
#15913 = ORIENTED_EDGE('',*,*,#2519,.F.);
#15914 = PLANE('',#15915);
#15915 = AXIS2_PLACEMENT_3D('',#15916,#15917,#15918);
#15916 = CARTESIAN_POINT('',(219.783,-142.34136,0.));
#15917 = DIRECTION('',(-1.,0.,0.));
#15918 = DIRECTION('',(0.,1.,0.));
#15919 = ADVANCED_FACE('',(#15920),#15926,.T.);
#15920 = FACE_BOUND('',#15921,.T.);
#15921 = EDGE_LOOP('',(#15922,#15923,#15924,#15925));
#15922 = ORIENTED_EDGE('',*,*,#15908,.T.);
#15923 = ORIENTED_EDGE('',*,*,#8344,.T.);
#15924 = ORIENTED_EDGE('',*,*,#15889,.F.);
#15925 = ORIENTED_EDGE('',*,*,#2511,.F.);
#15926 = PLANE('',#15927);
#15927 = AXIS2_PLACEMENT_3D('',#15928,#15929,#15930);
#15928 = CARTESIAN_POINT('',(219.783,-139.34136,0.));
#15929 = DIRECTION('',(0.,-1.,0.));
#15930 = DIRECTION('',(-1.,0.,0.));
#15931 = ADVANCED_FACE('',(#15932),#15943,.F.);
#15932 = FACE_BOUND('',#15933,.T.);
#15933 = EDGE_LOOP('',(#15934,#15935,#15941,#15942));
#15934 = ORIENTED_EDGE('',*,*,#2527,.T.);
#15935 = ORIENTED_EDGE('',*,*,#15936,.T.);
#15936 = EDGE_CURVE('',#2528,#8361,#15937,.T.);
#15937 = LINE('',#15938,#15939);
#15938 = CARTESIAN_POINT('',(204.113,-136.19226,-4.6E-02));
#15939 = VECTOR('',#15940,1.);
#15940 = DIRECTION('',(0.,0.,1.));
#15941 = ORIENTED_EDGE('',*,*,#8360,.F.);
#15942 = ORIENTED_EDGE('',*,*,#15936,.F.);
#15943 = CYLINDRICAL_SURFACE('',#15944,0.8509);
#15944 = AXIS2_PLACEMENT_3D('',#15945,#15946,#15947);
#15945 = CARTESIAN_POINT('',(204.113,-135.34136,-4.6E-02));
#15946 = DIRECTION('',(-0.,-0.,-1.));
#15947 = DIRECTION('',(-0.,-1.,0.));
#15948 = ADVANCED_FACE('',(#15949),#15960,.F.);
#15949 = FACE_BOUND('',#15950,.T.);
#15950 = EDGE_LOOP('',(#15951,#15952,#15958,#15959));
#15951 = ORIENTED_EDGE('',*,*,#2538,.T.);
#15952 = ORIENTED_EDGE('',*,*,#15953,.T.);
#15953 = EDGE_CURVE('',#2539,#8372,#15954,.T.);
#15954 = LINE('',#15955,#15956);
#15955 = CARTESIAN_POINT('',(218.083,-137.33526,-4.6E-02));
#15956 = VECTOR('',#15957,1.);
#15957 = DIRECTION('',(0.,0.,1.));
#15958 = ORIENTED_EDGE('',*,*,#8371,.F.);
#15959 = ORIENTED_EDGE('',*,*,#15953,.F.);
#15960 = CYLINDRICAL_SURFACE('',#15961,1.9939);
#15961 = AXIS2_PLACEMENT_3D('',#15962,#15963,#15964);
#15962 = CARTESIAN_POINT('',(218.083,-135.34136,-4.6E-02));
#15963 = DIRECTION('',(-0.,-0.,-1.));
#15964 = DIRECTION('',(-0.,-1.,0.));
#15965 = ADVANCED_FACE('',(#15966),#15982,.T.);
#15966 = FACE_BOUND('',#15967,.T.);
#15967 = EDGE_LOOP('',(#15968,#15974,#15975,#15981));
#15968 = ORIENTED_EDGE('',*,*,#15969,.T.);
#15969 = EDGE_CURVE('',#2550,#8383,#15970,.T.);
#15970 = LINE('',#15971,#15972);
#15971 = CARTESIAN_POINT('',(235.433,-142.34136,0.));
#15972 = VECTOR('',#15973,1.);
#15973 = DIRECTION('',(0.,0.,1.));
#15974 = ORIENTED_EDGE('',*,*,#8382,.T.);
#15975 = ORIENTED_EDGE('',*,*,#15976,.F.);
#15976 = EDGE_CURVE('',#2552,#8385,#15977,.T.);
#15977 = LINE('',#15978,#15979);
#15978 = CARTESIAN_POINT('',(238.833,-142.34136,0.));
#15979 = VECTOR('',#15980,1.);
#15980 = DIRECTION('',(0.,0.,1.));
#15981 = ORIENTED_EDGE('',*,*,#2549,.F.);
#15982 = PLANE('',#15983);
#15983 = AXIS2_PLACEMENT_3D('',#15984,#15985,#15986);
#15984 = CARTESIAN_POINT('',(235.433,-142.34136,0.));
#15985 = DIRECTION('',(0.,1.,0.));
#15986 = DIRECTION('',(1.,0.,0.));
#15987 = ADVANCED_FACE('',(#15988),#15999,.T.);
#15988 = FACE_BOUND('',#15989,.T.);
#15989 = EDGE_LOOP('',(#15990,#15996,#15997,#15998));
#15990 = ORIENTED_EDGE('',*,*,#15991,.T.);
#15991 = EDGE_CURVE('',#2560,#8393,#15992,.T.);
#15992 = LINE('',#15993,#15994);
#15993 = CARTESIAN_POINT('',(235.433,-139.34136,0.));
#15994 = VECTOR('',#15995,1.);
#15995 = DIRECTION('',(0.,0.,1.));
#15996 = ORIENTED_EDGE('',*,*,#8392,.T.);
#15997 = ORIENTED_EDGE('',*,*,#15969,.F.);
#15998 = ORIENTED_EDGE('',*,*,#2559,.F.);
#15999 = PLANE('',#16000);
#16000 = AXIS2_PLACEMENT_3D('',#16001,#16002,#16003);
#16001 = CARTESIAN_POINT('',(235.433,-139.34136,0.));
#16002 = DIRECTION('',(1.,0.,-0.));
#16003 = DIRECTION('',(0.,-1.,0.));
#16004 = ADVANCED_FACE('',(#16005),#16016,.T.);
#16005 = FACE_BOUND('',#16006,.T.);
#16006 = EDGE_LOOP('',(#16007,#16008,#16009,#16015));
#16007 = ORIENTED_EDGE('',*,*,#15976,.T.);
#16008 = ORIENTED_EDGE('',*,*,#8408,.T.);
#16009 = ORIENTED_EDGE('',*,*,#16010,.F.);
#16010 = EDGE_CURVE('',#2568,#8401,#16011,.T.);
#16011 = LINE('',#16012,#16013);
#16012 = CARTESIAN_POINT('',(238.833,-139.34136,0.));
#16013 = VECTOR('',#16014,1.);
#16014 = DIRECTION('',(0.,0.,1.));
#16015 = ORIENTED_EDGE('',*,*,#2575,.F.);
#16016 = PLANE('',#16017);
#16017 = AXIS2_PLACEMENT_3D('',#16018,#16019,#16020);
#16018 = CARTESIAN_POINT('',(238.833,-142.34136,0.));
#16019 = DIRECTION('',(-1.,0.,0.));
#16020 = DIRECTION('',(0.,1.,0.));
#16021 = ADVANCED_FACE('',(#16022),#16028,.T.);
#16022 = FACE_BOUND('',#16023,.T.);
#16023 = EDGE_LOOP('',(#16024,#16025,#16026,#16027));
#16024 = ORIENTED_EDGE('',*,*,#16010,.T.);
#16025 = ORIENTED_EDGE('',*,*,#8400,.T.);
#16026 = ORIENTED_EDGE('',*,*,#15991,.F.);
#16027 = ORIENTED_EDGE('',*,*,#2567,.F.);
#16028 = PLANE('',#16029);
#16029 = AXIS2_PLACEMENT_3D('',#16030,#16031,#16032);
#16030 = CARTESIAN_POINT('',(238.833,-139.34136,0.));
#16031 = DIRECTION('',(0.,-1.,0.));
#16032 = DIRECTION('',(-1.,0.,0.));
#16033 = ADVANCED_FACE('',(#16034),#16045,.F.);
#16034 = FACE_BOUND('',#16035,.T.);
#16035 = EDGE_LOOP('',(#16036,#16037,#16043,#16044));
#16036 = ORIENTED_EDGE('',*,*,#2583,.T.);
#16037 = ORIENTED_EDGE('',*,*,#16038,.T.);
#16038 = EDGE_CURVE('',#2584,#8417,#16039,.T.);
#16039 = LINE('',#16040,#16041);
#16040 = CARTESIAN_POINT('',(223.163,-136.19226,-4.6E-02));
#16041 = VECTOR('',#16042,1.);
#16042 = DIRECTION('',(0.,0.,1.));
#16043 = ORIENTED_EDGE('',*,*,#8416,.F.);
#16044 = ORIENTED_EDGE('',*,*,#16038,.F.);
#16045 = CYLINDRICAL_SURFACE('',#16046,0.8509);
#16046 = AXIS2_PLACEMENT_3D('',#16047,#16048,#16049);
#16047 = CARTESIAN_POINT('',(223.163,-135.34136,-4.6E-02));
#16048 = DIRECTION('',(-0.,-0.,-1.));
#16049 = DIRECTION('',(-0.,-1.,0.));
#16050 = ADVANCED_FACE('',(#16051),#16062,.F.);
#16051 = FACE_BOUND('',#16052,.T.);
#16052 = EDGE_LOOP('',(#16053,#16054,#16060,#16061));
#16053 = ORIENTED_EDGE('',*,*,#2594,.T.);
#16054 = ORIENTED_EDGE('',*,*,#16055,.T.);
#16055 = EDGE_CURVE('',#2595,#8428,#16056,.T.);
#16056 = LINE('',#16057,#16058);
#16057 = CARTESIAN_POINT('',(232.053,-136.19226,-4.6E-02));
#16058 = VECTOR('',#16059,1.);
#16059 = DIRECTION('',(0.,0.,1.));
#16060 = ORIENTED_EDGE('',*,*,#8427,.F.);
#16061 = ORIENTED_EDGE('',*,*,#16055,.F.);
#16062 = CYLINDRICAL_SURFACE('',#16063,0.8509);
#16063 = AXIS2_PLACEMENT_3D('',#16064,#16065,#16066);
#16064 = CARTESIAN_POINT('',(232.053,-135.34136,-4.6E-02));
#16065 = DIRECTION('',(-0.,-0.,-1.));
#16066 = DIRECTION('',(-0.,-1.,0.));
#16067 = ADVANCED_FACE('',(#16068),#16079,.F.);
#16068 = FACE_BOUND('',#16069,.T.);
#16069 = EDGE_LOOP('',(#16070,#16071,#16077,#16078));
#16070 = ORIENTED_EDGE('',*,*,#2605,.T.);
#16071 = ORIENTED_EDGE('',*,*,#16072,.T.);
#16072 = EDGE_CURVE('',#2606,#8439,#16073,.T.);
#16073 = LINE('',#16074,#16075);
#16074 = CARTESIAN_POINT('',(237.133,-137.33526,-4.6E-02));
#16075 = VECTOR('',#16076,1.);
#16076 = DIRECTION('',(0.,0.,1.));
#16077 = ORIENTED_EDGE('',*,*,#8438,.F.);
#16078 = ORIENTED_EDGE('',*,*,#16072,.F.);
#16079 = CYLINDRICAL_SURFACE('',#16080,1.9939);
#16080 = AXIS2_PLACEMENT_3D('',#16081,#16082,#16083);
#16081 = CARTESIAN_POINT('',(237.133,-135.34136,-4.6E-02));
#16082 = DIRECTION('',(-0.,-0.,-1.));
#16083 = DIRECTION('',(-0.,-1.,0.));
#16084 = ADVANCED_FACE('',(#16085),#16096,.F.);
#16085 = FACE_BOUND('',#16086,.T.);
#16086 = EDGE_LOOP('',(#16087,#16088,#16094,#16095));
#16087 = ORIENTED_EDGE('',*,*,#2616,.T.);
#16088 = ORIENTED_EDGE('',*,*,#16089,.T.);
#16089 = EDGE_CURVE('',#2617,#8450,#16090,.T.);
#16090 = LINE('',#16091,#16092);
#16091 = CARTESIAN_POINT('',(242.213,-136.19226,-4.6E-02));
#16092 = VECTOR('',#16093,1.);
#16093 = DIRECTION('',(0.,0.,1.));
#16094 = ORIENTED_EDGE('',*,*,#8449,.F.);
#16095 = ORIENTED_EDGE('',*,*,#16089,.F.);
#16096 = CYLINDRICAL_SURFACE('',#16097,0.8509);
#16097 = AXIS2_PLACEMENT_3D('',#16098,#16099,#16100);
#16098 = CARTESIAN_POINT('',(242.213,-135.34136,-4.6E-02));
#16099 = DIRECTION('',(-0.,-0.,-1.));
#16100 = DIRECTION('',(-0.,-1.,0.));
#16101 = ADVANCED_FACE('',(#16102),#16113,.F.);
#16102 = FACE_BOUND('',#16103,.T.);
#16103 = EDGE_LOOP('',(#16104,#16105,#16111,#16112));
#16104 = ORIENTED_EDGE('',*,*,#2627,.T.);
#16105 = ORIENTED_EDGE('',*,*,#16106,.T.);
#16106 = EDGE_CURVE('',#2628,#8461,#16107,.T.);
#16107 = LINE('',#16108,#16109);
#16108 = CARTESIAN_POINT('',(251.103,-136.19226,-4.6E-02));
#16109 = VECTOR('',#16110,1.);
#16110 = DIRECTION('',(0.,0.,1.));
#16111 = ORIENTED_EDGE('',*,*,#8460,.F.);
#16112 = ORIENTED_EDGE('',*,*,#16106,.F.);
#16113 = CYLINDRICAL_SURFACE('',#16114,0.8509);
#16114 = AXIS2_PLACEMENT_3D('',#16115,#16116,#16117);
#16115 = CARTESIAN_POINT('',(251.103,-135.34136,-4.6E-02));
#16116 = DIRECTION('',(-0.,-0.,-1.));
#16117 = DIRECTION('',(-0.,-1.,0.));
#16118 = ADVANCED_FACE('',(#16119),#16135,.T.);
#16119 = FACE_BOUND('',#16120,.T.);
#16120 = EDGE_LOOP('',(#16121,#16127,#16128,#16134));
#16121 = ORIENTED_EDGE('',*,*,#16122,.T.);
#16122 = EDGE_CURVE('',#2639,#8472,#16123,.T.);
#16123 = LINE('',#16124,#16125);
#16124 = CARTESIAN_POINT('',(254.483,-142.34136,0.));
#16125 = VECTOR('',#16126,1.);
#16126 = DIRECTION('',(0.,0.,1.));
#16127 = ORIENTED_EDGE('',*,*,#8471,.T.);
#16128 = ORIENTED_EDGE('',*,*,#16129,.F.);
#16129 = EDGE_CURVE('',#2641,#8474,#16130,.T.);
#16130 = LINE('',#16131,#16132);
#16131 = CARTESIAN_POINT('',(257.883,-142.34136,0.));
#16132 = VECTOR('',#16133,1.);
#16133 = DIRECTION('',(0.,0.,1.));
#16134 = ORIENTED_EDGE('',*,*,#2638,.F.);
#16135 = PLANE('',#16136);
#16136 = AXIS2_PLACEMENT_3D('',#16137,#16138,#16139);
#16137 = CARTESIAN_POINT('',(254.483,-142.34136,0.));
#16138 = DIRECTION('',(0.,1.,0.));
#16139 = DIRECTION('',(1.,0.,0.));
#16140 = ADVANCED_FACE('',(#16141),#16152,.T.);
#16141 = FACE_BOUND('',#16142,.T.);
#16142 = EDGE_LOOP('',(#16143,#16149,#16150,#16151));
#16143 = ORIENTED_EDGE('',*,*,#16144,.T.);
#16144 = EDGE_CURVE('',#2649,#8482,#16145,.T.);
#16145 = LINE('',#16146,#16147);
#16146 = CARTESIAN_POINT('',(254.483,-139.34136,0.));
#16147 = VECTOR('',#16148,1.);
#16148 = DIRECTION('',(0.,0.,1.));
#16149 = ORIENTED_EDGE('',*,*,#8481,.T.);
#16150 = ORIENTED_EDGE('',*,*,#16122,.F.);
#16151 = ORIENTED_EDGE('',*,*,#2648,.F.);
#16152 = PLANE('',#16153);
#16153 = AXIS2_PLACEMENT_3D('',#16154,#16155,#16156);
#16154 = CARTESIAN_POINT('',(254.483,-139.34136,0.));
#16155 = DIRECTION('',(1.,0.,-0.));
#16156 = DIRECTION('',(0.,-1.,0.));
#16157 = ADVANCED_FACE('',(#16158),#16169,.T.);
#16158 = FACE_BOUND('',#16159,.T.);
#16159 = EDGE_LOOP('',(#16160,#16161,#16162,#16168));
#16160 = ORIENTED_EDGE('',*,*,#16129,.T.);
#16161 = ORIENTED_EDGE('',*,*,#8497,.T.);
#16162 = ORIENTED_EDGE('',*,*,#16163,.F.);
#16163 = EDGE_CURVE('',#2657,#8490,#16164,.T.);
#16164 = LINE('',#16165,#16166);
#16165 = CARTESIAN_POINT('',(257.883,-139.34136,0.));
#16166 = VECTOR('',#16167,1.);
#16167 = DIRECTION('',(0.,0.,1.));
#16168 = ORIENTED_EDGE('',*,*,#2664,.F.);
#16169 = PLANE('',#16170);
#16170 = AXIS2_PLACEMENT_3D('',#16171,#16172,#16173);
#16171 = CARTESIAN_POINT('',(257.883,-142.34136,0.));
#16172 = DIRECTION('',(-1.,0.,0.));
#16173 = DIRECTION('',(0.,1.,0.));
#16174 = ADVANCED_FACE('',(#16175),#16181,.T.);
#16175 = FACE_BOUND('',#16176,.T.);
#16176 = EDGE_LOOP('',(#16177,#16178,#16179,#16180));
#16177 = ORIENTED_EDGE('',*,*,#16163,.T.);
#16178 = ORIENTED_EDGE('',*,*,#8489,.T.);
#16179 = ORIENTED_EDGE('',*,*,#16144,.F.);
#16180 = ORIENTED_EDGE('',*,*,#2656,.F.);
#16181 = PLANE('',#16182);
#16182 = AXIS2_PLACEMENT_3D('',#16183,#16184,#16185);
#16183 = CARTESIAN_POINT('',(257.883,-139.34136,0.));
#16184 = DIRECTION('',(0.,-1.,0.));
#16185 = DIRECTION('',(-1.,0.,0.));
#16186 = ADVANCED_FACE('',(#16187),#16198,.F.);
#16187 = FACE_BOUND('',#16188,.T.);
#16188 = EDGE_LOOP('',(#16189,#16190,#16196,#16197));
#16189 = ORIENTED_EDGE('',*,*,#2672,.T.);
#16190 = ORIENTED_EDGE('',*,*,#16191,.T.);
#16191 = EDGE_CURVE('',#2673,#8506,#16192,.T.);
#16192 = LINE('',#16193,#16194);
#16193 = CARTESIAN_POINT('',(256.183,-137.33526,-4.6E-02));
#16194 = VECTOR('',#16195,1.);
#16195 = DIRECTION('',(0.,0.,1.));
#16196 = ORIENTED_EDGE('',*,*,#8505,.F.);
#16197 = ORIENTED_EDGE('',*,*,#16191,.F.);
#16198 = CYLINDRICAL_SURFACE('',#16199,1.9939);
#16199 = AXIS2_PLACEMENT_3D('',#16200,#16201,#16202);
#16200 = CARTESIAN_POINT('',(256.183,-135.34136,-4.6E-02));
#16201 = DIRECTION('',(-0.,-0.,-1.));
#16202 = DIRECTION('',(-0.,-1.,0.));
#16203 = ADVANCED_FACE('',(#16204),#16215,.F.);
#16204 = FACE_BOUND('',#16205,.T.);
#16205 = EDGE_LOOP('',(#16206,#16207,#16213,#16214));
#16206 = ORIENTED_EDGE('',*,*,#2683,.T.);
#16207 = ORIENTED_EDGE('',*,*,#16208,.T.);
#16208 = EDGE_CURVE('',#2684,#8517,#16209,.T.);
#16209 = LINE('',#16210,#16211);
#16210 = CARTESIAN_POINT('',(261.263,-136.19226,-4.6E-02));
#16211 = VECTOR('',#16212,1.);
#16212 = DIRECTION('',(0.,0.,1.));
#16213 = ORIENTED_EDGE('',*,*,#8516,.F.);
#16214 = ORIENTED_EDGE('',*,*,#16208,.F.);
#16215 = CYLINDRICAL_SURFACE('',#16216,0.8509);
#16216 = AXIS2_PLACEMENT_3D('',#16217,#16218,#16219);
#16217 = CARTESIAN_POINT('',(261.263,-135.34136,-4.6E-02));
#16218 = DIRECTION('',(-0.,-0.,-1.));
#16219 = DIRECTION('',(-6.680387690776E-14,-1.,0.));
#16220 = ADVANCED_FACE('',(#16221),#16232,.F.);
#16221 = FACE_BOUND('',#16222,.T.);
#16222 = EDGE_LOOP('',(#16223,#16224,#16230,#16231));
#16223 = ORIENTED_EDGE('',*,*,#2694,.T.);
#16224 = ORIENTED_EDGE('',*,*,#16225,.T.);
#16225 = EDGE_CURVE('',#2695,#8528,#16226,.T.);
#16226 = LINE('',#16227,#16228);
#16227 = CARTESIAN_POINT('',(270.153,-136.19226,-4.6E-02));
#16228 = VECTOR('',#16229,1.);
#16229 = DIRECTION('',(0.,0.,1.));
#16230 = ORIENTED_EDGE('',*,*,#8527,.F.);
#16231 = ORIENTED_EDGE('',*,*,#16225,.F.);
#16232 = CYLINDRICAL_SURFACE('',#16233,0.8509);
#16233 = AXIS2_PLACEMENT_3D('',#16234,#16235,#16236);
#16234 = CARTESIAN_POINT('',(270.153,-135.34136,-4.6E-02));
#16235 = DIRECTION('',(-0.,-0.,-1.));
#16236 = DIRECTION('',(-0.,-1.,0.));
#16237 = ADVANCED_FACE('',(#16238),#16249,.F.);
#16238 = FACE_BOUND('',#16239,.T.);
#16239 = EDGE_LOOP('',(#16240,#16241,#16247,#16248));
#16240 = ORIENTED_EDGE('',*,*,#2705,.T.);
#16241 = ORIENTED_EDGE('',*,*,#16242,.T.);
#16242 = EDGE_CURVE('',#2706,#8539,#16243,.T.);
#16243 = LINE('',#16244,#16245);
#16244 = CARTESIAN_POINT('',(279.678,-155.24226,-4.6E-02));
#16245 = VECTOR('',#16246,1.);
#16246 = DIRECTION('',(0.,0.,1.));
#16247 = ORIENTED_EDGE('',*,*,#8538,.F.);
#16248 = ORIENTED_EDGE('',*,*,#16242,.F.);
#16249 = CYLINDRICAL_SURFACE('',#16250,0.8509);
#16250 = AXIS2_PLACEMENT_3D('',#16251,#16252,#16253);
#16251 = CARTESIAN_POINT('',(279.678,-154.39136,-4.6E-02));
#16252 = DIRECTION('',(-0.,-0.,-1.));
#16253 = DIRECTION('',(-0.,-1.,0.));
#16254 = ADVANCED_FACE('',(#16255),#16266,.F.);
#16255 = FACE_BOUND('',#16256,.T.);
#16256 = EDGE_LOOP('',(#16257,#16258,#16264,#16265));
#16257 = ORIENTED_EDGE('',*,*,#2716,.T.);
#16258 = ORIENTED_EDGE('',*,*,#16259,.T.);
#16259 = EDGE_CURVE('',#2717,#8550,#16260,.T.);
#16260 = LINE('',#16261,#16262);
#16261 = CARTESIAN_POINT('',(284.758,-156.38526,-4.6E-02));
#16262 = VECTOR('',#16263,1.);
#16263 = DIRECTION('',(0.,0.,1.));
#16264 = ORIENTED_EDGE('',*,*,#8549,.F.);
#16265 = ORIENTED_EDGE('',*,*,#16259,.F.);
#16266 = CYLINDRICAL_SURFACE('',#16267,1.9939);
#16267 = AXIS2_PLACEMENT_3D('',#16268,#16269,#16270);
#16268 = CARTESIAN_POINT('',(284.758,-154.39136,-4.6E-02));
#16269 = DIRECTION('',(-0.,-0.,-1.));
#16270 = DIRECTION('',(-0.,-1.,0.));
#16271 = ADVANCED_FACE('',(#16272),#16283,.F.);
#16272 = FACE_BOUND('',#16273,.T.);
#16273 = EDGE_LOOP('',(#16274,#16275,#16281,#16282));
#16274 = ORIENTED_EDGE('',*,*,#2727,.T.);
#16275 = ORIENTED_EDGE('',*,*,#16276,.T.);
#16276 = EDGE_CURVE('',#2728,#8561,#16277,.T.);
#16277 = LINE('',#16278,#16279);
#16278 = CARTESIAN_POINT('',(289.838,-155.24226,-4.6E-02));
#16279 = VECTOR('',#16280,1.);
#16280 = DIRECTION('',(0.,0.,1.));
#16281 = ORIENTED_EDGE('',*,*,#8560,.F.);
#16282 = ORIENTED_EDGE('',*,*,#16276,.F.);
#16283 = CYLINDRICAL_SURFACE('',#16284,0.8509);
#16284 = AXIS2_PLACEMENT_3D('',#16285,#16286,#16287);
#16285 = CARTESIAN_POINT('',(289.838,-154.39136,-4.6E-02));
#16286 = DIRECTION('',(-0.,0.,-1.));
#16287 = DIRECTION('',(6.680387690775E-14,-1.,-0.));
#16288 = ADVANCED_FACE('',(#16289),#16300,.F.);
#16289 = FACE_BOUND('',#16290,.T.);
#16290 = EDGE_LOOP('',(#16291,#16292,#16298,#16299));
#16291 = ORIENTED_EDGE('',*,*,#2738,.T.);
#16292 = ORIENTED_EDGE('',*,*,#16293,.T.);
#16293 = EDGE_CURVE('',#2739,#8572,#16294,.T.);
#16294 = LINE('',#16295,#16296);
#16295 = CARTESIAN_POINT('',(280.948,-153.35136,-4.6E-02));
#16296 = VECTOR('',#16297,1.);
#16297 = DIRECTION('',(0.,0.,1.));
#16298 = ORIENTED_EDGE('',*,*,#8571,.F.);
#16299 = ORIENTED_EDGE('',*,*,#16293,.F.);
#16300 = CYLINDRICAL_SURFACE('',#16301,1.5);
#16301 = AXIS2_PLACEMENT_3D('',#16302,#16303,#16304);
#16302 = CARTESIAN_POINT('',(280.948,-151.85136,-4.6E-02));
#16303 = DIRECTION('',(-0.,-0.,-1.));
#16304 = DIRECTION('',(-0.,-1.,0.));
#16305 = ADVANCED_FACE('',(#16306),#16317,.F.);
#16306 = FACE_BOUND('',#16307,.T.);
#16307 = EDGE_LOOP('',(#16308,#16309,#16315,#16316));
#16308 = ORIENTED_EDGE('',*,*,#2749,.T.);
#16309 = ORIENTED_EDGE('',*,*,#16310,.T.);
#16310 = EDGE_CURVE('',#2750,#8583,#16311,.T.);
#16311 = LINE('',#16312,#16313);
#16312 = CARTESIAN_POINT('',(287.298,-150.81136,-4.6E-02));
#16313 = VECTOR('',#16314,1.);
#16314 = DIRECTION('',(0.,0.,1.));
#16315 = ORIENTED_EDGE('',*,*,#8582,.F.);
#16316 = ORIENTED_EDGE('',*,*,#16310,.F.);
#16317 = CYLINDRICAL_SURFACE('',#16318,1.5);
#16318 = AXIS2_PLACEMENT_3D('',#16319,#16320,#16321);
#16319 = CARTESIAN_POINT('',(287.298,-149.31136,-4.6E-02));
#16320 = DIRECTION('',(-0.,-0.,-1.));
#16321 = DIRECTION('',(-0.,-1.,0.));
#16322 = ADVANCED_FACE('',(#16323),#16334,.F.);
#16323 = FACE_BOUND('',#16324,.T.);
#16324 = EDGE_LOOP('',(#16325,#16326,#16332,#16333));
#16325 = ORIENTED_EDGE('',*,*,#2760,.T.);
#16326 = ORIENTED_EDGE('',*,*,#16327,.T.);
#16327 = EDGE_CURVE('',#2761,#8594,#16328,.T.);
#16328 = LINE('',#16329,#16330);
#16329 = CARTESIAN_POINT('',(315.39675,-155.24226,-4.6E-02));
#16330 = VECTOR('',#16331,1.);
#16331 = DIRECTION('',(0.,0.,1.));
#16332 = ORIENTED_EDGE('',*,*,#8593,.F.);
#16333 = ORIENTED_EDGE('',*,*,#16327,.F.);
#16334 = CYLINDRICAL_SURFACE('',#16335,0.8509);
#16335 = AXIS2_PLACEMENT_3D('',#16336,#16337,#16338);
#16336 = CARTESIAN_POINT('',(315.39675,-154.39136,-4.6E-02));
#16337 = DIRECTION('',(-0.,-0.,-1.));
#16338 = DIRECTION('',(-0.,-1.,0.));
#16339 = ADVANCED_FACE('',(#16340),#16351,.F.);
#16340 = FACE_BOUND('',#16341,.T.);
#16341 = EDGE_LOOP('',(#16342,#16343,#16349,#16350));
#16342 = ORIENTED_EDGE('',*,*,#2771,.T.);
#16343 = ORIENTED_EDGE('',*,*,#16344,.T.);
#16344 = EDGE_CURVE('',#2772,#8605,#16345,.T.);
#16345 = LINE('',#16346,#16347);
#16346 = CARTESIAN_POINT('',(320.47675,-156.38526,-4.6E-02));
#16347 = VECTOR('',#16348,1.);
#16348 = DIRECTION('',(0.,0.,1.));
#16349 = ORIENTED_EDGE('',*,*,#8604,.F.);
#16350 = ORIENTED_EDGE('',*,*,#16344,.F.);
#16351 = CYLINDRICAL_SURFACE('',#16352,1.9939);
#16352 = AXIS2_PLACEMENT_3D('',#16353,#16354,#16355);
#16353 = CARTESIAN_POINT('',(320.47675,-154.39136,-4.6E-02));
#16354 = DIRECTION('',(-0.,-0.,-1.));
#16355 = DIRECTION('',(-0.,-1.,0.));
#16356 = ADVANCED_FACE('',(#16357),#16368,.F.);
#16357 = FACE_BOUND('',#16358,.T.);
#16358 = EDGE_LOOP('',(#16359,#16360,#16366,#16367));
#16359 = ORIENTED_EDGE('',*,*,#2782,.T.);
#16360 = ORIENTED_EDGE('',*,*,#16361,.T.);
#16361 = EDGE_CURVE('',#2783,#8616,#16362,.T.);
#16362 = LINE('',#16363,#16364);
#16363 = CARTESIAN_POINT('',(325.55675,-155.24226,-4.6E-02));
#16364 = VECTOR('',#16365,1.);
#16365 = DIRECTION('',(0.,0.,1.));
#16366 = ORIENTED_EDGE('',*,*,#8615,.F.);
#16367 = ORIENTED_EDGE('',*,*,#16361,.F.);
#16368 = CYLINDRICAL_SURFACE('',#16369,0.8509);
#16369 = AXIS2_PLACEMENT_3D('',#16370,#16371,#16372);
#16370 = CARTESIAN_POINT('',(325.55675,-154.39136,-4.6E-02));
#16371 = DIRECTION('',(-0.,0.,-1.));
#16372 = DIRECTION('',(6.680387690775E-14,-1.,-0.));
#16373 = ADVANCED_FACE('',(#16374),#16385,.F.);
#16374 = FACE_BOUND('',#16375,.T.);
#16375 = EDGE_LOOP('',(#16376,#16377,#16383,#16384));
#16376 = ORIENTED_EDGE('',*,*,#2793,.T.);
#16377 = ORIENTED_EDGE('',*,*,#16378,.T.);
#16378 = EDGE_CURVE('',#2794,#8627,#16379,.T.);
#16379 = LINE('',#16380,#16381);
#16380 = CARTESIAN_POINT('',(316.66675,-153.35136,-4.6E-02));
#16381 = VECTOR('',#16382,1.);
#16382 = DIRECTION('',(0.,0.,1.));
#16383 = ORIENTED_EDGE('',*,*,#8626,.F.);
#16384 = ORIENTED_EDGE('',*,*,#16378,.F.);
#16385 = CYLINDRICAL_SURFACE('',#16386,1.5);
#16386 = AXIS2_PLACEMENT_3D('',#16387,#16388,#16389);
#16387 = CARTESIAN_POINT('',(316.66675,-151.85136,-4.6E-02));
#16388 = DIRECTION('',(-0.,-0.,-1.));
#16389 = DIRECTION('',(-0.,-1.,0.));
#16390 = ADVANCED_FACE('',(#16391),#16402,.F.);
#16391 = FACE_BOUND('',#16392,.T.);
#16392 = EDGE_LOOP('',(#16393,#16394,#16400,#16401));
#16393 = ORIENTED_EDGE('',*,*,#2804,.T.);
#16394 = ORIENTED_EDGE('',*,*,#16395,.T.);
#16395 = EDGE_CURVE('',#2805,#8638,#16396,.T.);
#16396 = LINE('',#16397,#16398);
#16397 = CARTESIAN_POINT('',(308.53875,-148.93036,-4.6E-02));
#16398 = VECTOR('',#16399,1.);
#16399 = DIRECTION('',(0.,0.,1.));
#16400 = ORIENTED_EDGE('',*,*,#8637,.F.);
#16401 = ORIENTED_EDGE('',*,*,#16395,.F.);
#16402 = CYLINDRICAL_SURFACE('',#16403,1.524);
#16403 = AXIS2_PLACEMENT_3D('',#16404,#16405,#16406);
#16404 = CARTESIAN_POINT('',(308.53875,-147.40636,-4.6E-02));
#16405 = DIRECTION('',(-0.,-0.,-1.));
#16406 = DIRECTION('',(-0.,-1.,0.));
#16407 = ADVANCED_FACE('',(#16408),#16419,.F.);
#16408 = FACE_BOUND('',#16409,.T.);
#16409 = EDGE_LOOP('',(#16410,#16411,#16417,#16418));
#16410 = ORIENTED_EDGE('',*,*,#2815,.T.);
#16411 = ORIENTED_EDGE('',*,*,#16412,.T.);
#16412 = EDGE_CURVE('',#2816,#8649,#16413,.T.);
#16413 = LINE('',#16414,#16415);
#16414 = CARTESIAN_POINT('',(323.01675,-150.81136,-4.6E-02));
#16415 = VECTOR('',#16416,1.);
#16416 = DIRECTION('',(0.,0.,1.));
#16417 = ORIENTED_EDGE('',*,*,#8648,.F.);
#16418 = ORIENTED_EDGE('',*,*,#16412,.F.);
#16419 = CYLINDRICAL_SURFACE('',#16420,1.5);
#16420 = AXIS2_PLACEMENT_3D('',#16421,#16422,#16423);
#16421 = CARTESIAN_POINT('',(323.01675,-149.31136,-4.6E-02));
#16422 = DIRECTION('',(-0.,-0.,-1.));
#16423 = DIRECTION('',(-0.,-1.,0.));
#16424 = ADVANCED_FACE('',(#16425),#16436,.F.);
#16425 = FACE_BOUND('',#16426,.T.);
#16426 = EDGE_LOOP('',(#16427,#16428,#16434,#16435));
#16427 = ORIENTED_EDGE('',*,*,#2826,.T.);
#16428 = ORIENTED_EDGE('',*,*,#16429,.T.);
#16429 = EDGE_CURVE('',#2827,#8660,#16430,.T.);
#16430 = LINE('',#16431,#16432);
#16431 = CARTESIAN_POINT('',(332.41475,-148.93036,-4.6E-02));
#16432 = VECTOR('',#16433,1.);
#16433 = DIRECTION('',(0.,0.,1.));
#16434 = ORIENTED_EDGE('',*,*,#8659,.F.);
#16435 = ORIENTED_EDGE('',*,*,#16429,.F.);
#16436 = CYLINDRICAL_SURFACE('',#16437,1.524);
#16437 = AXIS2_PLACEMENT_3D('',#16438,#16439,#16440);
#16438 = CARTESIAN_POINT('',(332.41475,-147.40636,-4.6E-02));
#16439 = DIRECTION('',(-0.,-0.,-1.));
#16440 = DIRECTION('',(-0.,-1.,0.));
#16441 = ADVANCED_FACE('',(#16442),#16458,.T.);
#16442 = FACE_BOUND('',#16443,.T.);
#16443 = EDGE_LOOP('',(#16444,#16450,#16451,#16457));
#16444 = ORIENTED_EDGE('',*,*,#16445,.T.);
#16445 = EDGE_CURVE('',#2838,#8671,#16446,.T.);
#16446 = LINE('',#16447,#16448);
#16447 = CARTESIAN_POINT('',(273.533,-142.34136,0.));
#16448 = VECTOR('',#16449,1.);
#16449 = DIRECTION('',(0.,0.,1.));
#16450 = ORIENTED_EDGE('',*,*,#8670,.T.);
#16451 = ORIENTED_EDGE('',*,*,#16452,.F.);
#16452 = EDGE_CURVE('',#2840,#8673,#16453,.T.);
#16453 = LINE('',#16454,#16455);
#16454 = CARTESIAN_POINT('',(276.933,-142.34136,0.));
#16455 = VECTOR('',#16456,1.);
#16456 = DIRECTION('',(0.,0.,1.));
#16457 = ORIENTED_EDGE('',*,*,#2837,.F.);
#16458 = PLANE('',#16459);
#16459 = AXIS2_PLACEMENT_3D('',#16460,#16461,#16462);
#16460 = CARTESIAN_POINT('',(273.533,-142.34136,0.));
#16461 = DIRECTION('',(0.,1.,0.));
#16462 = DIRECTION('',(1.,0.,0.));
#16463 = ADVANCED_FACE('',(#16464),#16475,.T.);
#16464 = FACE_BOUND('',#16465,.T.);
#16465 = EDGE_LOOP('',(#16466,#16472,#16473,#16474));
#16466 = ORIENTED_EDGE('',*,*,#16467,.T.);
#16467 = EDGE_CURVE('',#2848,#8681,#16468,.T.);
#16468 = LINE('',#16469,#16470);
#16469 = CARTESIAN_POINT('',(273.533,-139.34136,0.));
#16470 = VECTOR('',#16471,1.);
#16471 = DIRECTION('',(0.,0.,1.));
#16472 = ORIENTED_EDGE('',*,*,#8680,.T.);
#16473 = ORIENTED_EDGE('',*,*,#16445,.F.);
#16474 = ORIENTED_EDGE('',*,*,#2847,.F.);
#16475 = PLANE('',#16476);
#16476 = AXIS2_PLACEMENT_3D('',#16477,#16478,#16479);
#16477 = CARTESIAN_POINT('',(273.533,-139.34136,0.));
#16478 = DIRECTION('',(1.,0.,-0.));
#16479 = DIRECTION('',(0.,-1.,0.));
#16480 = ADVANCED_FACE('',(#16481),#16492,.T.);
#16481 = FACE_BOUND('',#16482,.T.);
#16482 = EDGE_LOOP('',(#16483,#16484,#16485,#16491));
#16483 = ORIENTED_EDGE('',*,*,#16452,.T.);
#16484 = ORIENTED_EDGE('',*,*,#8696,.T.);
#16485 = ORIENTED_EDGE('',*,*,#16486,.F.);
#16486 = EDGE_CURVE('',#2856,#8689,#16487,.T.);
#16487 = LINE('',#16488,#16489);
#16488 = CARTESIAN_POINT('',(276.933,-139.34136,0.));
#16489 = VECTOR('',#16490,1.);
#16490 = DIRECTION('',(0.,0.,1.));
#16491 = ORIENTED_EDGE('',*,*,#2863,.F.);
#16492 = PLANE('',#16493);
#16493 = AXIS2_PLACEMENT_3D('',#16494,#16495,#16496);
#16494 = CARTESIAN_POINT('',(276.933,-142.34136,0.));
#16495 = DIRECTION('',(-1.,0.,0.));
#16496 = DIRECTION('',(0.,1.,0.));
#16497 = ADVANCED_FACE('',(#16498),#16504,.T.);
#16498 = FACE_BOUND('',#16499,.T.);
#16499 = EDGE_LOOP('',(#16500,#16501,#16502,#16503));
#16500 = ORIENTED_EDGE('',*,*,#16486,.T.);
#16501 = ORIENTED_EDGE('',*,*,#8688,.T.);
#16502 = ORIENTED_EDGE('',*,*,#16467,.F.);
#16503 = ORIENTED_EDGE('',*,*,#2855,.F.);
#16504 = PLANE('',#16505);
#16505 = AXIS2_PLACEMENT_3D('',#16506,#16507,#16508);
#16506 = CARTESIAN_POINT('',(276.933,-139.34136,0.));
#16507 = DIRECTION('',(0.,-1.,0.));
#16508 = DIRECTION('',(-1.,0.,0.));
#16509 = ADVANCED_FACE('',(#16510),#16526,.T.);
#16510 = FACE_BOUND('',#16511,.T.);
#16511 = EDGE_LOOP('',(#16512,#16518,#16519,#16525));
#16512 = ORIENTED_EDGE('',*,*,#16513,.T.);
#16513 = EDGE_CURVE('',#2872,#8705,#16514,.T.);
#16514 = LINE('',#16515,#16516);
#16515 = CARTESIAN_POINT('',(292.583,-142.34136,0.));
#16516 = VECTOR('',#16517,1.);
#16517 = DIRECTION('',(0.,0.,1.));
#16518 = ORIENTED_EDGE('',*,*,#8704,.T.);
#16519 = ORIENTED_EDGE('',*,*,#16520,.F.);
#16520 = EDGE_CURVE('',#2874,#8707,#16521,.T.);
#16521 = LINE('',#16522,#16523);
#16522 = CARTESIAN_POINT('',(295.983,-142.34136,0.));
#16523 = VECTOR('',#16524,1.);
#16524 = DIRECTION('',(0.,0.,1.));
#16525 = ORIENTED_EDGE('',*,*,#2871,.F.);
#16526 = PLANE('',#16527);
#16527 = AXIS2_PLACEMENT_3D('',#16528,#16529,#16530);
#16528 = CARTESIAN_POINT('',(292.583,-142.34136,0.));
#16529 = DIRECTION('',(0.,1.,0.));
#16530 = DIRECTION('',(1.,0.,0.));
#16531 = ADVANCED_FACE('',(#16532),#16543,.T.);
#16532 = FACE_BOUND('',#16533,.T.);
#16533 = EDGE_LOOP('',(#16534,#16540,#16541,#16542));
#16534 = ORIENTED_EDGE('',*,*,#16535,.T.);
#16535 = EDGE_CURVE('',#2882,#8715,#16536,.T.);
#16536 = LINE('',#16537,#16538);
#16537 = CARTESIAN_POINT('',(292.583,-139.34136,0.));
#16538 = VECTOR('',#16539,1.);
#16539 = DIRECTION('',(0.,0.,1.));
#16540 = ORIENTED_EDGE('',*,*,#8714,.T.);
#16541 = ORIENTED_EDGE('',*,*,#16513,.F.);
#16542 = ORIENTED_EDGE('',*,*,#2881,.F.);
#16543 = PLANE('',#16544);
#16544 = AXIS2_PLACEMENT_3D('',#16545,#16546,#16547);
#16545 = CARTESIAN_POINT('',(292.583,-139.34136,0.));
#16546 = DIRECTION('',(1.,0.,-0.));
#16547 = DIRECTION('',(0.,-1.,0.));
#16548 = ADVANCED_FACE('',(#16549),#16560,.T.);
#16549 = FACE_BOUND('',#16550,.T.);
#16550 = EDGE_LOOP('',(#16551,#16552,#16553,#16559));
#16551 = ORIENTED_EDGE('',*,*,#16520,.T.);
#16552 = ORIENTED_EDGE('',*,*,#8730,.T.);
#16553 = ORIENTED_EDGE('',*,*,#16554,.F.);
#16554 = EDGE_CURVE('',#2890,#8723,#16555,.T.);
#16555 = LINE('',#16556,#16557);
#16556 = CARTESIAN_POINT('',(295.983,-139.34136,0.));
#16557 = VECTOR('',#16558,1.);
#16558 = DIRECTION('',(0.,0.,1.));
#16559 = ORIENTED_EDGE('',*,*,#2897,.F.);
#16560 = PLANE('',#16561);
#16561 = AXIS2_PLACEMENT_3D('',#16562,#16563,#16564);
#16562 = CARTESIAN_POINT('',(295.983,-142.34136,0.));
#16563 = DIRECTION('',(-1.,0.,0.));
#16564 = DIRECTION('',(0.,1.,0.));
#16565 = ADVANCED_FACE('',(#16566),#16572,.T.);
#16566 = FACE_BOUND('',#16567,.T.);
#16567 = EDGE_LOOP('',(#16568,#16569,#16570,#16571));
#16568 = ORIENTED_EDGE('',*,*,#16554,.T.);
#16569 = ORIENTED_EDGE('',*,*,#8722,.T.);
#16570 = ORIENTED_EDGE('',*,*,#16535,.F.);
#16571 = ORIENTED_EDGE('',*,*,#2889,.F.);
#16572 = PLANE('',#16573);
#16573 = AXIS2_PLACEMENT_3D('',#16574,#16575,#16576);
#16574 = CARTESIAN_POINT('',(295.983,-139.34136,0.));
#16575 = DIRECTION('',(0.,-1.,0.));
#16576 = DIRECTION('',(-1.,0.,0.));
#16577 = ADVANCED_FACE('',(#16578),#16589,.F.);
#16578 = FACE_BOUND('',#16579,.T.);
#16579 = EDGE_LOOP('',(#16580,#16581,#16587,#16588));
#16580 = ORIENTED_EDGE('',*,*,#2905,.T.);
#16581 = ORIENTED_EDGE('',*,*,#16582,.T.);
#16582 = EDGE_CURVE('',#2906,#8739,#16583,.T.);
#16583 = LINE('',#16584,#16585);
#16584 = CARTESIAN_POINT('',(294.283,-137.33526,-4.6E-02));
#16585 = VECTOR('',#16586,1.);
#16586 = DIRECTION('',(0.,0.,1.));
#16587 = ORIENTED_EDGE('',*,*,#8738,.F.);
#16588 = ORIENTED_EDGE('',*,*,#16582,.F.);
#16589 = CYLINDRICAL_SURFACE('',#16590,1.9939);
#16590 = AXIS2_PLACEMENT_3D('',#16591,#16592,#16593);
#16591 = CARTESIAN_POINT('',(294.283,-135.34136,-4.6E-02));
#16592 = DIRECTION('',(-0.,-0.,-1.));
#16593 = DIRECTION('',(-0.,-1.,0.));
#16594 = ADVANCED_FACE('',(#16595),#16606,.F.);
#16595 = FACE_BOUND('',#16596,.T.);
#16596 = EDGE_LOOP('',(#16597,#16598,#16604,#16605));
#16597 = ORIENTED_EDGE('',*,*,#2916,.T.);
#16598 = ORIENTED_EDGE('',*,*,#16599,.T.);
#16599 = EDGE_CURVE('',#2917,#8750,#16600,.T.);
#16600 = LINE('',#16601,#16602);
#16601 = CARTESIAN_POINT('',(313.30125,-145.59026,-4.6E-02));
#16602 = VECTOR('',#16603,1.);
#16603 = DIRECTION('',(0.,0.,1.));
#16604 = ORIENTED_EDGE('',*,*,#8749,.F.);
#16605 = ORIENTED_EDGE('',*,*,#16599,.F.);
#16606 = CYLINDRICAL_SURFACE('',#16607,1.9939);
#16607 = AXIS2_PLACEMENT_3D('',#16608,#16609,#16610);
#16608 = CARTESIAN_POINT('',(313.30125,-143.59636,-4.6E-02));
#16609 = DIRECTION('',(-0.,-0.,-1.));
#16610 = DIRECTION('',(-0.,-1.,0.));
#16611 = ADVANCED_FACE('',(#16612),#16623,.F.);
#16612 = FACE_BOUND('',#16613,.T.);
#16613 = EDGE_LOOP('',(#16614,#16615,#16621,#16622));
#16614 = ORIENTED_EDGE('',*,*,#2927,.T.);
#16615 = ORIENTED_EDGE('',*,*,#16616,.T.);
#16616 = EDGE_CURVE('',#2928,#8761,#16617,.T.);
#16617 = LINE('',#16618,#16619);
#16618 = CARTESIAN_POINT('',(337.17725,-145.59026,-4.6E-02));
#16619 = VECTOR('',#16620,1.);
#16620 = DIRECTION('',(0.,0.,1.));
#16621 = ORIENTED_EDGE('',*,*,#8760,.F.);
#16622 = ORIENTED_EDGE('',*,*,#16616,.F.);
#16623 = CYLINDRICAL_SURFACE('',#16624,1.9939);
#16624 = AXIS2_PLACEMENT_3D('',#16625,#16626,#16627);
#16625 = CARTESIAN_POINT('',(337.17725,-143.59636,-4.6E-02));
#16626 = DIRECTION('',(-0.,-0.,-1.));
#16627 = DIRECTION('',(-0.,-1.,0.));
#16628 = ADVANCED_FACE('',(#16629),#16640,.F.);
#16629 = FACE_BOUND('',#16630,.T.);
#16630 = EDGE_LOOP('',(#16631,#16632,#16638,#16639));
#16631 = ORIENTED_EDGE('',*,*,#2938,.T.);
#16632 = ORIENTED_EDGE('',*,*,#16633,.T.);
#16633 = EDGE_CURVE('',#2939,#8772,#16634,.T.);
#16634 = LINE('',#16635,#16636);
#16635 = CARTESIAN_POINT('',(320.15925,-136.19226,-4.6E-02));
#16636 = VECTOR('',#16637,1.);
#16637 = DIRECTION('',(0.,0.,1.));
#16638 = ORIENTED_EDGE('',*,*,#8771,.F.);
#16639 = ORIENTED_EDGE('',*,*,#16633,.F.);
#16640 = CYLINDRICAL_SURFACE('',#16641,0.8509);
#16641 = AXIS2_PLACEMENT_3D('',#16642,#16643,#16644);
#16642 = CARTESIAN_POINT('',(320.15925,-135.34136,-4.6E-02));
#16643 = DIRECTION('',(-0.,-0.,-1.));
#16644 = DIRECTION('',(-6.680387690776E-14,-1.,0.));
#16645 = ADVANCED_FACE('',(#16646),#16662,.T.);
#16646 = FACE_BOUND('',#16647,.T.);
#16647 = EDGE_LOOP('',(#16648,#16654,#16655,#16661));
#16648 = ORIENTED_EDGE('',*,*,#16649,.T.);
#16649 = EDGE_CURVE('',#2950,#8783,#16650,.T.);
#16650 = LINE('',#16651,#16652);
#16651 = CARTESIAN_POINT('',(323.53925,-142.34136,0.));
#16652 = VECTOR('',#16653,1.);
#16653 = DIRECTION('',(0.,0.,1.));
#16654 = ORIENTED_EDGE('',*,*,#8782,.T.);
#16655 = ORIENTED_EDGE('',*,*,#16656,.F.);
#16656 = EDGE_CURVE('',#2952,#8785,#16657,.T.);
#16657 = LINE('',#16658,#16659);
#16658 = CARTESIAN_POINT('',(326.93925,-142.34136,0.));
#16659 = VECTOR('',#16660,1.);
#16660 = DIRECTION('',(0.,0.,1.));
#16661 = ORIENTED_EDGE('',*,*,#2949,.F.);
#16662 = PLANE('',#16663);
#16663 = AXIS2_PLACEMENT_3D('',#16664,#16665,#16666);
#16664 = CARTESIAN_POINT('',(323.53925,-142.34136,0.));
#16665 = DIRECTION('',(0.,1.,0.));
#16666 = DIRECTION('',(1.,0.,0.));
#16667 = ADVANCED_FACE('',(#16668),#16679,.T.);
#16668 = FACE_BOUND('',#16669,.T.);
#16669 = EDGE_LOOP('',(#16670,#16676,#16677,#16678));
#16670 = ORIENTED_EDGE('',*,*,#16671,.T.);
#16671 = EDGE_CURVE('',#2960,#8793,#16672,.T.);
#16672 = LINE('',#16673,#16674);
#16673 = CARTESIAN_POINT('',(323.53925,-139.34136,0.));
#16674 = VECTOR('',#16675,1.);
#16675 = DIRECTION('',(0.,0.,1.));
#16676 = ORIENTED_EDGE('',*,*,#8792,.T.);
#16677 = ORIENTED_EDGE('',*,*,#16649,.F.);
#16678 = ORIENTED_EDGE('',*,*,#2959,.F.);
#16679 = PLANE('',#16680);
#16680 = AXIS2_PLACEMENT_3D('',#16681,#16682,#16683);
#16681 = CARTESIAN_POINT('',(323.53925,-139.34136,0.));
#16682 = DIRECTION('',(1.,0.,-0.));
#16683 = DIRECTION('',(0.,-1.,0.));
#16684 = ADVANCED_FACE('',(#16685),#16696,.T.);
#16685 = FACE_BOUND('',#16686,.T.);
#16686 = EDGE_LOOP('',(#16687,#16688,#16689,#16695));
#16687 = ORIENTED_EDGE('',*,*,#16656,.T.);
#16688 = ORIENTED_EDGE('',*,*,#8808,.T.);
#16689 = ORIENTED_EDGE('',*,*,#16690,.F.);
#16690 = EDGE_CURVE('',#2968,#8801,#16691,.T.);
#16691 = LINE('',#16692,#16693);
#16692 = CARTESIAN_POINT('',(326.93925,-139.34136,0.));
#16693 = VECTOR('',#16694,1.);
#16694 = DIRECTION('',(0.,0.,1.));
#16695 = ORIENTED_EDGE('',*,*,#2975,.F.);
#16696 = PLANE('',#16697);
#16697 = AXIS2_PLACEMENT_3D('',#16698,#16699,#16700);
#16698 = CARTESIAN_POINT('',(326.93925,-142.34136,0.));
#16699 = DIRECTION('',(-1.,0.,0.));
#16700 = DIRECTION('',(0.,1.,0.));
#16701 = ADVANCED_FACE('',(#16702),#16708,.T.);
#16702 = FACE_BOUND('',#16703,.T.);
#16703 = EDGE_LOOP('',(#16704,#16705,#16706,#16707));
#16704 = ORIENTED_EDGE('',*,*,#16690,.T.);
#16705 = ORIENTED_EDGE('',*,*,#8800,.T.);
#16706 = ORIENTED_EDGE('',*,*,#16671,.F.);
#16707 = ORIENTED_EDGE('',*,*,#2967,.F.);
#16708 = PLANE('',#16709);
#16709 = AXIS2_PLACEMENT_3D('',#16710,#16711,#16712);
#16710 = CARTESIAN_POINT('',(326.93925,-139.34136,0.));
#16711 = DIRECTION('',(0.,-1.,0.));
#16712 = DIRECTION('',(-1.,0.,0.));
#16713 = ADVANCED_FACE('',(#16714),#16725,.F.);
#16714 = FACE_BOUND('',#16715,.T.);
#16715 = EDGE_LOOP('',(#16716,#16717,#16723,#16724));
#16716 = ORIENTED_EDGE('',*,*,#2983,.T.);
#16717 = ORIENTED_EDGE('',*,*,#16718,.T.);
#16718 = EDGE_CURVE('',#2984,#8817,#16719,.T.);
#16719 = LINE('',#16720,#16721);
#16720 = CARTESIAN_POINT('',(330.31925,-136.19226,-4.6E-02));
#16721 = VECTOR('',#16722,1.);
#16722 = DIRECTION('',(0.,0.,1.));
#16723 = ORIENTED_EDGE('',*,*,#8816,.F.);
#16724 = ORIENTED_EDGE('',*,*,#16718,.F.);
#16725 = CYLINDRICAL_SURFACE('',#16726,0.8509);
#16726 = AXIS2_PLACEMENT_3D('',#16727,#16728,#16729);
#16727 = CARTESIAN_POINT('',(330.31925,-135.34136,-4.6E-02));
#16728 = DIRECTION('',(-0.,-0.,-1.));
#16729 = DIRECTION('',(-0.,-1.,0.));
#16730 = ADVANCED_FACE('',(#16731),#16742,.F.);
#16731 = FACE_BOUND('',#16732,.T.);
#16732 = EDGE_LOOP('',(#16733,#16734,#16740,#16741));
#16733 = ORIENTED_EDGE('',*,*,#2994,.T.);
#16734 = ORIENTED_EDGE('',*,*,#16735,.T.);
#16735 = EDGE_CURVE('',#2995,#8828,#16736,.T.);
#16736 = LINE('',#16737,#16738);
#16737 = CARTESIAN_POINT('',(77.58925,-137.33526,-4.6E-02));
#16738 = VECTOR('',#16739,1.);
#16739 = DIRECTION('',(0.,0.,1.));
#16740 = ORIENTED_EDGE('',*,*,#8827,.F.);
#16741 = ORIENTED_EDGE('',*,*,#16735,.F.);
#16742 = CYLINDRICAL_SURFACE('',#16743,1.9939);
#16743 = AXIS2_PLACEMENT_3D('',#16744,#16745,#16746);
#16744 = CARTESIAN_POINT('',(77.58925,-135.34136,-4.6E-02));
#16745 = DIRECTION('',(-0.,0.,-1.));
#16746 = DIRECTION('',(7.127165211496E-15,-1.,-0.));
#16747 = ADVANCED_FACE('',(#16748),#16759,.F.);
#16748 = FACE_BOUND('',#16749,.T.);
#16749 = EDGE_LOOP('',(#16750,#16751,#16757,#16758));
#16750 = ORIENTED_EDGE('',*,*,#3005,.T.);
#16751 = ORIENTED_EDGE('',*,*,#16752,.T.);
#16752 = EDGE_CURVE('',#3006,#8839,#16753,.T.);
#16753 = LINE('',#16754,#16755);
#16754 = CARTESIAN_POINT('',(73.77925,-134.30136,-4.6E-02));
#16755 = VECTOR('',#16756,1.);
#16756 = DIRECTION('',(0.,0.,1.));
#16757 = ORIENTED_EDGE('',*,*,#8838,.F.);
#16758 = ORIENTED_EDGE('',*,*,#16752,.F.);
#16759 = CYLINDRICAL_SURFACE('',#16760,1.5);
#16760 = AXIS2_PLACEMENT_3D('',#16761,#16762,#16763);
#16761 = CARTESIAN_POINT('',(73.77925,-132.80136,-4.6E-02));
#16762 = DIRECTION('',(-0.,-0.,-1.));
#16763 = DIRECTION('',(-0.,-1.,0.));
#16764 = ADVANCED_FACE('',(#16765),#16776,.F.);
#16765 = FACE_BOUND('',#16766,.T.);
#16766 = EDGE_LOOP('',(#16767,#16768,#16774,#16775));
#16767 = ORIENTED_EDGE('',*,*,#3016,.T.);
#16768 = ORIENTED_EDGE('',*,*,#16769,.T.);
#16769 = EDGE_CURVE('',#3017,#8850,#16770,.T.);
#16770 = LINE('',#16771,#16772);
#16771 = CARTESIAN_POINT('',(80.12925,-131.76136,-4.6E-02));
#16772 = VECTOR('',#16773,1.);
#16773 = DIRECTION('',(0.,0.,1.));
#16774 = ORIENTED_EDGE('',*,*,#8849,.F.);
#16775 = ORIENTED_EDGE('',*,*,#16769,.F.);
#16776 = CYLINDRICAL_SURFACE('',#16777,1.5);
#16777 = AXIS2_PLACEMENT_3D('',#16778,#16779,#16780);
#16778 = CARTESIAN_POINT('',(80.12925,-130.26136,-4.6E-02));
#16779 = DIRECTION('',(-0.,-0.,-1.));
#16780 = DIRECTION('',(-0.,-1.,0.));
#16781 = ADVANCED_FACE('',(#16782),#16793,.F.);
#16782 = FACE_BOUND('',#16783,.T.);
#16783 = EDGE_LOOP('',(#16784,#16785,#16791,#16792));
#16784 = ORIENTED_EDGE('',*,*,#3027,.T.);
#16785 = ORIENTED_EDGE('',*,*,#16786,.T.);
#16786 = EDGE_CURVE('',#3028,#8861,#16787,.T.);
#16787 = LINE('',#16788,#16789);
#16788 = CARTESIAN_POINT('',(99.973,-134.30136,-4.6E-02));
#16789 = VECTOR('',#16790,1.);
#16790 = DIRECTION('',(0.,0.,1.));
#16791 = ORIENTED_EDGE('',*,*,#8860,.F.);
#16792 = ORIENTED_EDGE('',*,*,#16786,.F.);
#16793 = CYLINDRICAL_SURFACE('',#16794,1.5);
#16794 = AXIS2_PLACEMENT_3D('',#16795,#16796,#16797);
#16795 = CARTESIAN_POINT('',(99.973,-132.80136,-4.6E-02));
#16796 = DIRECTION('',(-0.,-0.,-1.));
#16797 = DIRECTION('',(-0.,-1.,0.));
#16798 = ADVANCED_FACE('',(#16799),#16810,.F.);
#16799 = FACE_BOUND('',#16800,.T.);
#16800 = EDGE_LOOP('',(#16801,#16802,#16808,#16809));
#16801 = ORIENTED_EDGE('',*,*,#3038,.T.);
#16802 = ORIENTED_EDGE('',*,*,#16803,.T.);
#16803 = EDGE_CURVE('',#3039,#8872,#16804,.T.);
#16804 = LINE('',#16805,#16806);
#16805 = CARTESIAN_POINT('',(106.323,-131.76136,-4.6E-02));
#16806 = VECTOR('',#16807,1.);
#16807 = DIRECTION('',(0.,0.,1.));
#16808 = ORIENTED_EDGE('',*,*,#8871,.F.);
#16809 = ORIENTED_EDGE('',*,*,#16803,.F.);
#16810 = CYLINDRICAL_SURFACE('',#16811,1.5);
#16811 = AXIS2_PLACEMENT_3D('',#16812,#16813,#16814);
#16812 = CARTESIAN_POINT('',(106.323,-130.26136,-4.6E-02));
#16813 = DIRECTION('',(-0.,-0.,-1.));
#16814 = DIRECTION('',(-0.,-1.,0.));
#16815 = ADVANCED_FACE('',(#16816),#16827,.F.);
#16816 = FACE_BOUND('',#16817,.T.);
#16817 = EDGE_LOOP('',(#16818,#16819,#16825,#16826));
#16818 = ORIENTED_EDGE('',*,*,#3049,.T.);
#16819 = ORIENTED_EDGE('',*,*,#16820,.T.);
#16820 = EDGE_CURVE('',#3050,#8883,#16821,.T.);
#16821 = LINE('',#16822,#16823);
#16822 = CARTESIAN_POINT('',(119.023,-134.30136,-4.6E-02));
#16823 = VECTOR('',#16824,1.);
#16824 = DIRECTION('',(0.,0.,1.));
#16825 = ORIENTED_EDGE('',*,*,#8882,.F.);
#16826 = ORIENTED_EDGE('',*,*,#16820,.F.);
#16827 = CYLINDRICAL_SURFACE('',#16828,1.5);
#16828 = AXIS2_PLACEMENT_3D('',#16829,#16830,#16831);
#16829 = CARTESIAN_POINT('',(119.023,-132.80136,-4.6E-02));
#16830 = DIRECTION('',(-0.,-0.,-1.));
#16831 = DIRECTION('',(-0.,-1.,0.));
#16832 = ADVANCED_FACE('',(#16833),#16844,.F.);
#16833 = FACE_BOUND('',#16834,.T.);
#16834 = EDGE_LOOP('',(#16835,#16836,#16842,#16843));
#16835 = ORIENTED_EDGE('',*,*,#3060,.T.);
#16836 = ORIENTED_EDGE('',*,*,#16837,.T.);
#16837 = EDGE_CURVE('',#3061,#8894,#16838,.T.);
#16838 = LINE('',#16839,#16840);
#16839 = CARTESIAN_POINT('',(125.373,-131.76136,-4.6E-02));
#16840 = VECTOR('',#16841,1.);
#16841 = DIRECTION('',(0.,0.,1.));
#16842 = ORIENTED_EDGE('',*,*,#8893,.F.);
#16843 = ORIENTED_EDGE('',*,*,#16837,.F.);
#16844 = CYLINDRICAL_SURFACE('',#16845,1.5);
#16845 = AXIS2_PLACEMENT_3D('',#16846,#16847,#16848);
#16846 = CARTESIAN_POINT('',(125.373,-130.26136,-4.6E-02));
#16847 = DIRECTION('',(-0.,-0.,-1.));
#16848 = DIRECTION('',(-0.,-1.,0.));
#16849 = ADVANCED_FACE('',(#16850),#16866,.T.);
#16850 = FACE_BOUND('',#16851,.T.);
#16851 = EDGE_LOOP('',(#16852,#16858,#16859,#16865));
#16852 = ORIENTED_EDGE('',*,*,#16853,.T.);
#16853 = EDGE_CURVE('',#3072,#8905,#16854,.T.);
#16854 = LINE('',#16855,#16856);
#16855 = CARTESIAN_POINT('',(73.508,-123.29136,0.));
#16856 = VECTOR('',#16857,1.);
#16857 = DIRECTION('',(0.,0.,1.));
#16858 = ORIENTED_EDGE('',*,*,#8904,.T.);
#16859 = ORIENTED_EDGE('',*,*,#16860,.F.);
#16860 = EDGE_CURVE('',#3074,#8907,#16861,.T.);
#16861 = LINE('',#16862,#16863);
#16862 = CARTESIAN_POINT('',(76.908,-123.29136,0.));
#16863 = VECTOR('',#16864,1.);
#16864 = DIRECTION('',(0.,0.,1.));
#16865 = ORIENTED_EDGE('',*,*,#3071,.F.);
#16866 = PLANE('',#16867);
#16867 = AXIS2_PLACEMENT_3D('',#16868,#16869,#16870);
#16868 = CARTESIAN_POINT('',(73.508,-123.29136,0.));
#16869 = DIRECTION('',(0.,1.,0.));
#16870 = DIRECTION('',(1.,0.,0.));
#16871 = ADVANCED_FACE('',(#16872),#16883,.T.);
#16872 = FACE_BOUND('',#16873,.T.);
#16873 = EDGE_LOOP('',(#16874,#16880,#16881,#16882));
#16874 = ORIENTED_EDGE('',*,*,#16875,.T.);
#16875 = EDGE_CURVE('',#3082,#8915,#16876,.T.);
#16876 = LINE('',#16877,#16878);
#16877 = CARTESIAN_POINT('',(73.508,-120.29136,0.));
#16878 = VECTOR('',#16879,1.);
#16879 = DIRECTION('',(0.,0.,1.));
#16880 = ORIENTED_EDGE('',*,*,#8914,.T.);
#16881 = ORIENTED_EDGE('',*,*,#16853,.F.);
#16882 = ORIENTED_EDGE('',*,*,#3081,.F.);
#16883 = PLANE('',#16884);
#16884 = AXIS2_PLACEMENT_3D('',#16885,#16886,#16887);
#16885 = CARTESIAN_POINT('',(73.508,-120.29136,0.));
#16886 = DIRECTION('',(1.,0.,-0.));
#16887 = DIRECTION('',(0.,-1.,0.));
#16888 = ADVANCED_FACE('',(#16889),#16900,.T.);
#16889 = FACE_BOUND('',#16890,.T.);
#16890 = EDGE_LOOP('',(#16891,#16892,#16893,#16899));
#16891 = ORIENTED_EDGE('',*,*,#16860,.T.);
#16892 = ORIENTED_EDGE('',*,*,#8930,.T.);
#16893 = ORIENTED_EDGE('',*,*,#16894,.F.);
#16894 = EDGE_CURVE('',#3090,#8923,#16895,.T.);
#16895 = LINE('',#16896,#16897);
#16896 = CARTESIAN_POINT('',(76.908,-120.29136,0.));
#16897 = VECTOR('',#16898,1.);
#16898 = DIRECTION('',(0.,0.,1.));
#16899 = ORIENTED_EDGE('',*,*,#3097,.F.);
#16900 = PLANE('',#16901);
#16901 = AXIS2_PLACEMENT_3D('',#16902,#16903,#16904);
#16902 = CARTESIAN_POINT('',(76.908,-123.29136,0.));
#16903 = DIRECTION('',(-1.,0.,0.));
#16904 = DIRECTION('',(0.,1.,0.));
#16905 = ADVANCED_FACE('',(#16906),#16912,.T.);
#16906 = FACE_BOUND('',#16907,.T.);
#16907 = EDGE_LOOP('',(#16908,#16909,#16910,#16911));
#16908 = ORIENTED_EDGE('',*,*,#16894,.T.);
#16909 = ORIENTED_EDGE('',*,*,#8922,.T.);
#16910 = ORIENTED_EDGE('',*,*,#16875,.F.);
#16911 = ORIENTED_EDGE('',*,*,#3089,.F.);
#16912 = PLANE('',#16913);
#16913 = AXIS2_PLACEMENT_3D('',#16914,#16915,#16916);
#16914 = CARTESIAN_POINT('',(76.908,-120.29136,0.));
#16915 = DIRECTION('',(0.,-1.,0.));
#16916 = DIRECTION('',(-1.,0.,0.));
#16917 = ADVANCED_FACE('',(#16918),#16934,.T.);
#16918 = FACE_BOUND('',#16919,.T.);
#16919 = EDGE_LOOP('',(#16920,#16926,#16927,#16933));
#16920 = ORIENTED_EDGE('',*,*,#16921,.T.);
#16921 = EDGE_CURVE('',#3106,#8939,#16922,.T.);
#16922 = LINE('',#16923,#16924);
#16923 = CARTESIAN_POINT('',(97.3205,-123.29136,0.));
#16924 = VECTOR('',#16925,1.);
#16925 = DIRECTION('',(0.,0.,1.));
#16926 = ORIENTED_EDGE('',*,*,#8938,.T.);
#16927 = ORIENTED_EDGE('',*,*,#16928,.F.);
#16928 = EDGE_CURVE('',#3108,#8941,#16929,.T.);
#16929 = LINE('',#16930,#16931);
#16930 = CARTESIAN_POINT('',(100.7205,-123.29136,0.));
#16931 = VECTOR('',#16932,1.);
#16932 = DIRECTION('',(0.,0.,1.));
#16933 = ORIENTED_EDGE('',*,*,#3105,.F.);
#16934 = PLANE('',#16935);
#16935 = AXIS2_PLACEMENT_3D('',#16936,#16937,#16938);
#16936 = CARTESIAN_POINT('',(97.3205,-123.29136,0.));
#16937 = DIRECTION('',(0.,1.,0.));
#16938 = DIRECTION('',(1.,0.,0.));
#16939 = ADVANCED_FACE('',(#16940),#16951,.T.);
#16940 = FACE_BOUND('',#16941,.T.);
#16941 = EDGE_LOOP('',(#16942,#16948,#16949,#16950));
#16942 = ORIENTED_EDGE('',*,*,#16943,.T.);
#16943 = EDGE_CURVE('',#3116,#8949,#16944,.T.);
#16944 = LINE('',#16945,#16946);
#16945 = CARTESIAN_POINT('',(97.3205,-120.29136,0.));
#16946 = VECTOR('',#16947,1.);
#16947 = DIRECTION('',(0.,0.,1.));
#16948 = ORIENTED_EDGE('',*,*,#8948,.T.);
#16949 = ORIENTED_EDGE('',*,*,#16921,.F.);
#16950 = ORIENTED_EDGE('',*,*,#3115,.F.);
#16951 = PLANE('',#16952);
#16952 = AXIS2_PLACEMENT_3D('',#16953,#16954,#16955);
#16953 = CARTESIAN_POINT('',(97.3205,-120.29136,0.));
#16954 = DIRECTION('',(1.,0.,-0.));
#16955 = DIRECTION('',(0.,-1.,0.));
#16956 = ADVANCED_FACE('',(#16957),#16968,.T.);
#16957 = FACE_BOUND('',#16958,.T.);
#16958 = EDGE_LOOP('',(#16959,#16960,#16961,#16967));
#16959 = ORIENTED_EDGE('',*,*,#16928,.T.);
#16960 = ORIENTED_EDGE('',*,*,#8964,.T.);
#16961 = ORIENTED_EDGE('',*,*,#16962,.F.);
#16962 = EDGE_CURVE('',#3124,#8957,#16963,.T.);
#16963 = LINE('',#16964,#16965);
#16964 = CARTESIAN_POINT('',(100.7205,-120.29136,0.));
#16965 = VECTOR('',#16966,1.);
#16966 = DIRECTION('',(0.,0.,1.));
#16967 = ORIENTED_EDGE('',*,*,#3131,.F.);
#16968 = PLANE('',#16969);
#16969 = AXIS2_PLACEMENT_3D('',#16970,#16971,#16972);
#16970 = CARTESIAN_POINT('',(100.7205,-123.29136,0.));
#16971 = DIRECTION('',(-1.,0.,0.));
#16972 = DIRECTION('',(0.,1.,0.));
#16973 = ADVANCED_FACE('',(#16974),#16980,.T.);
#16974 = FACE_BOUND('',#16975,.T.);
#16975 = EDGE_LOOP('',(#16976,#16977,#16978,#16979));
#16976 = ORIENTED_EDGE('',*,*,#16962,.T.);
#16977 = ORIENTED_EDGE('',*,*,#8956,.T.);
#16978 = ORIENTED_EDGE('',*,*,#16943,.F.);
#16979 = ORIENTED_EDGE('',*,*,#3123,.F.);
#16980 = PLANE('',#16981);
#16981 = AXIS2_PLACEMENT_3D('',#16982,#16983,#16984);
#16982 = CARTESIAN_POINT('',(100.7205,-120.29136,0.));
#16983 = DIRECTION('',(0.,-1.,0.));
#16984 = DIRECTION('',(-1.,0.,0.));
#16985 = ADVANCED_FACE('',(#16986),#16997,.F.);
#16986 = FACE_BOUND('',#16987,.T.);
#16987 = EDGE_LOOP('',(#16988,#16989,#16995,#16996));
#16988 = ORIENTED_EDGE('',*,*,#3139,.T.);
#16989 = ORIENTED_EDGE('',*,*,#16990,.T.);
#16990 = EDGE_CURVE('',#3140,#8973,#16991,.T.);
#16991 = LINE('',#16992,#16993);
#16992 = CARTESIAN_POINT('',(70.128,-117.14226,-4.6E-02));
#16993 = VECTOR('',#16994,1.);
#16994 = DIRECTION('',(0.,0.,1.));
#16995 = ORIENTED_EDGE('',*,*,#8972,.F.);
#16996 = ORIENTED_EDGE('',*,*,#16990,.F.);
#16997 = CYLINDRICAL_SURFACE('',#16998,0.8509);
#16998 = AXIS2_PLACEMENT_3D('',#16999,#17000,#17001);
#16999 = CARTESIAN_POINT('',(70.128,-116.29136,-4.6E-02));
#17000 = DIRECTION('',(-0.,-0.,-1.));
#17001 = DIRECTION('',(-0.,-1.,0.));
#17002 = ADVANCED_FACE('',(#17003),#17014,.F.);
#17003 = FACE_BOUND('',#17004,.T.);
#17004 = EDGE_LOOP('',(#17005,#17006,#17012,#17013));
#17005 = ORIENTED_EDGE('',*,*,#3150,.T.);
#17006 = ORIENTED_EDGE('',*,*,#17007,.T.);
#17007 = EDGE_CURVE('',#3151,#8984,#17008,.T.);
#17008 = LINE('',#17009,#17010);
#17009 = CARTESIAN_POINT('',(75.208,-118.28526,-4.6E-02));
#17010 = VECTOR('',#17011,1.);
#17011 = DIRECTION('',(0.,0.,1.));
#17012 = ORIENTED_EDGE('',*,*,#8983,.F.);
#17013 = ORIENTED_EDGE('',*,*,#17007,.F.);
#17014 = CYLINDRICAL_SURFACE('',#17015,1.9939);
#17015 = AXIS2_PLACEMENT_3D('',#17016,#17017,#17018);
#17016 = CARTESIAN_POINT('',(75.208,-116.29136,-4.6E-02));
#17017 = DIRECTION('',(-0.,-0.,-1.));
#17018 = DIRECTION('',(-0.,-1.,0.));
#17019 = ADVANCED_FACE('',(#17020),#17031,.F.);
#17020 = FACE_BOUND('',#17021,.T.);
#17021 = EDGE_LOOP('',(#17022,#17023,#17029,#17030));
#17022 = ORIENTED_EDGE('',*,*,#3161,.T.);
#17023 = ORIENTED_EDGE('',*,*,#17024,.T.);
#17024 = EDGE_CURVE('',#3162,#8995,#17025,.T.);
#17025 = LINE('',#17026,#17027);
#17026 = CARTESIAN_POINT('',(80.288,-117.14226,-4.6E-02));
#17027 = VECTOR('',#17028,1.);
#17028 = DIRECTION('',(0.,0.,1.));
#17029 = ORIENTED_EDGE('',*,*,#8994,.F.);
#17030 = ORIENTED_EDGE('',*,*,#17024,.F.);
#17031 = CYLINDRICAL_SURFACE('',#17032,0.8509);
#17032 = AXIS2_PLACEMENT_3D('',#17033,#17034,#17035);
#17033 = CARTESIAN_POINT('',(80.288,-116.29136,-4.6E-02));
#17034 = DIRECTION('',(-0.,-0.,-1.));
#17035 = DIRECTION('',(-1.670096922694E-14,-1.,0.));
#17036 = ADVANCED_FACE('',(#17037),#17048,.F.);
#17037 = FACE_BOUND('',#17038,.T.);
#17038 = EDGE_LOOP('',(#17039,#17040,#17046,#17047));
#17039 = ORIENTED_EDGE('',*,*,#3172,.T.);
#17040 = ORIENTED_EDGE('',*,*,#17041,.T.);
#17041 = EDGE_CURVE('',#3173,#9006,#17042,.T.);
#17042 = LINE('',#17043,#17044);
#17043 = CARTESIAN_POINT('',(71.398,-115.25136,-4.6E-02));
#17044 = VECTOR('',#17045,1.);
#17045 = DIRECTION('',(0.,0.,1.));
#17046 = ORIENTED_EDGE('',*,*,#9005,.F.);
#17047 = ORIENTED_EDGE('',*,*,#17041,.F.);
#17048 = CYLINDRICAL_SURFACE('',#17049,1.5);
#17049 = AXIS2_PLACEMENT_3D('',#17050,#17051,#17052);
#17050 = CARTESIAN_POINT('',(71.398,-113.75136,-4.6E-02));
#17051 = DIRECTION('',(-0.,-0.,-1.));
#17052 = DIRECTION('',(-0.,-1.,0.));
#17053 = ADVANCED_FACE('',(#17054),#17065,.F.);
#17054 = FACE_BOUND('',#17055,.T.);
#17055 = EDGE_LOOP('',(#17056,#17057,#17063,#17064));
#17056 = ORIENTED_EDGE('',*,*,#3183,.T.);
#17057 = ORIENTED_EDGE('',*,*,#17058,.T.);
#17058 = EDGE_CURVE('',#3184,#9017,#17059,.T.);
#17059 = LINE('',#17060,#17061);
#17060 = CARTESIAN_POINT('',(93.9405,-117.14226,-4.6E-02));
#17061 = VECTOR('',#17062,1.);
#17062 = DIRECTION('',(0.,0.,1.));
#17063 = ORIENTED_EDGE('',*,*,#9016,.F.);
#17064 = ORIENTED_EDGE('',*,*,#17058,.F.);
#17065 = CYLINDRICAL_SURFACE('',#17066,0.8509);
#17066 = AXIS2_PLACEMENT_3D('',#17067,#17068,#17069);
#17067 = CARTESIAN_POINT('',(93.9405,-116.29136,-4.6E-02));
#17068 = DIRECTION('',(-0.,-0.,-1.));
#17069 = DIRECTION('',(-0.,-1.,0.));
#17070 = ADVANCED_FACE('',(#17071),#17082,.F.);
#17071 = FACE_BOUND('',#17072,.T.);
#17072 = EDGE_LOOP('',(#17073,#17074,#17080,#17081));
#17073 = ORIENTED_EDGE('',*,*,#3194,.T.);
#17074 = ORIENTED_EDGE('',*,*,#17075,.T.);
#17075 = EDGE_CURVE('',#3195,#9028,#17076,.T.);
#17076 = LINE('',#17077,#17078);
#17077 = CARTESIAN_POINT('',(99.0205,-118.28526,-4.6E-02));
#17078 = VECTOR('',#17079,1.);
#17079 = DIRECTION('',(0.,0.,1.));
#17080 = ORIENTED_EDGE('',*,*,#9027,.F.);
#17081 = ORIENTED_EDGE('',*,*,#17075,.F.);
#17082 = CYLINDRICAL_SURFACE('',#17083,1.9939);
#17083 = AXIS2_PLACEMENT_3D('',#17084,#17085,#17086);
#17084 = CARTESIAN_POINT('',(99.0205,-116.29136,-4.6E-02));
#17085 = DIRECTION('',(-0.,-0.,-1.));
#17086 = DIRECTION('',(-0.,-1.,0.));
#17087 = ADVANCED_FACE('',(#17088),#17099,.F.);
#17088 = FACE_BOUND('',#17089,.T.);
#17089 = EDGE_LOOP('',(#17090,#17091,#17097,#17098));
#17090 = ORIENTED_EDGE('',*,*,#3205,.T.);
#17091 = ORIENTED_EDGE('',*,*,#17092,.T.);
#17092 = EDGE_CURVE('',#3206,#9039,#17093,.T.);
#17093 = LINE('',#17094,#17095);
#17094 = CARTESIAN_POINT('',(95.2105,-115.25136,-4.6E-02));
#17095 = VECTOR('',#17096,1.);
#17096 = DIRECTION('',(0.,0.,1.));
#17097 = ORIENTED_EDGE('',*,*,#9038,.F.);
#17098 = ORIENTED_EDGE('',*,*,#17092,.F.);
#17099 = CYLINDRICAL_SURFACE('',#17100,1.5);
#17100 = AXIS2_PLACEMENT_3D('',#17101,#17102,#17103);
#17101 = CARTESIAN_POINT('',(95.2105,-113.75136,-4.6E-02));
#17102 = DIRECTION('',(-0.,-0.,-1.));
#17103 = DIRECTION('',(-0.,-1.,0.));
#17104 = ADVANCED_FACE('',(#17105),#17121,.T.);
#17105 = FACE_BOUND('',#17106,.T.);
#17106 = EDGE_LOOP('',(#17107,#17113,#17114,#17120));
#17107 = ORIENTED_EDGE('',*,*,#17108,.T.);
#17108 = EDGE_CURVE('',#3217,#9050,#17109,.T.);
#17109 = LINE('',#17110,#17111);
#17110 = CARTESIAN_POINT('',(116.3705,-123.29136,0.));
#17111 = VECTOR('',#17112,1.);
#17112 = DIRECTION('',(0.,0.,1.));
#17113 = ORIENTED_EDGE('',*,*,#9049,.T.);
#17114 = ORIENTED_EDGE('',*,*,#17115,.F.);
#17115 = EDGE_CURVE('',#3219,#9052,#17116,.T.);
#17116 = LINE('',#17117,#17118);
#17117 = CARTESIAN_POINT('',(119.7705,-123.29136,0.));
#17118 = VECTOR('',#17119,1.);
#17119 = DIRECTION('',(0.,0.,1.));
#17120 = ORIENTED_EDGE('',*,*,#3216,.F.);
#17121 = PLANE('',#17122);
#17122 = AXIS2_PLACEMENT_3D('',#17123,#17124,#17125);
#17123 = CARTESIAN_POINT('',(116.3705,-123.29136,0.));
#17124 = DIRECTION('',(0.,1.,0.));
#17125 = DIRECTION('',(1.,0.,0.));
#17126 = ADVANCED_FACE('',(#17127),#17138,.T.);
#17127 = FACE_BOUND('',#17128,.T.);
#17128 = EDGE_LOOP('',(#17129,#17135,#17136,#17137));
#17129 = ORIENTED_EDGE('',*,*,#17130,.T.);
#17130 = EDGE_CURVE('',#3227,#9060,#17131,.T.);
#17131 = LINE('',#17132,#17133);
#17132 = CARTESIAN_POINT('',(116.3705,-120.29136,0.));
#17133 = VECTOR('',#17134,1.);
#17134 = DIRECTION('',(0.,0.,1.));
#17135 = ORIENTED_EDGE('',*,*,#9059,.T.);
#17136 = ORIENTED_EDGE('',*,*,#17108,.F.);
#17137 = ORIENTED_EDGE('',*,*,#3226,.F.);
#17138 = PLANE('',#17139);
#17139 = AXIS2_PLACEMENT_3D('',#17140,#17141,#17142);
#17140 = CARTESIAN_POINT('',(116.3705,-120.29136,0.));
#17141 = DIRECTION('',(1.,0.,-0.));
#17142 = DIRECTION('',(0.,-1.,0.));
#17143 = ADVANCED_FACE('',(#17144),#17155,.T.);
#17144 = FACE_BOUND('',#17145,.T.);
#17145 = EDGE_LOOP('',(#17146,#17147,#17148,#17154));
#17146 = ORIENTED_EDGE('',*,*,#17115,.T.);
#17147 = ORIENTED_EDGE('',*,*,#9075,.T.);
#17148 = ORIENTED_EDGE('',*,*,#17149,.F.);
#17149 = EDGE_CURVE('',#3235,#9068,#17150,.T.);
#17150 = LINE('',#17151,#17152);
#17151 = CARTESIAN_POINT('',(119.7705,-120.29136,0.));
#17152 = VECTOR('',#17153,1.);
#17153 = DIRECTION('',(0.,0.,1.));
#17154 = ORIENTED_EDGE('',*,*,#3242,.F.);
#17155 = PLANE('',#17156);
#17156 = AXIS2_PLACEMENT_3D('',#17157,#17158,#17159);
#17157 = CARTESIAN_POINT('',(119.7705,-123.29136,0.));
#17158 = DIRECTION('',(-1.,0.,0.));
#17159 = DIRECTION('',(0.,1.,0.));
#17160 = ADVANCED_FACE('',(#17161),#17167,.T.);
#17161 = FACE_BOUND('',#17162,.T.);
#17162 = EDGE_LOOP('',(#17163,#17164,#17165,#17166));
#17163 = ORIENTED_EDGE('',*,*,#17149,.T.);
#17164 = ORIENTED_EDGE('',*,*,#9067,.T.);
#17165 = ORIENTED_EDGE('',*,*,#17130,.F.);
#17166 = ORIENTED_EDGE('',*,*,#3234,.F.);
#17167 = PLANE('',#17168);
#17168 = AXIS2_PLACEMENT_3D('',#17169,#17170,#17171);
#17169 = CARTESIAN_POINT('',(119.7705,-120.29136,0.));
#17170 = DIRECTION('',(0.,-1.,0.));
#17171 = DIRECTION('',(-1.,0.,0.));
#17172 = ADVANCED_FACE('',(#17173),#17184,.F.);
#17173 = FACE_BOUND('',#17174,.T.);
#17174 = EDGE_LOOP('',(#17175,#17176,#17182,#17183));
#17175 = ORIENTED_EDGE('',*,*,#3250,.T.);
#17176 = ORIENTED_EDGE('',*,*,#17177,.T.);
#17177 = EDGE_CURVE('',#3251,#9084,#17178,.T.);
#17178 = LINE('',#17179,#17180);
#17179 = CARTESIAN_POINT('',(104.1005,-117.14226,-4.6E-02));
#17180 = VECTOR('',#17181,1.);
#17181 = DIRECTION('',(0.,0.,1.));
#17182 = ORIENTED_EDGE('',*,*,#9083,.F.);
#17183 = ORIENTED_EDGE('',*,*,#17177,.F.);
#17184 = CYLINDRICAL_SURFACE('',#17185,0.8509);
#17185 = AXIS2_PLACEMENT_3D('',#17186,#17187,#17188);
#17186 = CARTESIAN_POINT('',(104.1005,-116.29136,-4.6E-02));
#17187 = DIRECTION('',(-0.,-0.,-1.));
#17188 = DIRECTION('',(-1.670096922694E-14,-1.,0.));
#17189 = ADVANCED_FACE('',(#17190),#17201,.F.);
#17190 = FACE_BOUND('',#17191,.T.);
#17191 = EDGE_LOOP('',(#17192,#17193,#17199,#17200));
#17192 = ORIENTED_EDGE('',*,*,#3261,.T.);
#17193 = ORIENTED_EDGE('',*,*,#17194,.T.);
#17194 = EDGE_CURVE('',#3262,#9095,#17195,.T.);
#17195 = LINE('',#17196,#17197);
#17196 = CARTESIAN_POINT('',(112.9905,-117.14226,-4.6E-02));
#17197 = VECTOR('',#17198,1.);
#17198 = DIRECTION('',(0.,0.,1.));
#17199 = ORIENTED_EDGE('',*,*,#9094,.F.);
#17200 = ORIENTED_EDGE('',*,*,#17194,.F.);
#17201 = CYLINDRICAL_SURFACE('',#17202,0.8509);
#17202 = AXIS2_PLACEMENT_3D('',#17203,#17204,#17205);
#17203 = CARTESIAN_POINT('',(112.9905,-116.29136,-4.6E-02));
#17204 = DIRECTION('',(-0.,-0.,-1.));
#17205 = DIRECTION('',(-0.,-1.,0.));
#17206 = ADVANCED_FACE('',(#17207),#17218,.F.);
#17207 = FACE_BOUND('',#17208,.T.);
#17208 = EDGE_LOOP('',(#17209,#17210,#17216,#17217));
#17209 = ORIENTED_EDGE('',*,*,#3272,.T.);
#17210 = ORIENTED_EDGE('',*,*,#17211,.T.);
#17211 = EDGE_CURVE('',#3273,#9106,#17212,.T.);
#17212 = LINE('',#17213,#17214);
#17213 = CARTESIAN_POINT('',(114.2605,-115.25136,-4.6E-02));
#17214 = VECTOR('',#17215,1.);
#17215 = DIRECTION('',(0.,0.,1.));
#17216 = ORIENTED_EDGE('',*,*,#9105,.F.);
#17217 = ORIENTED_EDGE('',*,*,#17211,.F.);
#17218 = CYLINDRICAL_SURFACE('',#17219,1.5);
#17219 = AXIS2_PLACEMENT_3D('',#17220,#17221,#17222);
#17220 = CARTESIAN_POINT('',(114.2605,-113.75136,-4.6E-02));
#17221 = DIRECTION('',(-0.,-0.,-1.));
#17222 = DIRECTION('',(-0.,-1.,0.));
#17223 = ADVANCED_FACE('',(#17224),#17235,.F.);
#17224 = FACE_BOUND('',#17225,.T.);
#17225 = EDGE_LOOP('',(#17226,#17227,#17233,#17234));
#17226 = ORIENTED_EDGE('',*,*,#3283,.T.);
#17227 = ORIENTED_EDGE('',*,*,#17228,.T.);
#17228 = EDGE_CURVE('',#3284,#9117,#17229,.T.);
#17229 = LINE('',#17230,#17231);
#17230 = CARTESIAN_POINT('',(118.0705,-118.28526,-4.6E-02));
#17231 = VECTOR('',#17232,1.);
#17232 = DIRECTION('',(0.,0.,1.));
#17233 = ORIENTED_EDGE('',*,*,#9116,.F.);
#17234 = ORIENTED_EDGE('',*,*,#17228,.F.);
#17235 = CYLINDRICAL_SURFACE('',#17236,1.9939);
#17236 = AXIS2_PLACEMENT_3D('',#17237,#17238,#17239);
#17237 = CARTESIAN_POINT('',(118.0705,-116.29136,-4.6E-02));
#17238 = DIRECTION('',(-0.,-0.,-1.));
#17239 = DIRECTION('',(-7.127165211496E-15,-1.,0.));
#17240 = ADVANCED_FACE('',(#17241),#17252,.F.);
#17241 = FACE_BOUND('',#17242,.T.);
#17242 = EDGE_LOOP('',(#17243,#17244,#17250,#17251));
#17243 = ORIENTED_EDGE('',*,*,#3294,.T.);
#17244 = ORIENTED_EDGE('',*,*,#17245,.T.);
#17245 = EDGE_CURVE('',#3295,#9128,#17246,.T.);
#17246 = LINE('',#17247,#17248);
#17247 = CARTESIAN_POINT('',(123.1505,-117.14226,-4.6E-02));
#17248 = VECTOR('',#17249,1.);
#17249 = DIRECTION('',(0.,0.,1.));
#17250 = ORIENTED_EDGE('',*,*,#9127,.F.);
#17251 = ORIENTED_EDGE('',*,*,#17245,.F.);
#17252 = CYLINDRICAL_SURFACE('',#17253,0.8509);
#17253 = AXIS2_PLACEMENT_3D('',#17254,#17255,#17256);
#17254 = CARTESIAN_POINT('',(123.1505,-116.29136,-4.6E-02));
#17255 = DIRECTION('',(-0.,-0.,-1.));
#17256 = DIRECTION('',(-0.,-1.,0.));
#17257 = ADVANCED_FACE('',(#17258),#17269,.F.);
#17258 = FACE_BOUND('',#17259,.T.);
#17259 = EDGE_LOOP('',(#17260,#17261,#17267,#17268));
#17260 = ORIENTED_EDGE('',*,*,#3305,.T.);
#17261 = ORIENTED_EDGE('',*,*,#17262,.T.);
#17262 = EDGE_CURVE('',#3306,#9139,#17263,.T.);
#17263 = LINE('',#17264,#17265);
#17264 = CARTESIAN_POINT('',(132.0405,-117.14226,-4.6E-02));
#17265 = VECTOR('',#17266,1.);
#17266 = DIRECTION('',(0.,0.,1.));
#17267 = ORIENTED_EDGE('',*,*,#9138,.F.);
#17268 = ORIENTED_EDGE('',*,*,#17262,.F.);
#17269 = CYLINDRICAL_SURFACE('',#17270,0.8509);
#17270 = AXIS2_PLACEMENT_3D('',#17271,#17272,#17273);
#17271 = CARTESIAN_POINT('',(132.0405,-116.29136,-4.6E-02));
#17272 = DIRECTION('',(-0.,-0.,-1.));
#17273 = DIRECTION('',(-0.,-1.,0.));
#17274 = ADVANCED_FACE('',(#17275),#17286,.F.);
#17275 = FACE_BOUND('',#17276,.T.);
#17276 = EDGE_LOOP('',(#17277,#17278,#17284,#17285));
#17277 = ORIENTED_EDGE('',*,*,#3316,.T.);
#17278 = ORIENTED_EDGE('',*,*,#17279,.T.);
#17279 = EDGE_CURVE('',#3317,#9150,#17280,.T.);
#17280 = LINE('',#17281,#17282);
#17281 = CARTESIAN_POINT('',(133.3105,-115.25136,-4.6E-02));
#17282 = VECTOR('',#17283,1.);
#17283 = DIRECTION('',(0.,0.,1.));
#17284 = ORIENTED_EDGE('',*,*,#9149,.F.);
#17285 = ORIENTED_EDGE('',*,*,#17279,.F.);
#17286 = CYLINDRICAL_SURFACE('',#17287,1.5);
#17287 = AXIS2_PLACEMENT_3D('',#17288,#17289,#17290);
#17288 = CARTESIAN_POINT('',(133.3105,-113.75136,-4.6E-02));
#17289 = DIRECTION('',(-0.,-0.,-1.));
#17290 = DIRECTION('',(-0.,-1.,0.));
#17291 = ADVANCED_FACE('',(#17292),#17303,.F.);
#17292 = FACE_BOUND('',#17293,.T.);
#17293 = EDGE_LOOP('',(#17294,#17295,#17301,#17302));
#17294 = ORIENTED_EDGE('',*,*,#3327,.T.);
#17295 = ORIENTED_EDGE('',*,*,#17296,.T.);
#17296 = EDGE_CURVE('',#3328,#9161,#17297,.T.);
#17297 = LINE('',#17298,#17299);
#17298 = CARTESIAN_POINT('',(138.073,-134.30136,-4.6E-02));
#17299 = VECTOR('',#17300,1.);
#17300 = DIRECTION('',(0.,0.,1.));
#17301 = ORIENTED_EDGE('',*,*,#9160,.F.);
#17302 = ORIENTED_EDGE('',*,*,#17296,.F.);
#17303 = CYLINDRICAL_SURFACE('',#17304,1.5);
#17304 = AXIS2_PLACEMENT_3D('',#17305,#17306,#17307);
#17305 = CARTESIAN_POINT('',(138.073,-132.80136,-4.6E-02));
#17306 = DIRECTION('',(-0.,-0.,-1.));
#17307 = DIRECTION('',(-0.,-1.,0.));
#17308 = ADVANCED_FACE('',(#17309),#17320,.F.);
#17309 = FACE_BOUND('',#17310,.T.);
#17310 = EDGE_LOOP('',(#17311,#17312,#17318,#17319));
#17311 = ORIENTED_EDGE('',*,*,#3338,.T.);
#17312 = ORIENTED_EDGE('',*,*,#17313,.T.);
#17313 = EDGE_CURVE('',#3339,#9172,#17314,.T.);
#17314 = LINE('',#17315,#17316);
#17315 = CARTESIAN_POINT('',(144.423,-131.76136,-4.6E-02));
#17316 = VECTOR('',#17317,1.);
#17317 = DIRECTION('',(0.,0.,1.));
#17318 = ORIENTED_EDGE('',*,*,#9171,.F.);
#17319 = ORIENTED_EDGE('',*,*,#17313,.F.);
#17320 = CYLINDRICAL_SURFACE('',#17321,1.5);
#17321 = AXIS2_PLACEMENT_3D('',#17322,#17323,#17324);
#17322 = CARTESIAN_POINT('',(144.423,-130.26136,-4.6E-02));
#17323 = DIRECTION('',(-0.,-0.,-1.));
#17324 = DIRECTION('',(-0.,-1.,0.));
#17325 = ADVANCED_FACE('',(#17326),#17337,.F.);
#17326 = FACE_BOUND('',#17327,.T.);
#17327 = EDGE_LOOP('',(#17328,#17329,#17335,#17336));
#17328 = ORIENTED_EDGE('',*,*,#3349,.T.);
#17329 = ORIENTED_EDGE('',*,*,#17330,.T.);
#17330 = EDGE_CURVE('',#3350,#9183,#17331,.T.);
#17331 = LINE('',#17332,#17333);
#17332 = CARTESIAN_POINT('',(157.123,-134.30136,-4.6E-02));
#17333 = VECTOR('',#17334,1.);
#17334 = DIRECTION('',(0.,0.,1.));
#17335 = ORIENTED_EDGE('',*,*,#9182,.F.);
#17336 = ORIENTED_EDGE('',*,*,#17330,.F.);
#17337 = CYLINDRICAL_SURFACE('',#17338,1.5);
#17338 = AXIS2_PLACEMENT_3D('',#17339,#17340,#17341);
#17339 = CARTESIAN_POINT('',(157.123,-132.80136,-4.6E-02));
#17340 = DIRECTION('',(-0.,-0.,-1.));
#17341 = DIRECTION('',(-0.,-1.,0.));
#17342 = ADVANCED_FACE('',(#17343),#17354,.F.);
#17343 = FACE_BOUND('',#17344,.T.);
#17344 = EDGE_LOOP('',(#17345,#17346,#17352,#17353));
#17345 = ORIENTED_EDGE('',*,*,#3360,.T.);
#17346 = ORIENTED_EDGE('',*,*,#17347,.T.);
#17347 = EDGE_CURVE('',#3361,#9194,#17348,.T.);
#17348 = LINE('',#17349,#17350);
#17349 = CARTESIAN_POINT('',(163.473,-131.76136,-4.6E-02));
#17350 = VECTOR('',#17351,1.);
#17351 = DIRECTION('',(0.,0.,1.));
#17352 = ORIENTED_EDGE('',*,*,#9193,.F.);
#17353 = ORIENTED_EDGE('',*,*,#17347,.F.);
#17354 = CYLINDRICAL_SURFACE('',#17355,1.5);
#17355 = AXIS2_PLACEMENT_3D('',#17356,#17357,#17358);
#17356 = CARTESIAN_POINT('',(163.473,-130.26136,-4.6E-02));
#17357 = DIRECTION('',(-0.,-0.,-1.));
#17358 = DIRECTION('',(-0.,-1.,0.));
#17359 = ADVANCED_FACE('',(#17360),#17371,.F.);
#17360 = FACE_BOUND('',#17361,.T.);
#17361 = EDGE_LOOP('',(#17362,#17363,#17369,#17370));
#17362 = ORIENTED_EDGE('',*,*,#3371,.T.);
#17363 = ORIENTED_EDGE('',*,*,#17364,.T.);
#17364 = EDGE_CURVE('',#3372,#9205,#17365,.T.);
#17365 = LINE('',#17366,#17367);
#17366 = CARTESIAN_POINT('',(151.82,-128.1,-4.6E-02));
#17367 = VECTOR('',#17368,1.);
#17368 = DIRECTION('',(0.,0.,1.));
#17369 = ORIENTED_EDGE('',*,*,#9204,.F.);
#17370 = ORIENTED_EDGE('',*,*,#17364,.F.);
#17371 = CYLINDRICAL_SURFACE('',#17372,1.1);
#17372 = AXIS2_PLACEMENT_3D('',#17373,#17374,#17375);
#17373 = CARTESIAN_POINT('',(151.82,-127.,-4.6E-02));
#17374 = DIRECTION('',(-0.,-0.,-1.));
#17375 = DIRECTION('',(-0.,-1.,0.));
#17376 = ADVANCED_FACE('',(#17377),#17388,.F.);
#17377 = FACE_BOUND('',#17378,.T.);
#17378 = EDGE_LOOP('',(#17379,#17380,#17386,#17387));
#17379 = ORIENTED_EDGE('',*,*,#3382,.T.);
#17380 = ORIENTED_EDGE('',*,*,#17381,.T.);
#17381 = EDGE_CURVE('',#3383,#9216,#17382,.T.);
#17382 = LINE('',#17383,#17384);
#17383 = CARTESIAN_POINT('',(176.173,-134.30136,-4.6E-02));
#17384 = VECTOR('',#17385,1.);
#17385 = DIRECTION('',(0.,0.,1.));
#17386 = ORIENTED_EDGE('',*,*,#9215,.F.);
#17387 = ORIENTED_EDGE('',*,*,#17381,.F.);
#17388 = CYLINDRICAL_SURFACE('',#17389,1.5);
#17389 = AXIS2_PLACEMENT_3D('',#17390,#17391,#17392);
#17390 = CARTESIAN_POINT('',(176.173,-132.80136,-4.6E-02));
#17391 = DIRECTION('',(-0.,-0.,-1.));
#17392 = DIRECTION('',(-0.,-1.,0.));
#17393 = ADVANCED_FACE('',(#17394),#17405,.F.);
#17394 = FACE_BOUND('',#17395,.T.);
#17395 = EDGE_LOOP('',(#17396,#17397,#17403,#17404));
#17396 = ORIENTED_EDGE('',*,*,#3393,.T.);
#17397 = ORIENTED_EDGE('',*,*,#17398,.T.);
#17398 = EDGE_CURVE('',#3394,#9227,#17399,.T.);
#17399 = LINE('',#17400,#17401);
#17400 = CARTESIAN_POINT('',(185.063,-136.19226,-4.6E-02));
#17401 = VECTOR('',#17402,1.);
#17402 = DIRECTION('',(0.,0.,1.));
#17403 = ORIENTED_EDGE('',*,*,#9226,.F.);
#17404 = ORIENTED_EDGE('',*,*,#17398,.F.);
#17405 = CYLINDRICAL_SURFACE('',#17406,0.8509);
#17406 = AXIS2_PLACEMENT_3D('',#17407,#17408,#17409);
#17407 = CARTESIAN_POINT('',(185.063,-135.34136,-4.6E-02));
#17408 = DIRECTION('',(-0.,-0.,-1.));
#17409 = DIRECTION('',(-0.,-1.,0.));
#17410 = ADVANCED_FACE('',(#17411),#17422,.F.);
#17411 = FACE_BOUND('',#17412,.T.);
#17412 = EDGE_LOOP('',(#17413,#17414,#17420,#17421));
#17413 = ORIENTED_EDGE('',*,*,#3404,.T.);
#17414 = ORIENTED_EDGE('',*,*,#17415,.T.);
#17415 = EDGE_CURVE('',#3405,#9238,#17416,.T.);
#17416 = LINE('',#17417,#17418);
#17417 = CARTESIAN_POINT('',(182.523,-131.76136,-4.6E-02));
#17418 = VECTOR('',#17419,1.);
#17419 = DIRECTION('',(0.,0.,1.));
#17420 = ORIENTED_EDGE('',*,*,#9237,.F.);
#17421 = ORIENTED_EDGE('',*,*,#17415,.F.);
#17422 = CYLINDRICAL_SURFACE('',#17423,1.5);
#17423 = AXIS2_PLACEMENT_3D('',#17424,#17425,#17426);
#17424 = CARTESIAN_POINT('',(182.523,-130.26136,-4.6E-02));
#17425 = DIRECTION('',(-0.,-0.,-1.));
#17426 = DIRECTION('',(-0.,-1.,0.));
#17427 = ADVANCED_FACE('',(#17428),#17439,.F.);
#17428 = FACE_BOUND('',#17429,.T.);
#17429 = EDGE_LOOP('',(#17430,#17431,#17437,#17438));
#17430 = ORIENTED_EDGE('',*,*,#3415,.T.);
#17431 = ORIENTED_EDGE('',*,*,#17432,.T.);
#17432 = EDGE_CURVE('',#3416,#9249,#17433,.T.);
#17433 = LINE('',#17434,#17435);
#17434 = CARTESIAN_POINT('',(195.223,-134.30136,-4.6E-02));
#17435 = VECTOR('',#17436,1.);
#17436 = DIRECTION('',(0.,0.,1.));
#17437 = ORIENTED_EDGE('',*,*,#9248,.F.);
#17438 = ORIENTED_EDGE('',*,*,#17432,.F.);
#17439 = CYLINDRICAL_SURFACE('',#17440,1.5);
#17440 = AXIS2_PLACEMENT_3D('',#17441,#17442,#17443);
#17441 = CARTESIAN_POINT('',(195.223,-132.80136,-4.6E-02));
#17442 = DIRECTION('',(-0.,-0.,-1.));
#17443 = DIRECTION('',(-0.,-1.,0.));
#17444 = ADVANCED_FACE('',(#17445),#17456,.F.);
#17445 = FACE_BOUND('',#17446,.T.);
#17446 = EDGE_LOOP('',(#17447,#17448,#17454,#17455));
#17447 = ORIENTED_EDGE('',*,*,#3426,.T.);
#17448 = ORIENTED_EDGE('',*,*,#17449,.T.);
#17449 = EDGE_CURVE('',#3427,#9260,#17450,.T.);
#17450 = LINE('',#17451,#17452);
#17451 = CARTESIAN_POINT('',(201.573,-131.76136,-4.6E-02));
#17452 = VECTOR('',#17453,1.);
#17453 = DIRECTION('',(0.,0.,1.));
#17454 = ORIENTED_EDGE('',*,*,#9259,.F.);
#17455 = ORIENTED_EDGE('',*,*,#17449,.F.);
#17456 = CYLINDRICAL_SURFACE('',#17457,1.5);
#17457 = AXIS2_PLACEMENT_3D('',#17458,#17459,#17460);
#17458 = CARTESIAN_POINT('',(201.573,-130.26136,-4.6E-02));
#17459 = DIRECTION('',(-0.,-0.,-1.));
#17460 = DIRECTION('',(-0.,-1.,0.));
#17461 = ADVANCED_FACE('',(#17462),#17478,.T.);
#17462 = FACE_BOUND('',#17463,.T.);
#17463 = EDGE_LOOP('',(#17464,#17470,#17471,#17477));
#17464 = ORIENTED_EDGE('',*,*,#17465,.T.);
#17465 = EDGE_CURVE('',#3438,#9271,#17466,.T.);
#17466 = LINE('',#17467,#17468);
#17467 = CARTESIAN_POINT('',(135.4205,-123.29136,0.));
#17468 = VECTOR('',#17469,1.);
#17469 = DIRECTION('',(0.,0.,1.));
#17470 = ORIENTED_EDGE('',*,*,#9270,.T.);
#17471 = ORIENTED_EDGE('',*,*,#17472,.F.);
#17472 = EDGE_CURVE('',#3440,#9273,#17473,.T.);
#17473 = LINE('',#17474,#17475);
#17474 = CARTESIAN_POINT('',(138.8205,-123.29136,0.));
#17475 = VECTOR('',#17476,1.);
#17476 = DIRECTION('',(0.,0.,1.));
#17477 = ORIENTED_EDGE('',*,*,#3437,.F.);
#17478 = PLANE('',#17479);
#17479 = AXIS2_PLACEMENT_3D('',#17480,#17481,#17482);
#17480 = CARTESIAN_POINT('',(135.4205,-123.29136,0.));
#17481 = DIRECTION('',(0.,1.,0.));
#17482 = DIRECTION('',(1.,0.,0.));
#17483 = ADVANCED_FACE('',(#17484),#17495,.T.);
#17484 = FACE_BOUND('',#17485,.T.);
#17485 = EDGE_LOOP('',(#17486,#17492,#17493,#17494));
#17486 = ORIENTED_EDGE('',*,*,#17487,.T.);
#17487 = EDGE_CURVE('',#3448,#9281,#17488,.T.);
#17488 = LINE('',#17489,#17490);
#17489 = CARTESIAN_POINT('',(135.4205,-120.29136,0.));
#17490 = VECTOR('',#17491,1.);
#17491 = DIRECTION('',(0.,0.,1.));
#17492 = ORIENTED_EDGE('',*,*,#9280,.T.);
#17493 = ORIENTED_EDGE('',*,*,#17465,.F.);
#17494 = ORIENTED_EDGE('',*,*,#3447,.F.);
#17495 = PLANE('',#17496);
#17496 = AXIS2_PLACEMENT_3D('',#17497,#17498,#17499);
#17497 = CARTESIAN_POINT('',(135.4205,-120.29136,0.));
#17498 = DIRECTION('',(1.,0.,-0.));
#17499 = DIRECTION('',(0.,-1.,0.));
#17500 = ADVANCED_FACE('',(#17501),#17512,.T.);
#17501 = FACE_BOUND('',#17502,.T.);
#17502 = EDGE_LOOP('',(#17503,#17504,#17505,#17511));
#17503 = ORIENTED_EDGE('',*,*,#17472,.T.);
#17504 = ORIENTED_EDGE('',*,*,#9296,.T.);
#17505 = ORIENTED_EDGE('',*,*,#17506,.F.);
#17506 = EDGE_CURVE('',#3456,#9289,#17507,.T.);
#17507 = LINE('',#17508,#17509);
#17508 = CARTESIAN_POINT('',(138.8205,-120.29136,0.));
#17509 = VECTOR('',#17510,1.);
#17510 = DIRECTION('',(0.,0.,1.));
#17511 = ORIENTED_EDGE('',*,*,#3463,.F.);
#17512 = PLANE('',#17513);
#17513 = AXIS2_PLACEMENT_3D('',#17514,#17515,#17516);
#17514 = CARTESIAN_POINT('',(138.8205,-123.29136,0.));
#17515 = DIRECTION('',(-1.,0.,0.));
#17516 = DIRECTION('',(0.,1.,0.));
#17517 = ADVANCED_FACE('',(#17518),#17524,.T.);
#17518 = FACE_BOUND('',#17519,.T.);
#17519 = EDGE_LOOP('',(#17520,#17521,#17522,#17523));
#17520 = ORIENTED_EDGE('',*,*,#17506,.T.);
#17521 = ORIENTED_EDGE('',*,*,#9288,.T.);
#17522 = ORIENTED_EDGE('',*,*,#17487,.F.);
#17523 = ORIENTED_EDGE('',*,*,#3455,.F.);
#17524 = PLANE('',#17525);
#17525 = AXIS2_PLACEMENT_3D('',#17526,#17527,#17528);
#17526 = CARTESIAN_POINT('',(138.8205,-120.29136,0.));
#17527 = DIRECTION('',(0.,-1.,0.));
#17528 = DIRECTION('',(-1.,0.,0.));
#17529 = ADVANCED_FACE('',(#17530),#17546,.T.);
#17530 = FACE_BOUND('',#17531,.T.);
#17531 = EDGE_LOOP('',(#17532,#17538,#17539,#17545));
#17532 = ORIENTED_EDGE('',*,*,#17533,.T.);
#17533 = EDGE_CURVE('',#3472,#9305,#17534,.T.);
#17534 = LINE('',#17535,#17536);
#17535 = CARTESIAN_POINT('',(154.4705,-123.29136,0.));
#17536 = VECTOR('',#17537,1.);
#17537 = DIRECTION('',(0.,0.,1.));
#17538 = ORIENTED_EDGE('',*,*,#9304,.T.);
#17539 = ORIENTED_EDGE('',*,*,#17540,.F.);
#17540 = EDGE_CURVE('',#3474,#9307,#17541,.T.);
#17541 = LINE('',#17542,#17543);
#17542 = CARTESIAN_POINT('',(157.8705,-123.29136,0.));
#17543 = VECTOR('',#17544,1.);
#17544 = DIRECTION('',(0.,0.,1.));
#17545 = ORIENTED_EDGE('',*,*,#3471,.F.);
#17546 = PLANE('',#17547);
#17547 = AXIS2_PLACEMENT_3D('',#17548,#17549,#17550);
#17548 = CARTESIAN_POINT('',(154.4705,-123.29136,0.));
#17549 = DIRECTION('',(0.,1.,0.));
#17550 = DIRECTION('',(1.,0.,0.));
#17551 = ADVANCED_FACE('',(#17552),#17563,.T.);
#17552 = FACE_BOUND('',#17553,.T.);
#17553 = EDGE_LOOP('',(#17554,#17560,#17561,#17562));
#17554 = ORIENTED_EDGE('',*,*,#17555,.T.);
#17555 = EDGE_CURVE('',#3482,#9315,#17556,.T.);
#17556 = LINE('',#17557,#17558);
#17557 = CARTESIAN_POINT('',(154.4705,-120.29136,0.));
#17558 = VECTOR('',#17559,1.);
#17559 = DIRECTION('',(0.,0.,1.));
#17560 = ORIENTED_EDGE('',*,*,#9314,.T.);
#17561 = ORIENTED_EDGE('',*,*,#17533,.F.);
#17562 = ORIENTED_EDGE('',*,*,#3481,.F.);
#17563 = PLANE('',#17564);
#17564 = AXIS2_PLACEMENT_3D('',#17565,#17566,#17567);
#17565 = CARTESIAN_POINT('',(154.4705,-120.29136,0.));
#17566 = DIRECTION('',(1.,0.,-0.));
#17567 = DIRECTION('',(0.,-1.,0.));
#17568 = ADVANCED_FACE('',(#17569),#17580,.T.);
#17569 = FACE_BOUND('',#17570,.T.);
#17570 = EDGE_LOOP('',(#17571,#17572,#17573,#17579));
#17571 = ORIENTED_EDGE('',*,*,#17540,.T.);
#17572 = ORIENTED_EDGE('',*,*,#9330,.T.);
#17573 = ORIENTED_EDGE('',*,*,#17574,.F.);
#17574 = EDGE_CURVE('',#3490,#9323,#17575,.T.);
#17575 = LINE('',#17576,#17577);
#17576 = CARTESIAN_POINT('',(157.8705,-120.29136,0.));
#17577 = VECTOR('',#17578,1.);
#17578 = DIRECTION('',(0.,0.,1.));
#17579 = ORIENTED_EDGE('',*,*,#3497,.F.);
#17580 = PLANE('',#17581);
#17581 = AXIS2_PLACEMENT_3D('',#17582,#17583,#17584);
#17582 = CARTESIAN_POINT('',(157.8705,-123.29136,0.));
#17583 = DIRECTION('',(-1.,0.,0.));
#17584 = DIRECTION('',(0.,1.,0.));
#17585 = ADVANCED_FACE('',(#17586),#17592,.T.);
#17586 = FACE_BOUND('',#17587,.T.);
#17587 = EDGE_LOOP('',(#17588,#17589,#17590,#17591));
#17588 = ORIENTED_EDGE('',*,*,#17574,.T.);
#17589 = ORIENTED_EDGE('',*,*,#9322,.T.);
#17590 = ORIENTED_EDGE('',*,*,#17555,.F.);
#17591 = ORIENTED_EDGE('',*,*,#3489,.F.);
#17592 = PLANE('',#17593);
#17593 = AXIS2_PLACEMENT_3D('',#17594,#17595,#17596);
#17594 = CARTESIAN_POINT('',(157.8705,-120.29136,0.));
#17595 = DIRECTION('',(0.,-1.,0.));
#17596 = DIRECTION('',(-1.,0.,0.));
#17597 = ADVANCED_FACE('',(#17598),#17609,.F.);
#17598 = FACE_BOUND('',#17599,.T.);
#17599 = EDGE_LOOP('',(#17600,#17601,#17607,#17608));
#17600 = ORIENTED_EDGE('',*,*,#3505,.T.);
#17601 = ORIENTED_EDGE('',*,*,#17602,.T.);
#17602 = EDGE_CURVE('',#3506,#9339,#17603,.T.);
#17603 = LINE('',#17604,#17605);
#17604 = CARTESIAN_POINT('',(137.1205,-118.28526,-4.6E-02));
#17605 = VECTOR('',#17606,1.);
#17606 = DIRECTION('',(0.,0.,1.));
#17607 = ORIENTED_EDGE('',*,*,#9338,.F.);
#17608 = ORIENTED_EDGE('',*,*,#17602,.F.);
#17609 = CYLINDRICAL_SURFACE('',#17610,1.9939);
#17610 = AXIS2_PLACEMENT_3D('',#17611,#17612,#17613);
#17611 = CARTESIAN_POINT('',(137.1205,-116.29136,-4.6E-02));
#17612 = DIRECTION('',(-0.,-0.,-1.));
#17613 = DIRECTION('',(-0.,-1.,0.));
#17614 = ADVANCED_FACE('',(#17615),#17626,.F.);
#17615 = FACE_BOUND('',#17616,.T.);
#17616 = EDGE_LOOP('',(#17617,#17618,#17624,#17625));
#17617 = ORIENTED_EDGE('',*,*,#3516,.T.);
#17618 = ORIENTED_EDGE('',*,*,#17619,.T.);
#17619 = EDGE_CURVE('',#3517,#9350,#17620,.T.);
#17620 = LINE('',#17621,#17622);
#17621 = CARTESIAN_POINT('',(142.2005,-117.14226,-4.6E-02));
#17622 = VECTOR('',#17623,1.);
#17623 = DIRECTION('',(0.,0.,1.));
#17624 = ORIENTED_EDGE('',*,*,#9349,.F.);
#17625 = ORIENTED_EDGE('',*,*,#17619,.F.);
#17626 = CYLINDRICAL_SURFACE('',#17627,0.8509);
#17627 = AXIS2_PLACEMENT_3D('',#17628,#17629,#17630);
#17628 = CARTESIAN_POINT('',(142.2005,-116.29136,-4.6E-02));
#17629 = DIRECTION('',(-0.,-0.,-1.));
#17630 = DIRECTION('',(-0.,-1.,0.));
#17631 = ADVANCED_FACE('',(#17632),#17643,.F.);
#17632 = FACE_BOUND('',#17633,.T.);
#17633 = EDGE_LOOP('',(#17634,#17635,#17641,#17642));
#17634 = ORIENTED_EDGE('',*,*,#3527,.T.);
#17635 = ORIENTED_EDGE('',*,*,#17636,.T.);
#17636 = EDGE_CURVE('',#3528,#9361,#17637,.T.);
#17637 = LINE('',#17638,#17639);
#17638 = CARTESIAN_POINT('',(151.0905,-117.14226,-4.6E-02));
#17639 = VECTOR('',#17640,1.);
#17640 = DIRECTION('',(0.,0.,1.));
#17641 = ORIENTED_EDGE('',*,*,#9360,.F.);
#17642 = ORIENTED_EDGE('',*,*,#17636,.F.);
#17643 = CYLINDRICAL_SURFACE('',#17644,0.8509);
#17644 = AXIS2_PLACEMENT_3D('',#17645,#17646,#17647);
#17645 = CARTESIAN_POINT('',(151.0905,-116.29136,-4.6E-02));
#17646 = DIRECTION('',(-0.,-0.,-1.));
#17647 = DIRECTION('',(-0.,-1.,0.));
#17648 = ADVANCED_FACE('',(#17649),#17660,.F.);
#17649 = FACE_BOUND('',#17650,.T.);
#17650 = EDGE_LOOP('',(#17651,#17652,#17658,#17659));
#17651 = ORIENTED_EDGE('',*,*,#3538,.T.);
#17652 = ORIENTED_EDGE('',*,*,#17653,.T.);
#17653 = EDGE_CURVE('',#3539,#9372,#17654,.T.);
#17654 = LINE('',#17655,#17656);
#17655 = CARTESIAN_POINT('',(156.1705,-118.28526,-4.6E-02));
#17656 = VECTOR('',#17657,1.);
#17657 = DIRECTION('',(0.,0.,1.));
#17658 = ORIENTED_EDGE('',*,*,#9371,.F.);
#17659 = ORIENTED_EDGE('',*,*,#17653,.F.);
#17660 = CYLINDRICAL_SURFACE('',#17661,1.9939);
#17661 = AXIS2_PLACEMENT_3D('',#17662,#17663,#17664);
#17662 = CARTESIAN_POINT('',(156.1705,-116.29136,-4.6E-02));
#17663 = DIRECTION('',(-0.,-0.,-1.));
#17664 = DIRECTION('',(-0.,-1.,0.));
#17665 = ADVANCED_FACE('',(#17666),#17677,.F.);
#17666 = FACE_BOUND('',#17667,.T.);
#17667 = EDGE_LOOP('',(#17668,#17669,#17675,#17676));
#17668 = ORIENTED_EDGE('',*,*,#3549,.T.);
#17669 = ORIENTED_EDGE('',*,*,#17670,.T.);
#17670 = EDGE_CURVE('',#3550,#9383,#17671,.T.);
#17671 = LINE('',#17672,#17673);
#17672 = CARTESIAN_POINT('',(161.2505,-117.14226,-4.6E-02));
#17673 = VECTOR('',#17674,1.);
#17674 = DIRECTION('',(0.,0.,1.));
#17675 = ORIENTED_EDGE('',*,*,#9382,.F.);
#17676 = ORIENTED_EDGE('',*,*,#17670,.F.);
#17677 = CYLINDRICAL_SURFACE('',#17678,0.8509);
#17678 = AXIS2_PLACEMENT_3D('',#17679,#17680,#17681);
#17679 = CARTESIAN_POINT('',(161.2505,-116.29136,-4.6E-02));
#17680 = DIRECTION('',(-0.,-0.,-1.));
#17681 = DIRECTION('',(-0.,-1.,0.));
#17682 = ADVANCED_FACE('',(#17683),#17694,.F.);
#17683 = FACE_BOUND('',#17684,.T.);
#17684 = EDGE_LOOP('',(#17685,#17686,#17692,#17693));
#17685 = ORIENTED_EDGE('',*,*,#3560,.T.);
#17686 = ORIENTED_EDGE('',*,*,#17687,.T.);
#17687 = EDGE_CURVE('',#3561,#9394,#17688,.T.);
#17688 = LINE('',#17689,#17690);
#17689 = CARTESIAN_POINT('',(152.3605,-115.25136,-4.6E-02));
#17690 = VECTOR('',#17691,1.);
#17691 = DIRECTION('',(0.,0.,1.));
#17692 = ORIENTED_EDGE('',*,*,#9393,.F.);
#17693 = ORIENTED_EDGE('',*,*,#17687,.F.);
#17694 = CYLINDRICAL_SURFACE('',#17695,1.5);
#17695 = AXIS2_PLACEMENT_3D('',#17696,#17697,#17698);
#17696 = CARTESIAN_POINT('',(152.3605,-113.75136,-4.6E-02));
#17697 = DIRECTION('',(-0.,-0.,-1.));
#17698 = DIRECTION('',(-0.,-1.,0.));
#17699 = ADVANCED_FACE('',(#17700),#17716,.T.);
#17700 = FACE_BOUND('',#17701,.T.);
#17701 = EDGE_LOOP('',(#17702,#17708,#17709,#17715));
#17702 = ORIENTED_EDGE('',*,*,#17703,.T.);
#17703 = EDGE_CURVE('',#3572,#9405,#17704,.T.);
#17704 = LINE('',#17705,#17706);
#17705 = CARTESIAN_POINT('',(173.5205,-123.29136,0.));
#17706 = VECTOR('',#17707,1.);
#17707 = DIRECTION('',(0.,0.,1.));
#17708 = ORIENTED_EDGE('',*,*,#9404,.T.);
#17709 = ORIENTED_EDGE('',*,*,#17710,.F.);
#17710 = EDGE_CURVE('',#3574,#9407,#17711,.T.);
#17711 = LINE('',#17712,#17713);
#17712 = CARTESIAN_POINT('',(176.9205,-123.29136,0.));
#17713 = VECTOR('',#17714,1.);
#17714 = DIRECTION('',(0.,0.,1.));
#17715 = ORIENTED_EDGE('',*,*,#3571,.F.);
#17716 = PLANE('',#17717);
#17717 = AXIS2_PLACEMENT_3D('',#17718,#17719,#17720);
#17718 = CARTESIAN_POINT('',(173.5205,-123.29136,0.));
#17719 = DIRECTION('',(0.,1.,0.));
#17720 = DIRECTION('',(1.,0.,0.));
#17721 = ADVANCED_FACE('',(#17722),#17733,.T.);
#17722 = FACE_BOUND('',#17723,.T.);
#17723 = EDGE_LOOP('',(#17724,#17730,#17731,#17732));
#17724 = ORIENTED_EDGE('',*,*,#17725,.T.);
#17725 = EDGE_CURVE('',#3582,#9415,#17726,.T.);
#17726 = LINE('',#17727,#17728);
#17727 = CARTESIAN_POINT('',(173.5205,-120.29136,0.));
#17728 = VECTOR('',#17729,1.);
#17729 = DIRECTION('',(0.,0.,1.));
#17730 = ORIENTED_EDGE('',*,*,#9414,.T.);
#17731 = ORIENTED_EDGE('',*,*,#17703,.F.);
#17732 = ORIENTED_EDGE('',*,*,#3581,.F.);
#17733 = PLANE('',#17734);
#17734 = AXIS2_PLACEMENT_3D('',#17735,#17736,#17737);
#17735 = CARTESIAN_POINT('',(173.5205,-120.29136,0.));
#17736 = DIRECTION('',(1.,0.,-0.));
#17737 = DIRECTION('',(0.,-1.,0.));
#17738 = ADVANCED_FACE('',(#17739),#17750,.T.);
#17739 = FACE_BOUND('',#17740,.T.);
#17740 = EDGE_LOOP('',(#17741,#17742,#17743,#17749));
#17741 = ORIENTED_EDGE('',*,*,#17710,.T.);
#17742 = ORIENTED_EDGE('',*,*,#9430,.T.);
#17743 = ORIENTED_EDGE('',*,*,#17744,.F.);
#17744 = EDGE_CURVE('',#3590,#9423,#17745,.T.);
#17745 = LINE('',#17746,#17747);
#17746 = CARTESIAN_POINT('',(176.9205,-120.29136,0.));
#17747 = VECTOR('',#17748,1.);
#17748 = DIRECTION('',(0.,0.,1.));
#17749 = ORIENTED_EDGE('',*,*,#3597,.F.);
#17750 = PLANE('',#17751);
#17751 = AXIS2_PLACEMENT_3D('',#17752,#17753,#17754);
#17752 = CARTESIAN_POINT('',(176.9205,-123.29136,0.));
#17753 = DIRECTION('',(-1.,0.,0.));
#17754 = DIRECTION('',(0.,1.,0.));
#17755 = ADVANCED_FACE('',(#17756),#17762,.T.);
#17756 = FACE_BOUND('',#17757,.T.);
#17757 = EDGE_LOOP('',(#17758,#17759,#17760,#17761));
#17758 = ORIENTED_EDGE('',*,*,#17744,.T.);
#17759 = ORIENTED_EDGE('',*,*,#9422,.T.);
#17760 = ORIENTED_EDGE('',*,*,#17725,.F.);
#17761 = ORIENTED_EDGE('',*,*,#3589,.F.);
#17762 = PLANE('',#17763);
#17763 = AXIS2_PLACEMENT_3D('',#17764,#17765,#17766);
#17764 = CARTESIAN_POINT('',(176.9205,-120.29136,0.));
#17765 = DIRECTION('',(0.,-1.,0.));
#17766 = DIRECTION('',(-1.,0.,0.));
#17767 = ADVANCED_FACE('',(#17768),#17784,.T.);
#17768 = FACE_BOUND('',#17769,.T.);
#17769 = EDGE_LOOP('',(#17770,#17776,#17777,#17783));
#17770 = ORIENTED_EDGE('',*,*,#17771,.T.);
#17771 = EDGE_CURVE('',#3606,#9439,#17772,.T.);
#17772 = LINE('',#17773,#17774);
#17773 = CARTESIAN_POINT('',(192.5705,-123.29136,0.));
#17774 = VECTOR('',#17775,1.);
#17775 = DIRECTION('',(0.,0.,1.));
#17776 = ORIENTED_EDGE('',*,*,#9438,.T.);
#17777 = ORIENTED_EDGE('',*,*,#17778,.F.);
#17778 = EDGE_CURVE('',#3608,#9441,#17779,.T.);
#17779 = LINE('',#17780,#17781);
#17780 = CARTESIAN_POINT('',(195.9705,-123.29136,0.));
#17781 = VECTOR('',#17782,1.);
#17782 = DIRECTION('',(0.,0.,1.));
#17783 = ORIENTED_EDGE('',*,*,#3605,.F.);
#17784 = PLANE('',#17785);
#17785 = AXIS2_PLACEMENT_3D('',#17786,#17787,#17788);
#17786 = CARTESIAN_POINT('',(192.5705,-123.29136,0.));
#17787 = DIRECTION('',(0.,1.,0.));
#17788 = DIRECTION('',(1.,0.,0.));
#17789 = ADVANCED_FACE('',(#17790),#17801,.T.);
#17790 = FACE_BOUND('',#17791,.T.);
#17791 = EDGE_LOOP('',(#17792,#17798,#17799,#17800));
#17792 = ORIENTED_EDGE('',*,*,#17793,.T.);
#17793 = EDGE_CURVE('',#3616,#9449,#17794,.T.);
#17794 = LINE('',#17795,#17796);
#17795 = CARTESIAN_POINT('',(192.5705,-120.29136,0.));
#17796 = VECTOR('',#17797,1.);
#17797 = DIRECTION('',(0.,0.,1.));
#17798 = ORIENTED_EDGE('',*,*,#9448,.T.);
#17799 = ORIENTED_EDGE('',*,*,#17771,.F.);
#17800 = ORIENTED_EDGE('',*,*,#3615,.F.);
#17801 = PLANE('',#17802);
#17802 = AXIS2_PLACEMENT_3D('',#17803,#17804,#17805);
#17803 = CARTESIAN_POINT('',(192.5705,-120.29136,0.));
#17804 = DIRECTION('',(1.,0.,-0.));
#17805 = DIRECTION('',(0.,-1.,0.));
#17806 = ADVANCED_FACE('',(#17807),#17818,.T.);
#17807 = FACE_BOUND('',#17808,.T.);
#17808 = EDGE_LOOP('',(#17809,#17810,#17811,#17817));
#17809 = ORIENTED_EDGE('',*,*,#17778,.T.);
#17810 = ORIENTED_EDGE('',*,*,#9464,.T.);
#17811 = ORIENTED_EDGE('',*,*,#17812,.F.);
#17812 = EDGE_CURVE('',#3624,#9457,#17813,.T.);
#17813 = LINE('',#17814,#17815);
#17814 = CARTESIAN_POINT('',(195.9705,-120.29136,0.));
#17815 = VECTOR('',#17816,1.);
#17816 = DIRECTION('',(0.,0.,1.));
#17817 = ORIENTED_EDGE('',*,*,#3631,.F.);
#17818 = PLANE('',#17819);
#17819 = AXIS2_PLACEMENT_3D('',#17820,#17821,#17822);
#17820 = CARTESIAN_POINT('',(195.9705,-123.29136,0.));
#17821 = DIRECTION('',(-1.,0.,0.));
#17822 = DIRECTION('',(0.,1.,0.));
#17823 = ADVANCED_FACE('',(#17824),#17830,.T.);
#17824 = FACE_BOUND('',#17825,.T.);
#17825 = EDGE_LOOP('',(#17826,#17827,#17828,#17829));
#17826 = ORIENTED_EDGE('',*,*,#17812,.T.);
#17827 = ORIENTED_EDGE('',*,*,#9456,.T.);
#17828 = ORIENTED_EDGE('',*,*,#17793,.F.);
#17829 = ORIENTED_EDGE('',*,*,#3623,.F.);
#17830 = PLANE('',#17831);
#17831 = AXIS2_PLACEMENT_3D('',#17832,#17833,#17834);
#17832 = CARTESIAN_POINT('',(195.9705,-120.29136,0.));
#17833 = DIRECTION('',(0.,-1.,0.));
#17834 = DIRECTION('',(-1.,0.,0.));
#17835 = ADVANCED_FACE('',(#17836),#17847,.F.);
#17836 = FACE_BOUND('',#17837,.T.);
#17837 = EDGE_LOOP('',(#17838,#17839,#17845,#17846));
#17838 = ORIENTED_EDGE('',*,*,#3639,.T.);
#17839 = ORIENTED_EDGE('',*,*,#17840,.T.);
#17840 = EDGE_CURVE('',#3640,#9473,#17841,.T.);
#17841 = LINE('',#17842,#17843);
#17842 = CARTESIAN_POINT('',(170.1405,-117.14226,-4.6E-02));
#17843 = VECTOR('',#17844,1.);
#17844 = DIRECTION('',(0.,0.,1.));
#17845 = ORIENTED_EDGE('',*,*,#9472,.F.);
#17846 = ORIENTED_EDGE('',*,*,#17840,.F.);
#17847 = CYLINDRICAL_SURFACE('',#17848,0.8509);
#17848 = AXIS2_PLACEMENT_3D('',#17849,#17850,#17851);
#17849 = CARTESIAN_POINT('',(170.1405,-116.29136,-4.6E-02));
#17850 = DIRECTION('',(-0.,-0.,-1.));
#17851 = DIRECTION('',(-0.,-1.,0.));
#17852 = ADVANCED_FACE('',(#17853),#17864,.F.);
#17853 = FACE_BOUND('',#17854,.T.);
#17854 = EDGE_LOOP('',(#17855,#17856,#17862,#17863));
#17855 = ORIENTED_EDGE('',*,*,#3650,.T.);
#17856 = ORIENTED_EDGE('',*,*,#17857,.T.);
#17857 = EDGE_CURVE('',#3651,#9484,#17858,.T.);
#17858 = LINE('',#17859,#17860);
#17859 = CARTESIAN_POINT('',(175.2205,-118.28526,-4.6E-02));
#17860 = VECTOR('',#17861,1.);
#17861 = DIRECTION('',(0.,0.,1.));
#17862 = ORIENTED_EDGE('',*,*,#9483,.F.);
#17863 = ORIENTED_EDGE('',*,*,#17857,.F.);
#17864 = CYLINDRICAL_SURFACE('',#17865,1.9939);
#17865 = AXIS2_PLACEMENT_3D('',#17866,#17867,#17868);
#17866 = CARTESIAN_POINT('',(175.2205,-116.29136,-4.6E-02));
#17867 = DIRECTION('',(-0.,-0.,-1.));
#17868 = DIRECTION('',(-1.425433042299E-14,-1.,0.));
#17869 = ADVANCED_FACE('',(#17870),#17881,.F.);
#17870 = FACE_BOUND('',#17871,.T.);
#17871 = EDGE_LOOP('',(#17872,#17873,#17879,#17880));
#17872 = ORIENTED_EDGE('',*,*,#3661,.T.);
#17873 = ORIENTED_EDGE('',*,*,#17874,.T.);
#17874 = EDGE_CURVE('',#3662,#9495,#17875,.T.);
#17875 = LINE('',#17876,#17877);
#17876 = CARTESIAN_POINT('',(180.3005,-117.14226,-4.6E-02));
#17877 = VECTOR('',#17878,1.);
#17878 = DIRECTION('',(0.,0.,1.));
#17879 = ORIENTED_EDGE('',*,*,#9494,.F.);
#17880 = ORIENTED_EDGE('',*,*,#17874,.F.);
#17881 = CYLINDRICAL_SURFACE('',#17882,0.8509);
#17882 = AXIS2_PLACEMENT_3D('',#17883,#17884,#17885);
#17883 = CARTESIAN_POINT('',(180.3005,-116.29136,-4.6E-02));
#17884 = DIRECTION('',(-0.,-0.,-1.));
#17885 = DIRECTION('',(-0.,-1.,0.));
#17886 = ADVANCED_FACE('',(#17887),#17898,.F.);
#17887 = FACE_BOUND('',#17888,.T.);
#17888 = EDGE_LOOP('',(#17889,#17890,#17896,#17897));
#17889 = ORIENTED_EDGE('',*,*,#3672,.T.);
#17890 = ORIENTED_EDGE('',*,*,#17891,.T.);
#17891 = EDGE_CURVE('',#3673,#9506,#17892,.T.);
#17892 = LINE('',#17893,#17894);
#17893 = CARTESIAN_POINT('',(171.4105,-115.25136,-4.6E-02));
#17894 = VECTOR('',#17895,1.);
#17895 = DIRECTION('',(0.,0.,1.));
#17896 = ORIENTED_EDGE('',*,*,#9505,.F.);
#17897 = ORIENTED_EDGE('',*,*,#17891,.F.);
#17898 = CYLINDRICAL_SURFACE('',#17899,1.5);
#17899 = AXIS2_PLACEMENT_3D('',#17900,#17901,#17902);
#17900 = CARTESIAN_POINT('',(171.4105,-113.75136,-4.6E-02));
#17901 = DIRECTION('',(-0.,-0.,-1.));
#17902 = DIRECTION('',(-0.,-1.,0.));
#17903 = ADVANCED_FACE('',(#17904),#17915,.F.);
#17904 = FACE_BOUND('',#17905,.T.);
#17905 = EDGE_LOOP('',(#17906,#17907,#17913,#17914));
#17906 = ORIENTED_EDGE('',*,*,#3683,.T.);
#17907 = ORIENTED_EDGE('',*,*,#17908,.T.);
#17908 = EDGE_CURVE('',#3684,#9517,#17909,.T.);
#17909 = LINE('',#17910,#17911);
#17910 = CARTESIAN_POINT('',(189.1905,-117.14226,-4.6E-02));
#17911 = VECTOR('',#17912,1.);
#17912 = DIRECTION('',(0.,0.,1.));
#17913 = ORIENTED_EDGE('',*,*,#9516,.F.);
#17914 = ORIENTED_EDGE('',*,*,#17908,.F.);
#17915 = CYLINDRICAL_SURFACE('',#17916,0.8509);
#17916 = AXIS2_PLACEMENT_3D('',#17917,#17918,#17919);
#17917 = CARTESIAN_POINT('',(189.1905,-116.29136,-4.6E-02));
#17918 = DIRECTION('',(-0.,-0.,-1.));
#17919 = DIRECTION('',(-0.,-1.,0.));
#17920 = ADVANCED_FACE('',(#17921),#17932,.F.);
#17921 = FACE_BOUND('',#17922,.T.);
#17922 = EDGE_LOOP('',(#17923,#17924,#17930,#17931));
#17923 = ORIENTED_EDGE('',*,*,#3694,.T.);
#17924 = ORIENTED_EDGE('',*,*,#17925,.T.);
#17925 = EDGE_CURVE('',#3695,#9528,#17926,.T.);
#17926 = LINE('',#17927,#17928);
#17927 = CARTESIAN_POINT('',(194.2705,-118.28526,-4.6E-02));
#17928 = VECTOR('',#17929,1.);
#17929 = DIRECTION('',(0.,0.,1.));
#17930 = ORIENTED_EDGE('',*,*,#9527,.F.);
#17931 = ORIENTED_EDGE('',*,*,#17925,.F.);
#17932 = CYLINDRICAL_SURFACE('',#17933,1.9939);
#17933 = AXIS2_PLACEMENT_3D('',#17934,#17935,#17936);
#17934 = CARTESIAN_POINT('',(194.2705,-116.29136,-4.6E-02));
#17935 = DIRECTION('',(-0.,-0.,-1.));
#17936 = DIRECTION('',(-0.,-1.,0.));
#17937 = ADVANCED_FACE('',(#17938),#17949,.F.);
#17938 = FACE_BOUND('',#17939,.T.);
#17939 = EDGE_LOOP('',(#17940,#17941,#17947,#17948));
#17940 = ORIENTED_EDGE('',*,*,#3705,.T.);
#17941 = ORIENTED_EDGE('',*,*,#17942,.T.);
#17942 = EDGE_CURVE('',#3706,#9539,#17943,.T.);
#17943 = LINE('',#17944,#17945);
#17944 = CARTESIAN_POINT('',(199.3505,-117.14226,-4.6E-02));
#17945 = VECTOR('',#17946,1.);
#17946 = DIRECTION('',(0.,0.,1.));
#17947 = ORIENTED_EDGE('',*,*,#9538,.F.);
#17948 = ORIENTED_EDGE('',*,*,#17942,.F.);
#17949 = CYLINDRICAL_SURFACE('',#17950,0.8509);
#17950 = AXIS2_PLACEMENT_3D('',#17951,#17952,#17953);
#17951 = CARTESIAN_POINT('',(199.3505,-116.29136,-4.6E-02));
#17952 = DIRECTION('',(-0.,-0.,-1.));
#17953 = DIRECTION('',(-0.,-1.,0.));
#17954 = ADVANCED_FACE('',(#17955),#17966,.F.);
#17955 = FACE_BOUND('',#17956,.T.);
#17956 = EDGE_LOOP('',(#17957,#17958,#17964,#17965));
#17957 = ORIENTED_EDGE('',*,*,#3716,.T.);
#17958 = ORIENTED_EDGE('',*,*,#17959,.T.);
#17959 = EDGE_CURVE('',#3717,#9550,#17960,.T.);
#17960 = LINE('',#17961,#17962);
#17961 = CARTESIAN_POINT('',(190.4605,-115.25136,-4.6E-02));
#17962 = VECTOR('',#17963,1.);
#17963 = DIRECTION('',(0.,0.,1.));
#17964 = ORIENTED_EDGE('',*,*,#9549,.F.);
#17965 = ORIENTED_EDGE('',*,*,#17959,.F.);
#17966 = CYLINDRICAL_SURFACE('',#17967,1.5);
#17967 = AXIS2_PLACEMENT_3D('',#17968,#17969,#17970);
#17968 = CARTESIAN_POINT('',(190.4605,-113.75136,-4.6E-02));
#17969 = DIRECTION('',(-0.,-0.,-1.));
#17970 = DIRECTION('',(-0.,-1.,0.));
#17971 = ADVANCED_FACE('',(#17972),#17983,.F.);
#17972 = FACE_BOUND('',#17973,.T.);
#17973 = EDGE_LOOP('',(#17974,#17975,#17981,#17982));
#17974 = ORIENTED_EDGE('',*,*,#3727,.T.);
#17975 = ORIENTED_EDGE('',*,*,#17976,.T.);
#17976 = EDGE_CURVE('',#3728,#9561,#17977,.T.);
#17977 = LINE('',#17978,#17979);
#17978 = CARTESIAN_POINT('',(77.748,-112.71136,-4.6E-02));
#17979 = VECTOR('',#17980,1.);
#17980 = DIRECTION('',(0.,0.,1.));
#17981 = ORIENTED_EDGE('',*,*,#9560,.F.);
#17982 = ORIENTED_EDGE('',*,*,#17976,.F.);
#17983 = CYLINDRICAL_SURFACE('',#17984,1.5);
#17984 = AXIS2_PLACEMENT_3D('',#17985,#17986,#17987);
#17985 = CARTESIAN_POINT('',(77.748,-111.21136,-4.6E-02));
#17986 = DIRECTION('',(-0.,-0.,-1.));
#17987 = DIRECTION('',(-0.,-1.,0.));
#17988 = ADVANCED_FACE('',(#17989),#18000,.F.);
#17989 = FACE_BOUND('',#17990,.T.);
#17990 = EDGE_LOOP('',(#17991,#17992,#17998,#17999));
#17991 = ORIENTED_EDGE('',*,*,#3738,.T.);
#17992 = ORIENTED_EDGE('',*,*,#17993,.T.);
#17993 = EDGE_CURVE('',#3739,#9572,#17994,.T.);
#17994 = LINE('',#17995,#17996);
#17995 = CARTESIAN_POINT('',(87.02,-110.1,-4.6E-02));
#17996 = VECTOR('',#17997,1.);
#17997 = DIRECTION('',(0.,0.,1.));
#17998 = ORIENTED_EDGE('',*,*,#9571,.F.);
#17999 = ORIENTED_EDGE('',*,*,#17993,.F.);
#18000 = CYLINDRICAL_SURFACE('',#18001,1.1);
#18001 = AXIS2_PLACEMENT_3D('',#18002,#18003,#18004);
#18002 = CARTESIAN_POINT('',(87.02,-109.,-4.6E-02));
#18003 = DIRECTION('',(-0.,-0.,-1.));
#18004 = DIRECTION('',(-1.2918958832E-14,-1.,0.));
#18005 = ADVANCED_FACE('',(#18006),#18022,.T.);
#18006 = FACE_BOUND('',#18007,.T.);
#18007 = EDGE_LOOP('',(#18008,#18014,#18015,#18021));
#18008 = ORIENTED_EDGE('',*,*,#18009,.T.);
#18009 = EDGE_CURVE('',#3750,#9583,#18010,.T.);
#18010 = LINE('',#18011,#18012);
#18011 = CARTESIAN_POINT('',(68.7455,-104.24136,0.));
#18012 = VECTOR('',#18013,1.);
#18013 = DIRECTION('',(0.,0.,1.));
#18014 = ORIENTED_EDGE('',*,*,#9582,.T.);
#18015 = ORIENTED_EDGE('',*,*,#18016,.F.);
#18016 = EDGE_CURVE('',#3752,#9585,#18017,.T.);
#18017 = LINE('',#18018,#18019);
#18018 = CARTESIAN_POINT('',(72.1455,-104.24136,0.));
#18019 = VECTOR('',#18020,1.);
#18020 = DIRECTION('',(0.,0.,1.));
#18021 = ORIENTED_EDGE('',*,*,#3749,.F.);
#18022 = PLANE('',#18023);
#18023 = AXIS2_PLACEMENT_3D('',#18024,#18025,#18026);
#18024 = CARTESIAN_POINT('',(68.7455,-104.24136,0.));
#18025 = DIRECTION('',(0.,1.,0.));
#18026 = DIRECTION('',(1.,0.,0.));
#18027 = ADVANCED_FACE('',(#18028),#18039,.T.);
#18028 = FACE_BOUND('',#18029,.T.);
#18029 = EDGE_LOOP('',(#18030,#18036,#18037,#18038));
#18030 = ORIENTED_EDGE('',*,*,#18031,.T.);
#18031 = EDGE_CURVE('',#3760,#9593,#18032,.T.);
#18032 = LINE('',#18033,#18034);
#18033 = CARTESIAN_POINT('',(68.7455,-101.24136,0.));
#18034 = VECTOR('',#18035,1.);
#18035 = DIRECTION('',(0.,0.,1.));
#18036 = ORIENTED_EDGE('',*,*,#9592,.T.);
#18037 = ORIENTED_EDGE('',*,*,#18009,.F.);
#18038 = ORIENTED_EDGE('',*,*,#3759,.F.);
#18039 = PLANE('',#18040);
#18040 = AXIS2_PLACEMENT_3D('',#18041,#18042,#18043);
#18041 = CARTESIAN_POINT('',(68.7455,-101.24136,0.));
#18042 = DIRECTION('',(1.,0.,-0.));
#18043 = DIRECTION('',(0.,-1.,0.));
#18044 = ADVANCED_FACE('',(#18045),#18056,.T.);
#18045 = FACE_BOUND('',#18046,.T.);
#18046 = EDGE_LOOP('',(#18047,#18048,#18049,#18055));
#18047 = ORIENTED_EDGE('',*,*,#18016,.T.);
#18048 = ORIENTED_EDGE('',*,*,#9608,.T.);
#18049 = ORIENTED_EDGE('',*,*,#18050,.F.);
#18050 = EDGE_CURVE('',#3768,#9601,#18051,.T.);
#18051 = LINE('',#18052,#18053);
#18052 = CARTESIAN_POINT('',(72.1455,-101.24136,0.));
#18053 = VECTOR('',#18054,1.);
#18054 = DIRECTION('',(0.,0.,1.));
#18055 = ORIENTED_EDGE('',*,*,#3775,.F.);
#18056 = PLANE('',#18057);
#18057 = AXIS2_PLACEMENT_3D('',#18058,#18059,#18060);
#18058 = CARTESIAN_POINT('',(72.1455,-104.24136,0.));
#18059 = DIRECTION('',(-1.,0.,0.));
#18060 = DIRECTION('',(0.,1.,0.));
#18061 = ADVANCED_FACE('',(#18062),#18068,.T.);
#18062 = FACE_BOUND('',#18063,.T.);
#18063 = EDGE_LOOP('',(#18064,#18065,#18066,#18067));
#18064 = ORIENTED_EDGE('',*,*,#18050,.T.);
#18065 = ORIENTED_EDGE('',*,*,#9600,.T.);
#18066 = ORIENTED_EDGE('',*,*,#18031,.F.);
#18067 = ORIENTED_EDGE('',*,*,#3767,.F.);
#18068 = PLANE('',#18069);
#18069 = AXIS2_PLACEMENT_3D('',#18070,#18071,#18072);
#18070 = CARTESIAN_POINT('',(72.1455,-101.24136,0.));
#18071 = DIRECTION('',(0.,-1.,0.));
#18072 = DIRECTION('',(-1.,0.,0.));
#18073 = ADVANCED_FACE('',(#18074),#18090,.T.);
#18074 = FACE_BOUND('',#18075,.T.);
#18075 = EDGE_LOOP('',(#18076,#18082,#18083,#18089));
#18076 = ORIENTED_EDGE('',*,*,#18077,.T.);
#18077 = EDGE_CURVE('',#3784,#9617,#18078,.T.);
#18078 = LINE('',#18079,#18080);
#18079 = CARTESIAN_POINT('',(87.7955,-104.24136,0.));
#18080 = VECTOR('',#18081,1.);
#18081 = DIRECTION('',(0.,0.,1.));
#18082 = ORIENTED_EDGE('',*,*,#9616,.T.);
#18083 = ORIENTED_EDGE('',*,*,#18084,.F.);
#18084 = EDGE_CURVE('',#3786,#9619,#18085,.T.);
#18085 = LINE('',#18086,#18087);
#18086 = CARTESIAN_POINT('',(91.1955,-104.24136,0.));
#18087 = VECTOR('',#18088,1.);
#18088 = DIRECTION('',(0.,0.,1.));
#18089 = ORIENTED_EDGE('',*,*,#3783,.F.);
#18090 = PLANE('',#18091);
#18091 = AXIS2_PLACEMENT_3D('',#18092,#18093,#18094);
#18092 = CARTESIAN_POINT('',(87.7955,-104.24136,0.));
#18093 = DIRECTION('',(0.,1.,0.));
#18094 = DIRECTION('',(1.,0.,0.));
#18095 = ADVANCED_FACE('',(#18096),#18107,.T.);
#18096 = FACE_BOUND('',#18097,.T.);
#18097 = EDGE_LOOP('',(#18098,#18104,#18105,#18106));
#18098 = ORIENTED_EDGE('',*,*,#18099,.T.);
#18099 = EDGE_CURVE('',#3794,#9627,#18100,.T.);
#18100 = LINE('',#18101,#18102);
#18101 = CARTESIAN_POINT('',(87.7955,-101.24136,0.));
#18102 = VECTOR('',#18103,1.);
#18103 = DIRECTION('',(0.,0.,1.));
#18104 = ORIENTED_EDGE('',*,*,#9626,.T.);
#18105 = ORIENTED_EDGE('',*,*,#18077,.F.);
#18106 = ORIENTED_EDGE('',*,*,#3793,.F.);
#18107 = PLANE('',#18108);
#18108 = AXIS2_PLACEMENT_3D('',#18109,#18110,#18111);
#18109 = CARTESIAN_POINT('',(87.7955,-101.24136,0.));
#18110 = DIRECTION('',(1.,0.,-0.));
#18111 = DIRECTION('',(0.,-1.,0.));
#18112 = ADVANCED_FACE('',(#18113),#18124,.T.);
#18113 = FACE_BOUND('',#18114,.T.);
#18114 = EDGE_LOOP('',(#18115,#18116,#18117,#18123));
#18115 = ORIENTED_EDGE('',*,*,#18084,.T.);
#18116 = ORIENTED_EDGE('',*,*,#9642,.T.);
#18117 = ORIENTED_EDGE('',*,*,#18118,.F.);
#18118 = EDGE_CURVE('',#3802,#9635,#18119,.T.);
#18119 = LINE('',#18120,#18121);
#18120 = CARTESIAN_POINT('',(91.1955,-101.24136,0.));
#18121 = VECTOR('',#18122,1.);
#18122 = DIRECTION('',(0.,0.,1.));
#18123 = ORIENTED_EDGE('',*,*,#3809,.F.);
#18124 = PLANE('',#18125);
#18125 = AXIS2_PLACEMENT_3D('',#18126,#18127,#18128);
#18126 = CARTESIAN_POINT('',(91.1955,-104.24136,0.));
#18127 = DIRECTION('',(-1.,0.,0.));
#18128 = DIRECTION('',(0.,1.,0.));
#18129 = ADVANCED_FACE('',(#18130),#18136,.T.);
#18130 = FACE_BOUND('',#18131,.T.);
#18131 = EDGE_LOOP('',(#18132,#18133,#18134,#18135));
#18132 = ORIENTED_EDGE('',*,*,#18118,.T.);
#18133 = ORIENTED_EDGE('',*,*,#9634,.T.);
#18134 = ORIENTED_EDGE('',*,*,#18099,.F.);
#18135 = ORIENTED_EDGE('',*,*,#3801,.F.);
#18136 = PLANE('',#18137);
#18137 = AXIS2_PLACEMENT_3D('',#18138,#18139,#18140);
#18138 = CARTESIAN_POINT('',(91.1955,-101.24136,0.));
#18139 = DIRECTION('',(0.,-1.,0.));
#18140 = DIRECTION('',(-1.,0.,0.));
#18141 = ADVANCED_FACE('',(#18142),#18153,.F.);
#18142 = FACE_BOUND('',#18143,.T.);
#18143 = EDGE_LOOP('',(#18144,#18145,#18151,#18152));
#18144 = ORIENTED_EDGE('',*,*,#3817,.T.);
#18145 = ORIENTED_EDGE('',*,*,#18146,.T.);
#18146 = EDGE_CURVE('',#3818,#9651,#18147,.T.);
#18147 = LINE('',#18148,#18149);
#18148 = CARTESIAN_POINT('',(101.5605,-112.71136,-4.6E-02));
#18149 = VECTOR('',#18150,1.);
#18150 = DIRECTION('',(0.,0.,1.));
#18151 = ORIENTED_EDGE('',*,*,#9650,.F.);
#18152 = ORIENTED_EDGE('',*,*,#18146,.F.);
#18153 = CYLINDRICAL_SURFACE('',#18154,1.5);
#18154 = AXIS2_PLACEMENT_3D('',#18155,#18156,#18157);
#18155 = CARTESIAN_POINT('',(101.5605,-111.21136,-4.6E-02));
#18156 = DIRECTION('',(-0.,-0.,-1.));
#18157 = DIRECTION('',(-0.,-1.,0.));
#18158 = ADVANCED_FACE('',(#18159),#18170,.F.);
#18159 = FACE_BOUND('',#18160,.T.);
#18160 = EDGE_LOOP('',(#18161,#18162,#18168,#18169));
#18161 = ORIENTED_EDGE('',*,*,#3828,.T.);
#18162 = ORIENTED_EDGE('',*,*,#18163,.T.);
#18163 = EDGE_CURVE('',#3829,#9662,#18164,.T.);
#18164 = LINE('',#18165,#18166);
#18165 = CARTESIAN_POINT('',(120.6105,-112.71136,-4.6E-02));
#18166 = VECTOR('',#18167,1.);
#18167 = DIRECTION('',(0.,0.,1.));
#18168 = ORIENTED_EDGE('',*,*,#9661,.F.);
#18169 = ORIENTED_EDGE('',*,*,#18163,.F.);
#18170 = CYLINDRICAL_SURFACE('',#18171,1.5);
#18171 = AXIS2_PLACEMENT_3D('',#18172,#18173,#18174);
#18172 = CARTESIAN_POINT('',(120.6105,-111.21136,-4.6E-02));
#18173 = DIRECTION('',(-0.,-0.,-1.));
#18174 = DIRECTION('',(-0.,-1.,0.));
#18175 = ADVANCED_FACE('',(#18176),#18192,.T.);
#18176 = FACE_BOUND('',#18177,.T.);
#18177 = EDGE_LOOP('',(#18178,#18184,#18185,#18191));
#18178 = ORIENTED_EDGE('',*,*,#18179,.T.);
#18179 = EDGE_CURVE('',#3840,#9673,#18180,.T.);
#18180 = LINE('',#18181,#18182);
#18181 = CARTESIAN_POINT('',(106.8455,-104.24136,0.));
#18182 = VECTOR('',#18183,1.);
#18183 = DIRECTION('',(0.,0.,1.));
#18184 = ORIENTED_EDGE('',*,*,#9672,.T.);
#18185 = ORIENTED_EDGE('',*,*,#18186,.F.);
#18186 = EDGE_CURVE('',#3842,#9675,#18187,.T.);
#18187 = LINE('',#18188,#18189);
#18188 = CARTESIAN_POINT('',(110.2455,-104.24136,0.));
#18189 = VECTOR('',#18190,1.);
#18190 = DIRECTION('',(0.,0.,1.));
#18191 = ORIENTED_EDGE('',*,*,#3839,.F.);
#18192 = PLANE('',#18193);
#18193 = AXIS2_PLACEMENT_3D('',#18194,#18195,#18196);
#18194 = CARTESIAN_POINT('',(106.8455,-104.24136,0.));
#18195 = DIRECTION('',(0.,1.,0.));
#18196 = DIRECTION('',(1.,0.,0.));
#18197 = ADVANCED_FACE('',(#18198),#18209,.T.);
#18198 = FACE_BOUND('',#18199,.T.);
#18199 = EDGE_LOOP('',(#18200,#18206,#18207,#18208));
#18200 = ORIENTED_EDGE('',*,*,#18201,.T.);
#18201 = EDGE_CURVE('',#3850,#9683,#18202,.T.);
#18202 = LINE('',#18203,#18204);
#18203 = CARTESIAN_POINT('',(106.8455,-101.24136,0.));
#18204 = VECTOR('',#18205,1.);
#18205 = DIRECTION('',(0.,0.,1.));
#18206 = ORIENTED_EDGE('',*,*,#9682,.T.);
#18207 = ORIENTED_EDGE('',*,*,#18179,.F.);
#18208 = ORIENTED_EDGE('',*,*,#3849,.F.);
#18209 = PLANE('',#18210);
#18210 = AXIS2_PLACEMENT_3D('',#18211,#18212,#18213);
#18211 = CARTESIAN_POINT('',(106.8455,-101.24136,0.));
#18212 = DIRECTION('',(1.,0.,-0.));
#18213 = DIRECTION('',(0.,-1.,0.));
#18214 = ADVANCED_FACE('',(#18215),#18226,.T.);
#18215 = FACE_BOUND('',#18216,.T.);
#18216 = EDGE_LOOP('',(#18217,#18218,#18219,#18225));
#18217 = ORIENTED_EDGE('',*,*,#18186,.T.);
#18218 = ORIENTED_EDGE('',*,*,#9698,.T.);
#18219 = ORIENTED_EDGE('',*,*,#18220,.F.);
#18220 = EDGE_CURVE('',#3858,#9691,#18221,.T.);
#18221 = LINE('',#18222,#18223);
#18222 = CARTESIAN_POINT('',(110.2455,-101.24136,0.));
#18223 = VECTOR('',#18224,1.);
#18224 = DIRECTION('',(0.,0.,1.));
#18225 = ORIENTED_EDGE('',*,*,#3865,.F.);
#18226 = PLANE('',#18227);
#18227 = AXIS2_PLACEMENT_3D('',#18228,#18229,#18230);
#18228 = CARTESIAN_POINT('',(110.2455,-104.24136,0.));
#18229 = DIRECTION('',(-1.,0.,0.));
#18230 = DIRECTION('',(0.,1.,0.));
#18231 = ADVANCED_FACE('',(#18232),#18238,.T.);
#18232 = FACE_BOUND('',#18233,.T.);
#18233 = EDGE_LOOP('',(#18234,#18235,#18236,#18237));
#18234 = ORIENTED_EDGE('',*,*,#18220,.T.);
#18235 = ORIENTED_EDGE('',*,*,#9690,.T.);
#18236 = ORIENTED_EDGE('',*,*,#18201,.F.);
#18237 = ORIENTED_EDGE('',*,*,#3857,.F.);
#18238 = PLANE('',#18239);
#18239 = AXIS2_PLACEMENT_3D('',#18240,#18241,#18242);
#18240 = CARTESIAN_POINT('',(110.2455,-101.24136,0.));
#18241 = DIRECTION('',(0.,-1.,0.));
#18242 = DIRECTION('',(-1.,0.,0.));
#18243 = ADVANCED_FACE('',(#18244),#18260,.T.);
#18244 = FACE_BOUND('',#18245,.T.);
#18245 = EDGE_LOOP('',(#18246,#18252,#18253,#18259));
#18246 = ORIENTED_EDGE('',*,*,#18247,.T.);
#18247 = EDGE_CURVE('',#3874,#9707,#18248,.T.);
#18248 = LINE('',#18249,#18250);
#18249 = CARTESIAN_POINT('',(125.8955,-104.24136,0.));
#18250 = VECTOR('',#18251,1.);
#18251 = DIRECTION('',(0.,0.,1.));
#18252 = ORIENTED_EDGE('',*,*,#9706,.T.);
#18253 = ORIENTED_EDGE('',*,*,#18254,.F.);
#18254 = EDGE_CURVE('',#3876,#9709,#18255,.T.);
#18255 = LINE('',#18256,#18257);
#18256 = CARTESIAN_POINT('',(129.2955,-104.24136,0.));
#18257 = VECTOR('',#18258,1.);
#18258 = DIRECTION('',(0.,0.,1.));
#18259 = ORIENTED_EDGE('',*,*,#3873,.F.);
#18260 = PLANE('',#18261);
#18261 = AXIS2_PLACEMENT_3D('',#18262,#18263,#18264);
#18262 = CARTESIAN_POINT('',(125.8955,-104.24136,0.));
#18263 = DIRECTION('',(0.,1.,0.));
#18264 = DIRECTION('',(1.,0.,0.));
#18265 = ADVANCED_FACE('',(#18266),#18277,.T.);
#18266 = FACE_BOUND('',#18267,.T.);
#18267 = EDGE_LOOP('',(#18268,#18274,#18275,#18276));
#18268 = ORIENTED_EDGE('',*,*,#18269,.T.);
#18269 = EDGE_CURVE('',#3884,#9717,#18270,.T.);
#18270 = LINE('',#18271,#18272);
#18271 = CARTESIAN_POINT('',(125.8955,-101.24136,0.));
#18272 = VECTOR('',#18273,1.);
#18273 = DIRECTION('',(0.,0.,1.));
#18274 = ORIENTED_EDGE('',*,*,#9716,.T.);
#18275 = ORIENTED_EDGE('',*,*,#18247,.F.);
#18276 = ORIENTED_EDGE('',*,*,#3883,.F.);
#18277 = PLANE('',#18278);
#18278 = AXIS2_PLACEMENT_3D('',#18279,#18280,#18281);
#18279 = CARTESIAN_POINT('',(125.8955,-101.24136,0.));
#18280 = DIRECTION('',(1.,0.,-0.));
#18281 = DIRECTION('',(0.,-1.,0.));
#18282 = ADVANCED_FACE('',(#18283),#18294,.T.);
#18283 = FACE_BOUND('',#18284,.T.);
#18284 = EDGE_LOOP('',(#18285,#18286,#18287,#18293));
#18285 = ORIENTED_EDGE('',*,*,#18254,.T.);
#18286 = ORIENTED_EDGE('',*,*,#9732,.T.);
#18287 = ORIENTED_EDGE('',*,*,#18288,.F.);
#18288 = EDGE_CURVE('',#3892,#9725,#18289,.T.);
#18289 = LINE('',#18290,#18291);
#18290 = CARTESIAN_POINT('',(129.2955,-101.24136,0.));
#18291 = VECTOR('',#18292,1.);
#18292 = DIRECTION('',(0.,0.,1.));
#18293 = ORIENTED_EDGE('',*,*,#3899,.F.);
#18294 = PLANE('',#18295);
#18295 = AXIS2_PLACEMENT_3D('',#18296,#18297,#18298);
#18296 = CARTESIAN_POINT('',(129.2955,-104.24136,0.));
#18297 = DIRECTION('',(-1.,0.,0.));
#18298 = DIRECTION('',(0.,1.,0.));
#18299 = ADVANCED_FACE('',(#18300),#18306,.T.);
#18300 = FACE_BOUND('',#18301,.T.);
#18301 = EDGE_LOOP('',(#18302,#18303,#18304,#18305));
#18302 = ORIENTED_EDGE('',*,*,#18288,.T.);
#18303 = ORIENTED_EDGE('',*,*,#9724,.T.);
#18304 = ORIENTED_EDGE('',*,*,#18269,.F.);
#18305 = ORIENTED_EDGE('',*,*,#3891,.F.);
#18306 = PLANE('',#18307);
#18307 = AXIS2_PLACEMENT_3D('',#18308,#18309,#18310);
#18308 = CARTESIAN_POINT('',(129.2955,-101.24136,0.));
#18309 = DIRECTION('',(0.,-1.,0.));
#18310 = DIRECTION('',(-1.,0.,0.));
#18311 = ADVANCED_FACE('',(#18312),#18323,.F.);
#18312 = FACE_BOUND('',#18313,.T.);
#18313 = EDGE_LOOP('',(#18314,#18315,#18321,#18322));
#18314 = ORIENTED_EDGE('',*,*,#3907,.T.);
#18315 = ORIENTED_EDGE('',*,*,#18316,.T.);
#18316 = EDGE_CURVE('',#3908,#9741,#18317,.T.);
#18317 = LINE('',#18318,#18319);
#18318 = CARTESIAN_POINT('',(65.3655,-98.09226,-4.6E-02));
#18319 = VECTOR('',#18320,1.);
#18320 = DIRECTION('',(0.,0.,1.));
#18321 = ORIENTED_EDGE('',*,*,#9740,.F.);
#18322 = ORIENTED_EDGE('',*,*,#18316,.F.);
#18323 = CYLINDRICAL_SURFACE('',#18324,0.8509);
#18324 = AXIS2_PLACEMENT_3D('',#18325,#18326,#18327);
#18325 = CARTESIAN_POINT('',(65.3655,-97.24136,-4.6E-02));
#18326 = DIRECTION('',(-0.,-0.,-1.));
#18327 = DIRECTION('',(-0.,-1.,0.));
#18328 = ADVANCED_FACE('',(#18329),#18340,.F.);
#18329 = FACE_BOUND('',#18330,.T.);
#18330 = EDGE_LOOP('',(#18331,#18332,#18338,#18339));
#18331 = ORIENTED_EDGE('',*,*,#3918,.T.);
#18332 = ORIENTED_EDGE('',*,*,#18333,.T.);
#18333 = EDGE_CURVE('',#3919,#9752,#18334,.T.);
#18334 = LINE('',#18335,#18336);
#18335 = CARTESIAN_POINT('',(70.4455,-99.23526,-4.6E-02));
#18336 = VECTOR('',#18337,1.);
#18337 = DIRECTION('',(0.,0.,1.));
#18338 = ORIENTED_EDGE('',*,*,#9751,.F.);
#18339 = ORIENTED_EDGE('',*,*,#18333,.F.);
#18340 = CYLINDRICAL_SURFACE('',#18341,1.9939);
#18341 = AXIS2_PLACEMENT_3D('',#18342,#18343,#18344);
#18342 = CARTESIAN_POINT('',(70.4455,-97.24136,-4.6E-02));
#18343 = DIRECTION('',(-0.,-0.,-1.));
#18344 = DIRECTION('',(-7.127165211496E-15,-1.,0.));
#18345 = ADVANCED_FACE('',(#18346),#18357,.F.);
#18346 = FACE_BOUND('',#18347,.T.);
#18347 = EDGE_LOOP('',(#18348,#18349,#18355,#18356));
#18348 = ORIENTED_EDGE('',*,*,#3929,.T.);
#18349 = ORIENTED_EDGE('',*,*,#18350,.T.);
#18350 = EDGE_CURVE('',#3930,#9763,#18351,.T.);
#18351 = LINE('',#18352,#18353);
#18352 = CARTESIAN_POINT('',(66.6355,-96.20136,-4.6E-02));
#18353 = VECTOR('',#18354,1.);
#18354 = DIRECTION('',(0.,0.,1.));
#18355 = ORIENTED_EDGE('',*,*,#9762,.F.);
#18356 = ORIENTED_EDGE('',*,*,#18350,.F.);
#18357 = CYLINDRICAL_SURFACE('',#18358,1.5);
#18358 = AXIS2_PLACEMENT_3D('',#18359,#18360,#18361);
#18359 = CARTESIAN_POINT('',(66.6355,-94.70136,-4.6E-02));
#18360 = DIRECTION('',(-0.,-0.,-1.));
#18361 = DIRECTION('',(-0.,-1.,0.));
#18362 = ADVANCED_FACE('',(#18363),#18374,.F.);
#18363 = FACE_BOUND('',#18364,.T.);
#18364 = EDGE_LOOP('',(#18365,#18366,#18372,#18373));
#18365 = ORIENTED_EDGE('',*,*,#3940,.T.);
#18366 = ORIENTED_EDGE('',*,*,#18367,.T.);
#18367 = EDGE_CURVE('',#3941,#9774,#18368,.T.);
#18368 = LINE('',#18369,#18370);
#18369 = CARTESIAN_POINT('',(75.5255,-98.09226,-4.6E-02));
#18370 = VECTOR('',#18371,1.);
#18371 = DIRECTION('',(0.,0.,1.));
#18372 = ORIENTED_EDGE('',*,*,#9773,.F.);
#18373 = ORIENTED_EDGE('',*,*,#18367,.F.);
#18374 = CYLINDRICAL_SURFACE('',#18375,0.8509);
#18375 = AXIS2_PLACEMENT_3D('',#18376,#18377,#18378);
#18376 = CARTESIAN_POINT('',(75.5255,-97.24136,-4.6E-02));
#18377 = DIRECTION('',(-0.,-0.,-1.));
#18378 = DIRECTION('',(-0.,-1.,0.));
#18379 = ADVANCED_FACE('',(#18380),#18391,.F.);
#18380 = FACE_BOUND('',#18381,.T.);
#18381 = EDGE_LOOP('',(#18382,#18383,#18389,#18390));
#18382 = ORIENTED_EDGE('',*,*,#3951,.T.);
#18383 = ORIENTED_EDGE('',*,*,#18384,.T.);
#18384 = EDGE_CURVE('',#3952,#9785,#18385,.T.);
#18385 = LINE('',#18386,#18387);
#18386 = CARTESIAN_POINT('',(84.4155,-98.09226,-4.6E-02));
#18387 = VECTOR('',#18388,1.);
#18388 = DIRECTION('',(0.,0.,1.));
#18389 = ORIENTED_EDGE('',*,*,#9784,.F.);
#18390 = ORIENTED_EDGE('',*,*,#18384,.F.);
#18391 = CYLINDRICAL_SURFACE('',#18392,0.8509);
#18392 = AXIS2_PLACEMENT_3D('',#18393,#18394,#18395);
#18393 = CARTESIAN_POINT('',(84.4155,-97.24136,-4.6E-02));
#18394 = DIRECTION('',(-0.,-0.,-1.));
#18395 = DIRECTION('',(-1.670096922694E-14,-1.,0.));
#18396 = ADVANCED_FACE('',(#18397),#18408,.F.);
#18397 = FACE_BOUND('',#18398,.T.);
#18398 = EDGE_LOOP('',(#18399,#18400,#18406,#18407));
#18399 = ORIENTED_EDGE('',*,*,#3962,.T.);
#18400 = ORIENTED_EDGE('',*,*,#18401,.T.);
#18401 = EDGE_CURVE('',#3963,#9796,#18402,.T.);
#18402 = LINE('',#18403,#18404);
#18403 = CARTESIAN_POINT('',(89.4955,-99.23526,-4.6E-02));
#18404 = VECTOR('',#18405,1.);
#18405 = DIRECTION('',(0.,0.,1.));
#18406 = ORIENTED_EDGE('',*,*,#9795,.F.);
#18407 = ORIENTED_EDGE('',*,*,#18401,.F.);
#18408 = CYLINDRICAL_SURFACE('',#18409,1.9939);
#18409 = AXIS2_PLACEMENT_3D('',#18410,#18411,#18412);
#18410 = CARTESIAN_POINT('',(89.4955,-97.24136,-4.6E-02));
#18411 = DIRECTION('',(-0.,0.,-1.));
#18412 = DIRECTION('',(7.127165211496E-15,-1.,-0.));
#18413 = ADVANCED_FACE('',(#18414),#18425,.F.);
#18414 = FACE_BOUND('',#18415,.T.);
#18415 = EDGE_LOOP('',(#18416,#18417,#18423,#18424));
#18416 = ORIENTED_EDGE('',*,*,#3973,.T.);
#18417 = ORIENTED_EDGE('',*,*,#18418,.T.);
#18418 = EDGE_CURVE('',#3974,#9807,#18419,.T.);
#18419 = LINE('',#18420,#18421);
#18420 = CARTESIAN_POINT('',(85.6855,-96.20136,-4.6E-02));
#18421 = VECTOR('',#18422,1.);
#18422 = DIRECTION('',(0.,0.,1.));
#18423 = ORIENTED_EDGE('',*,*,#9806,.F.);
#18424 = ORIENTED_EDGE('',*,*,#18418,.F.);
#18425 = CYLINDRICAL_SURFACE('',#18426,1.5);
#18426 = AXIS2_PLACEMENT_3D('',#18427,#18428,#18429);
#18427 = CARTESIAN_POINT('',(85.6855,-94.70136,-4.6E-02));
#18428 = DIRECTION('',(-0.,-0.,-1.));
#18429 = DIRECTION('',(-0.,-1.,0.));
#18430 = ADVANCED_FACE('',(#18431),#18442,.F.);
#18431 = FACE_BOUND('',#18432,.T.);
#18432 = EDGE_LOOP('',(#18433,#18434,#18440,#18441));
#18433 = ORIENTED_EDGE('',*,*,#3984,.T.);
#18434 = ORIENTED_EDGE('',*,*,#18435,.T.);
#18435 = EDGE_CURVE('',#3985,#9818,#18436,.T.);
#18436 = LINE('',#18437,#18438);
#18437 = CARTESIAN_POINT('',(94.5755,-98.09226,-4.6E-02));
#18438 = VECTOR('',#18439,1.);
#18439 = DIRECTION('',(0.,0.,1.));
#18440 = ORIENTED_EDGE('',*,*,#9817,.F.);
#18441 = ORIENTED_EDGE('',*,*,#18435,.F.);
#18442 = CYLINDRICAL_SURFACE('',#18443,0.8509);
#18443 = AXIS2_PLACEMENT_3D('',#18444,#18445,#18446);
#18444 = CARTESIAN_POINT('',(94.5755,-97.24136,-4.6E-02));
#18445 = DIRECTION('',(-0.,-0.,-1.));
#18446 = DIRECTION('',(-0.,-1.,0.));
#18447 = ADVANCED_FACE('',(#18448),#18459,.F.);
#18448 = FACE_BOUND('',#18449,.T.);
#18449 = EDGE_LOOP('',(#18450,#18451,#18457,#18458));
#18450 = ORIENTED_EDGE('',*,*,#3995,.T.);
#18451 = ORIENTED_EDGE('',*,*,#18452,.T.);
#18452 = EDGE_CURVE('',#3996,#9829,#18453,.T.);
#18453 = LINE('',#18454,#18455);
#18454 = CARTESIAN_POINT('',(72.9855,-93.66136,-4.6E-02));
#18455 = VECTOR('',#18456,1.);
#18456 = DIRECTION('',(0.,0.,1.));
#18457 = ORIENTED_EDGE('',*,*,#9828,.F.);
#18458 = ORIENTED_EDGE('',*,*,#18452,.F.);
#18459 = CYLINDRICAL_SURFACE('',#18460,1.5);
#18460 = AXIS2_PLACEMENT_3D('',#18461,#18462,#18463);
#18461 = CARTESIAN_POINT('',(72.9855,-92.16136,-4.6E-02));
#18462 = DIRECTION('',(-0.,-0.,-1.));
#18463 = DIRECTION('',(-0.,-1.,0.));
#18464 = ADVANCED_FACE('',(#18465),#18476,.F.);
#18465 = FACE_BOUND('',#18466,.T.);
#18466 = EDGE_LOOP('',(#18467,#18468,#18474,#18475));
#18467 = ORIENTED_EDGE('',*,*,#4006,.T.);
#18468 = ORIENTED_EDGE('',*,*,#18469,.T.);
#18469 = EDGE_CURVE('',#4007,#9840,#18470,.T.);
#18470 = LINE('',#18471,#18472);
#18471 = CARTESIAN_POINT('',(92.0355,-93.66136,-4.6E-02));
#18472 = VECTOR('',#18473,1.);
#18473 = DIRECTION('',(0.,0.,1.));
#18474 = ORIENTED_EDGE('',*,*,#9839,.F.);
#18475 = ORIENTED_EDGE('',*,*,#18469,.F.);
#18476 = CYLINDRICAL_SURFACE('',#18477,1.5);
#18477 = AXIS2_PLACEMENT_3D('',#18478,#18479,#18480);
#18478 = CARTESIAN_POINT('',(92.0355,-92.16136,-4.6E-02));
#18479 = DIRECTION('',(-0.,-0.,-1.));
#18480 = DIRECTION('',(-0.,-1.,0.));
#18481 = ADVANCED_FACE('',(#18482),#18493,.F.);
#18482 = FACE_BOUND('',#18483,.T.);
#18483 = EDGE_LOOP('',(#18484,#18485,#18491,#18492));
#18484 = ORIENTED_EDGE('',*,*,#4017,.T.);
#18485 = ORIENTED_EDGE('',*,*,#18486,.T.);
#18486 = EDGE_CURVE('',#4018,#9851,#18487,.T.);
#18487 = LINE('',#18488,#18489);
#18488 = CARTESIAN_POINT('',(103.4655,-98.09226,-4.6E-02));
#18489 = VECTOR('',#18490,1.);
#18490 = DIRECTION('',(0.,0.,1.));
#18491 = ORIENTED_EDGE('',*,*,#9850,.F.);
#18492 = ORIENTED_EDGE('',*,*,#18486,.F.);
#18493 = CYLINDRICAL_SURFACE('',#18494,0.8509);
#18494 = AXIS2_PLACEMENT_3D('',#18495,#18496,#18497);
#18495 = CARTESIAN_POINT('',(103.4655,-97.24136,-4.6E-02));
#18496 = DIRECTION('',(-0.,0.,-1.));
#18497 = DIRECTION('',(1.670096922694E-14,-1.,-0.));
#18498 = ADVANCED_FACE('',(#18499),#18510,.F.);
#18499 = FACE_BOUND('',#18500,.T.);
#18500 = EDGE_LOOP('',(#18501,#18502,#18508,#18509));
#18501 = ORIENTED_EDGE('',*,*,#4028,.T.);
#18502 = ORIENTED_EDGE('',*,*,#18503,.T.);
#18503 = EDGE_CURVE('',#4029,#9862,#18504,.T.);
#18504 = LINE('',#18505,#18506);
#18505 = CARTESIAN_POINT('',(104.7355,-96.20136,-4.6E-02));
#18506 = VECTOR('',#18507,1.);
#18507 = DIRECTION('',(0.,0.,1.));
#18508 = ORIENTED_EDGE('',*,*,#9861,.F.);
#18509 = ORIENTED_EDGE('',*,*,#18503,.F.);
#18510 = CYLINDRICAL_SURFACE('',#18511,1.5);
#18511 = AXIS2_PLACEMENT_3D('',#18512,#18513,#18514);
#18512 = CARTESIAN_POINT('',(104.7355,-94.70136,-4.6E-02));
#18513 = DIRECTION('',(-0.,-0.,-1.));
#18514 = DIRECTION('',(-0.,-1.,0.));
#18515 = ADVANCED_FACE('',(#18516),#18527,.F.);
#18516 = FACE_BOUND('',#18517,.T.);
#18517 = EDGE_LOOP('',(#18518,#18519,#18525,#18526));
#18518 = ORIENTED_EDGE('',*,*,#4039,.T.);
#18519 = ORIENTED_EDGE('',*,*,#18520,.T.);
#18520 = EDGE_CURVE('',#4040,#9873,#18521,.T.);
#18521 = LINE('',#18522,#18523);
#18522 = CARTESIAN_POINT('',(108.5455,-99.23526,-4.6E-02));
#18523 = VECTOR('',#18524,1.);
#18524 = DIRECTION('',(0.,0.,1.));
#18525 = ORIENTED_EDGE('',*,*,#9872,.F.);
#18526 = ORIENTED_EDGE('',*,*,#18520,.F.);
#18527 = CYLINDRICAL_SURFACE('',#18528,1.9939);
#18528 = AXIS2_PLACEMENT_3D('',#18529,#18530,#18531);
#18529 = CARTESIAN_POINT('',(108.5455,-97.24136,-4.6E-02));
#18530 = DIRECTION('',(-0.,-0.,-1.));
#18531 = DIRECTION('',(-0.,-1.,0.));
#18532 = ADVANCED_FACE('',(#18533),#18544,.F.);
#18533 = FACE_BOUND('',#18534,.T.);
#18534 = EDGE_LOOP('',(#18535,#18536,#18542,#18543));
#18535 = ORIENTED_EDGE('',*,*,#4050,.T.);
#18536 = ORIENTED_EDGE('',*,*,#18537,.T.);
#18537 = EDGE_CURVE('',#4051,#9884,#18538,.T.);
#18538 = LINE('',#18539,#18540);
#18539 = CARTESIAN_POINT('',(113.6255,-98.09226,-4.6E-02));
#18540 = VECTOR('',#18541,1.);
#18541 = DIRECTION('',(0.,0.,1.));
#18542 = ORIENTED_EDGE('',*,*,#9883,.F.);
#18543 = ORIENTED_EDGE('',*,*,#18537,.F.);
#18544 = CYLINDRICAL_SURFACE('',#18545,0.8509);
#18545 = AXIS2_PLACEMENT_3D('',#18546,#18547,#18548);
#18546 = CARTESIAN_POINT('',(113.6255,-97.24136,-4.6E-02));
#18547 = DIRECTION('',(-0.,-0.,-1.));
#18548 = DIRECTION('',(-0.,-1.,0.));
#18549 = ADVANCED_FACE('',(#18550),#18561,.F.);
#18550 = FACE_BOUND('',#18551,.T.);
#18551 = EDGE_LOOP('',(#18552,#18553,#18559,#18560));
#18552 = ORIENTED_EDGE('',*,*,#4061,.T.);
#18553 = ORIENTED_EDGE('',*,*,#18554,.T.);
#18554 = EDGE_CURVE('',#4062,#9895,#18555,.T.);
#18555 = LINE('',#18556,#18557);
#18556 = CARTESIAN_POINT('',(122.5155,-98.09226,-4.6E-02));
#18557 = VECTOR('',#18558,1.);
#18558 = DIRECTION('',(0.,0.,1.));
#18559 = ORIENTED_EDGE('',*,*,#9894,.F.);
#18560 = ORIENTED_EDGE('',*,*,#18554,.F.);
#18561 = CYLINDRICAL_SURFACE('',#18562,0.8509);
#18562 = AXIS2_PLACEMENT_3D('',#18563,#18564,#18565);
#18563 = CARTESIAN_POINT('',(122.5155,-97.24136,-4.6E-02));
#18564 = DIRECTION('',(-0.,-0.,-1.));
#18565 = DIRECTION('',(-0.,-1.,0.));
#18566 = ADVANCED_FACE('',(#18567),#18578,.F.);
#18567 = FACE_BOUND('',#18568,.T.);
#18568 = EDGE_LOOP('',(#18569,#18570,#18576,#18577));
#18569 = ORIENTED_EDGE('',*,*,#4072,.T.);
#18570 = ORIENTED_EDGE('',*,*,#18571,.T.);
#18571 = EDGE_CURVE('',#4073,#9906,#18572,.T.);
#18572 = LINE('',#18573,#18574);
#18573 = CARTESIAN_POINT('',(123.7855,-96.20136,-4.6E-02));
#18574 = VECTOR('',#18575,1.);
#18575 = DIRECTION('',(0.,0.,1.));
#18576 = ORIENTED_EDGE('',*,*,#9905,.F.);
#18577 = ORIENTED_EDGE('',*,*,#18571,.F.);
#18578 = CYLINDRICAL_SURFACE('',#18579,1.5);
#18579 = AXIS2_PLACEMENT_3D('',#18580,#18581,#18582);
#18580 = CARTESIAN_POINT('',(123.7855,-94.70136,-4.6E-02));
#18581 = DIRECTION('',(-0.,-0.,-1.));
#18582 = DIRECTION('',(-0.,-1.,0.));
#18583 = ADVANCED_FACE('',(#18584),#18595,.F.);
#18584 = FACE_BOUND('',#18585,.T.);
#18585 = EDGE_LOOP('',(#18586,#18587,#18593,#18594));
#18586 = ORIENTED_EDGE('',*,*,#4083,.T.);
#18587 = ORIENTED_EDGE('',*,*,#18588,.T.);
#18588 = EDGE_CURVE('',#4084,#9917,#18589,.T.);
#18589 = LINE('',#18590,#18591);
#18590 = CARTESIAN_POINT('',(127.5955,-99.23526,-4.6E-02));
#18591 = VECTOR('',#18592,1.);
#18592 = DIRECTION('',(0.,0.,1.));
#18593 = ORIENTED_EDGE('',*,*,#9916,.F.);
#18594 = ORIENTED_EDGE('',*,*,#18588,.F.);
#18595 = CYLINDRICAL_SURFACE('',#18596,1.9939);
#18596 = AXIS2_PLACEMENT_3D('',#18597,#18598,#18599);
#18597 = CARTESIAN_POINT('',(127.5955,-97.24136,-4.6E-02));
#18598 = DIRECTION('',(-0.,-0.,-1.));
#18599 = DIRECTION('',(-7.127165211496E-15,-1.,0.));
#18600 = ADVANCED_FACE('',(#18601),#18612,.F.);
#18601 = FACE_BOUND('',#18602,.T.);
#18602 = EDGE_LOOP('',(#18603,#18604,#18610,#18611));
#18603 = ORIENTED_EDGE('',*,*,#4094,.T.);
#18604 = ORIENTED_EDGE('',*,*,#18605,.T.);
#18605 = EDGE_CURVE('',#4095,#9928,#18606,.T.);
#18606 = LINE('',#18607,#18608);
#18607 = CARTESIAN_POINT('',(132.6755,-98.09226,-4.6E-02));
#18608 = VECTOR('',#18609,1.);
#18609 = DIRECTION('',(0.,0.,1.));
#18610 = ORIENTED_EDGE('',*,*,#9927,.F.);
#18611 = ORIENTED_EDGE('',*,*,#18605,.F.);
#18612 = CYLINDRICAL_SURFACE('',#18613,0.8509);
#18613 = AXIS2_PLACEMENT_3D('',#18614,#18615,#18616);
#18614 = CARTESIAN_POINT('',(132.6755,-97.24136,-4.6E-02));
#18615 = DIRECTION('',(-0.,-0.,-1.));
#18616 = DIRECTION('',(-0.,-1.,0.));
#18617 = ADVANCED_FACE('',(#18618),#18629,.F.);
#18618 = FACE_BOUND('',#18619,.T.);
#18619 = EDGE_LOOP('',(#18620,#18621,#18627,#18628));
#18620 = ORIENTED_EDGE('',*,*,#4105,.T.);
#18621 = ORIENTED_EDGE('',*,*,#18622,.T.);
#18622 = EDGE_CURVE('',#4106,#9939,#18623,.T.);
#18623 = LINE('',#18624,#18625);
#18624 = CARTESIAN_POINT('',(111.0855,-93.66136,-4.6E-02));
#18625 = VECTOR('',#18626,1.);
#18626 = DIRECTION('',(0.,0.,1.));
#18627 = ORIENTED_EDGE('',*,*,#9938,.F.);
#18628 = ORIENTED_EDGE('',*,*,#18622,.F.);
#18629 = CYLINDRICAL_SURFACE('',#18630,1.5);
#18630 = AXIS2_PLACEMENT_3D('',#18631,#18632,#18633);
#18631 = CARTESIAN_POINT('',(111.0855,-92.16136,-4.6E-02));
#18632 = DIRECTION('',(-0.,-0.,-1.));
#18633 = DIRECTION('',(-0.,-1.,0.));
#18634 = ADVANCED_FACE('',(#18635),#18646,.F.);
#18635 = FACE_BOUND('',#18636,.T.);
#18636 = EDGE_LOOP('',(#18637,#18638,#18644,#18645));
#18637 = ORIENTED_EDGE('',*,*,#4116,.T.);
#18638 = ORIENTED_EDGE('',*,*,#18639,.T.);
#18639 = EDGE_CURVE('',#4117,#9950,#18640,.T.);
#18640 = LINE('',#18641,#18642);
#18641 = CARTESIAN_POINT('',(130.1355,-93.66136,-4.6E-02));
#18642 = VECTOR('',#18643,1.);
#18643 = DIRECTION('',(0.,0.,1.));
#18644 = ORIENTED_EDGE('',*,*,#9949,.F.);
#18645 = ORIENTED_EDGE('',*,*,#18639,.F.);
#18646 = CYLINDRICAL_SURFACE('',#18647,1.5);
#18647 = AXIS2_PLACEMENT_3D('',#18648,#18649,#18650);
#18648 = CARTESIAN_POINT('',(130.1355,-92.16136,-4.6E-02));
#18649 = DIRECTION('',(-0.,-0.,-1.));
#18650 = DIRECTION('',(-0.,-1.,0.));
#18651 = ADVANCED_FACE('',(#18652),#18663,.F.);
#18652 = FACE_BOUND('',#18653,.T.);
#18653 = EDGE_LOOP('',(#18654,#18655,#18661,#18662));
#18654 = ORIENTED_EDGE('',*,*,#4127,.T.);
#18655 = ORIENTED_EDGE('',*,*,#18656,.T.);
#18656 = EDGE_CURVE('',#4128,#9961,#18657,.T.);
#18657 = LINE('',#18658,#18659);
#18658 = CARTESIAN_POINT('',(139.6605,-112.71136,-4.6E-02));
#18659 = VECTOR('',#18660,1.);
#18660 = DIRECTION('',(0.,0.,1.));
#18661 = ORIENTED_EDGE('',*,*,#9960,.F.);
#18662 = ORIENTED_EDGE('',*,*,#18656,.F.);
#18663 = CYLINDRICAL_SURFACE('',#18664,1.5);
#18664 = AXIS2_PLACEMENT_3D('',#18665,#18666,#18667);
#18665 = CARTESIAN_POINT('',(139.6605,-111.21136,-4.6E-02));
#18666 = DIRECTION('',(-0.,-0.,-1.));
#18667 = DIRECTION('',(-0.,-1.,0.));
#18668 = ADVANCED_FACE('',(#18669),#18680,.F.);
#18669 = FACE_BOUND('',#18670,.T.);
#18670 = EDGE_LOOP('',(#18671,#18672,#18678,#18679));
#18671 = ORIENTED_EDGE('',*,*,#4138,.T.);
#18672 = ORIENTED_EDGE('',*,*,#18673,.T.);
#18673 = EDGE_CURVE('',#4139,#9972,#18674,.T.);
#18674 = LINE('',#18675,#18676);
#18675 = CARTESIAN_POINT('',(158.7105,-112.71136,-4.6E-02));
#18676 = VECTOR('',#18677,1.);
#18677 = DIRECTION('',(0.,0.,1.));
#18678 = ORIENTED_EDGE('',*,*,#9971,.F.);
#18679 = ORIENTED_EDGE('',*,*,#18673,.F.);
#18680 = CYLINDRICAL_SURFACE('',#18681,1.5);
#18681 = AXIS2_PLACEMENT_3D('',#18682,#18683,#18684);
#18682 = CARTESIAN_POINT('',(158.7105,-111.21136,-4.6E-02));
#18683 = DIRECTION('',(-0.,-0.,-1.));
#18684 = DIRECTION('',(-0.,-1.,0.));
#18685 = ADVANCED_FACE('',(#18686),#18702,.T.);
#18686 = FACE_BOUND('',#18687,.T.);
#18687 = EDGE_LOOP('',(#18688,#18694,#18695,#18701));
#18688 = ORIENTED_EDGE('',*,*,#18689,.T.);
#18689 = EDGE_CURVE('',#4150,#9983,#18690,.T.);
#18690 = LINE('',#18691,#18692);
#18691 = CARTESIAN_POINT('',(144.9455,-104.24136,0.));
#18692 = VECTOR('',#18693,1.);
#18693 = DIRECTION('',(0.,0.,1.));
#18694 = ORIENTED_EDGE('',*,*,#9982,.T.);
#18695 = ORIENTED_EDGE('',*,*,#18696,.F.);
#18696 = EDGE_CURVE('',#4152,#9985,#18697,.T.);
#18697 = LINE('',#18698,#18699);
#18698 = CARTESIAN_POINT('',(148.3455,-104.24136,0.));
#18699 = VECTOR('',#18700,1.);
#18700 = DIRECTION('',(0.,0.,1.));
#18701 = ORIENTED_EDGE('',*,*,#4149,.F.);
#18702 = PLANE('',#18703);
#18703 = AXIS2_PLACEMENT_3D('',#18704,#18705,#18706);
#18704 = CARTESIAN_POINT('',(144.9455,-104.24136,0.));
#18705 = DIRECTION('',(0.,1.,0.));
#18706 = DIRECTION('',(1.,0.,0.));
#18707 = ADVANCED_FACE('',(#18708),#18719,.T.);
#18708 = FACE_BOUND('',#18709,.T.);
#18709 = EDGE_LOOP('',(#18710,#18716,#18717,#18718));
#18710 = ORIENTED_EDGE('',*,*,#18711,.T.);
#18711 = EDGE_CURVE('',#4160,#9993,#18712,.T.);
#18712 = LINE('',#18713,#18714);
#18713 = CARTESIAN_POINT('',(144.9455,-101.24136,0.));
#18714 = VECTOR('',#18715,1.);
#18715 = DIRECTION('',(0.,0.,1.));
#18716 = ORIENTED_EDGE('',*,*,#9992,.T.);
#18717 = ORIENTED_EDGE('',*,*,#18689,.F.);
#18718 = ORIENTED_EDGE('',*,*,#4159,.F.);
#18719 = PLANE('',#18720);
#18720 = AXIS2_PLACEMENT_3D('',#18721,#18722,#18723);
#18721 = CARTESIAN_POINT('',(144.9455,-101.24136,0.));
#18722 = DIRECTION('',(1.,0.,-0.));
#18723 = DIRECTION('',(0.,-1.,0.));
#18724 = ADVANCED_FACE('',(#18725),#18736,.T.);
#18725 = FACE_BOUND('',#18726,.T.);
#18726 = EDGE_LOOP('',(#18727,#18728,#18729,#18735));
#18727 = ORIENTED_EDGE('',*,*,#18696,.T.);
#18728 = ORIENTED_EDGE('',*,*,#10008,.T.);
#18729 = ORIENTED_EDGE('',*,*,#18730,.F.);
#18730 = EDGE_CURVE('',#4168,#10001,#18731,.T.);
#18731 = LINE('',#18732,#18733);
#18732 = CARTESIAN_POINT('',(148.3455,-101.24136,0.));
#18733 = VECTOR('',#18734,1.);
#18734 = DIRECTION('',(0.,0.,1.));
#18735 = ORIENTED_EDGE('',*,*,#4175,.F.);
#18736 = PLANE('',#18737);
#18737 = AXIS2_PLACEMENT_3D('',#18738,#18739,#18740);
#18738 = CARTESIAN_POINT('',(148.3455,-104.24136,0.));
#18739 = DIRECTION('',(-1.,0.,0.));
#18740 = DIRECTION('',(0.,1.,0.));
#18741 = ADVANCED_FACE('',(#18742),#18748,.T.);
#18742 = FACE_BOUND('',#18743,.T.);
#18743 = EDGE_LOOP('',(#18744,#18745,#18746,#18747));
#18744 = ORIENTED_EDGE('',*,*,#18730,.T.);
#18745 = ORIENTED_EDGE('',*,*,#10000,.T.);
#18746 = ORIENTED_EDGE('',*,*,#18711,.F.);
#18747 = ORIENTED_EDGE('',*,*,#4167,.F.);
#18748 = PLANE('',#18749);
#18749 = AXIS2_PLACEMENT_3D('',#18750,#18751,#18752);
#18750 = CARTESIAN_POINT('',(148.3455,-101.24136,0.));
#18751 = DIRECTION('',(0.,-1.,0.));
#18752 = DIRECTION('',(-1.,0.,0.));
#18753 = ADVANCED_FACE('',(#18754),#18770,.T.);
#18754 = FACE_BOUND('',#18755,.T.);
#18755 = EDGE_LOOP('',(#18756,#18762,#18763,#18769));
#18756 = ORIENTED_EDGE('',*,*,#18757,.T.);
#18757 = EDGE_CURVE('',#4184,#10017,#18758,.T.);
#18758 = LINE('',#18759,#18760);
#18759 = CARTESIAN_POINT('',(163.9955,-104.24136,0.));
#18760 = VECTOR('',#18761,1.);
#18761 = DIRECTION('',(0.,0.,1.));
#18762 = ORIENTED_EDGE('',*,*,#10016,.T.);
#18763 = ORIENTED_EDGE('',*,*,#18764,.F.);
#18764 = EDGE_CURVE('',#4186,#10019,#18765,.T.);
#18765 = LINE('',#18766,#18767);
#18766 = CARTESIAN_POINT('',(167.3955,-104.24136,0.));
#18767 = VECTOR('',#18768,1.);
#18768 = DIRECTION('',(0.,0.,1.));
#18769 = ORIENTED_EDGE('',*,*,#4183,.F.);
#18770 = PLANE('',#18771);
#18771 = AXIS2_PLACEMENT_3D('',#18772,#18773,#18774);
#18772 = CARTESIAN_POINT('',(163.9955,-104.24136,0.));
#18773 = DIRECTION('',(0.,1.,0.));
#18774 = DIRECTION('',(1.,0.,0.));
#18775 = ADVANCED_FACE('',(#18776),#18787,.T.);
#18776 = FACE_BOUND('',#18777,.T.);
#18777 = EDGE_LOOP('',(#18778,#18784,#18785,#18786));
#18778 = ORIENTED_EDGE('',*,*,#18779,.T.);
#18779 = EDGE_CURVE('',#4194,#10027,#18780,.T.);
#18780 = LINE('',#18781,#18782);
#18781 = CARTESIAN_POINT('',(163.9955,-101.24136,0.));
#18782 = VECTOR('',#18783,1.);
#18783 = DIRECTION('',(0.,0.,1.));
#18784 = ORIENTED_EDGE('',*,*,#10026,.T.);
#18785 = ORIENTED_EDGE('',*,*,#18757,.F.);
#18786 = ORIENTED_EDGE('',*,*,#4193,.F.);
#18787 = PLANE('',#18788);
#18788 = AXIS2_PLACEMENT_3D('',#18789,#18790,#18791);
#18789 = CARTESIAN_POINT('',(163.9955,-101.24136,0.));
#18790 = DIRECTION('',(1.,0.,-0.));
#18791 = DIRECTION('',(0.,-1.,0.));
#18792 = ADVANCED_FACE('',(#18793),#18804,.T.);
#18793 = FACE_BOUND('',#18794,.T.);
#18794 = EDGE_LOOP('',(#18795,#18796,#18797,#18803));
#18795 = ORIENTED_EDGE('',*,*,#18764,.T.);
#18796 = ORIENTED_EDGE('',*,*,#10042,.T.);
#18797 = ORIENTED_EDGE('',*,*,#18798,.F.);
#18798 = EDGE_CURVE('',#4202,#10035,#18799,.T.);
#18799 = LINE('',#18800,#18801);
#18800 = CARTESIAN_POINT('',(167.3955,-101.24136,0.));
#18801 = VECTOR('',#18802,1.);
#18802 = DIRECTION('',(0.,0.,1.));
#18803 = ORIENTED_EDGE('',*,*,#4209,.F.);
#18804 = PLANE('',#18805);
#18805 = AXIS2_PLACEMENT_3D('',#18806,#18807,#18808);
#18806 = CARTESIAN_POINT('',(167.3955,-104.24136,0.));
#18807 = DIRECTION('',(-1.,0.,0.));
#18808 = DIRECTION('',(0.,1.,0.));
#18809 = ADVANCED_FACE('',(#18810),#18816,.T.);
#18810 = FACE_BOUND('',#18811,.T.);
#18811 = EDGE_LOOP('',(#18812,#18813,#18814,#18815));
#18812 = ORIENTED_EDGE('',*,*,#18798,.T.);
#18813 = ORIENTED_EDGE('',*,*,#10034,.T.);
#18814 = ORIENTED_EDGE('',*,*,#18779,.F.);
#18815 = ORIENTED_EDGE('',*,*,#4201,.F.);
#18816 = PLANE('',#18817);
#18817 = AXIS2_PLACEMENT_3D('',#18818,#18819,#18820);
#18818 = CARTESIAN_POINT('',(167.3955,-101.24136,0.));
#18819 = DIRECTION('',(0.,-1.,0.));
#18820 = DIRECTION('',(-1.,0.,0.));
#18821 = ADVANCED_FACE('',(#18822),#18833,.F.);
#18822 = FACE_BOUND('',#18823,.T.);
#18823 = EDGE_LOOP('',(#18824,#18825,#18831,#18832));
#18824 = ORIENTED_EDGE('',*,*,#4217,.T.);
#18825 = ORIENTED_EDGE('',*,*,#18826,.T.);
#18826 = EDGE_CURVE('',#4218,#10051,#18827,.T.);
#18827 = LINE('',#18828,#18829);
#18828 = CARTESIAN_POINT('',(177.7605,-112.71136,-4.6E-02));
#18829 = VECTOR('',#18830,1.);
#18830 = DIRECTION('',(0.,0.,1.));
#18831 = ORIENTED_EDGE('',*,*,#10050,.F.);
#18832 = ORIENTED_EDGE('',*,*,#18826,.F.);
#18833 = CYLINDRICAL_SURFACE('',#18834,1.5);
#18834 = AXIS2_PLACEMENT_3D('',#18835,#18836,#18837);
#18835 = CARTESIAN_POINT('',(177.7605,-111.21136,-4.6E-02));
#18836 = DIRECTION('',(-0.,-0.,-1.));
#18837 = DIRECTION('',(-0.,-1.,0.));
#18838 = ADVANCED_FACE('',(#18839),#18850,.F.);
#18839 = FACE_BOUND('',#18840,.T.);
#18840 = EDGE_LOOP('',(#18841,#18842,#18848,#18849));
#18841 = ORIENTED_EDGE('',*,*,#4228,.T.);
#18842 = ORIENTED_EDGE('',*,*,#18843,.T.);
#18843 = EDGE_CURVE('',#4229,#10062,#18844,.T.);
#18844 = LINE('',#18845,#18846);
#18845 = CARTESIAN_POINT('',(196.8105,-112.71136,-4.6E-02));
#18846 = VECTOR('',#18847,1.);
#18847 = DIRECTION('',(0.,0.,1.));
#18848 = ORIENTED_EDGE('',*,*,#10061,.F.);
#18849 = ORIENTED_EDGE('',*,*,#18843,.F.);
#18850 = CYLINDRICAL_SURFACE('',#18851,1.5);
#18851 = AXIS2_PLACEMENT_3D('',#18852,#18853,#18854);
#18852 = CARTESIAN_POINT('',(196.8105,-111.21136,-4.6E-02));
#18853 = DIRECTION('',(-0.,-0.,-1.));
#18854 = DIRECTION('',(-0.,-1.,0.));
#18855 = ADVANCED_FACE('',(#18856),#18872,.T.);
#18856 = FACE_BOUND('',#18857,.T.);
#18857 = EDGE_LOOP('',(#18858,#18864,#18865,#18871));
#18858 = ORIENTED_EDGE('',*,*,#18859,.T.);
#18859 = EDGE_CURVE('',#4240,#10073,#18860,.T.);
#18860 = LINE('',#18861,#18862);
#18861 = CARTESIAN_POINT('',(183.0455,-104.24136,0.));
#18862 = VECTOR('',#18863,1.);
#18863 = DIRECTION('',(0.,0.,1.));
#18864 = ORIENTED_EDGE('',*,*,#10072,.T.);
#18865 = ORIENTED_EDGE('',*,*,#18866,.F.);
#18866 = EDGE_CURVE('',#4242,#10075,#18867,.T.);
#18867 = LINE('',#18868,#18869);
#18868 = CARTESIAN_POINT('',(186.4455,-104.24136,0.));
#18869 = VECTOR('',#18870,1.);
#18870 = DIRECTION('',(0.,0.,1.));
#18871 = ORIENTED_EDGE('',*,*,#4239,.F.);
#18872 = PLANE('',#18873);
#18873 = AXIS2_PLACEMENT_3D('',#18874,#18875,#18876);
#18874 = CARTESIAN_POINT('',(183.0455,-104.24136,0.));
#18875 = DIRECTION('',(0.,1.,0.));
#18876 = DIRECTION('',(1.,0.,0.));
#18877 = ADVANCED_FACE('',(#18878),#18889,.T.);
#18878 = FACE_BOUND('',#18879,.T.);
#18879 = EDGE_LOOP('',(#18880,#18886,#18887,#18888));
#18880 = ORIENTED_EDGE('',*,*,#18881,.T.);
#18881 = EDGE_CURVE('',#4250,#10083,#18882,.T.);
#18882 = LINE('',#18883,#18884);
#18883 = CARTESIAN_POINT('',(183.0455,-101.24136,0.));
#18884 = VECTOR('',#18885,1.);
#18885 = DIRECTION('',(0.,0.,1.));
#18886 = ORIENTED_EDGE('',*,*,#10082,.T.);
#18887 = ORIENTED_EDGE('',*,*,#18859,.F.);
#18888 = ORIENTED_EDGE('',*,*,#4249,.F.);
#18889 = PLANE('',#18890);
#18890 = AXIS2_PLACEMENT_3D('',#18891,#18892,#18893);
#18891 = CARTESIAN_POINT('',(183.0455,-101.24136,0.));
#18892 = DIRECTION('',(1.,0.,-0.));
#18893 = DIRECTION('',(0.,-1.,0.));
#18894 = ADVANCED_FACE('',(#18895),#18906,.T.);
#18895 = FACE_BOUND('',#18896,.T.);
#18896 = EDGE_LOOP('',(#18897,#18898,#18899,#18905));
#18897 = ORIENTED_EDGE('',*,*,#18866,.T.);
#18898 = ORIENTED_EDGE('',*,*,#10098,.T.);
#18899 = ORIENTED_EDGE('',*,*,#18900,.F.);
#18900 = EDGE_CURVE('',#4258,#10091,#18901,.T.);
#18901 = LINE('',#18902,#18903);
#18902 = CARTESIAN_POINT('',(186.4455,-101.24136,0.));
#18903 = VECTOR('',#18904,1.);
#18904 = DIRECTION('',(0.,0.,1.));
#18905 = ORIENTED_EDGE('',*,*,#4265,.F.);
#18906 = PLANE('',#18907);
#18907 = AXIS2_PLACEMENT_3D('',#18908,#18909,#18910);
#18908 = CARTESIAN_POINT('',(186.4455,-104.24136,0.));
#18909 = DIRECTION('',(-1.,0.,0.));
#18910 = DIRECTION('',(0.,1.,0.));
#18911 = ADVANCED_FACE('',(#18912),#18918,.T.);
#18912 = FACE_BOUND('',#18913,.T.);
#18913 = EDGE_LOOP('',(#18914,#18915,#18916,#18917));
#18914 = ORIENTED_EDGE('',*,*,#18900,.T.);
#18915 = ORIENTED_EDGE('',*,*,#10090,.T.);
#18916 = ORIENTED_EDGE('',*,*,#18881,.F.);
#18917 = ORIENTED_EDGE('',*,*,#4257,.F.);
#18918 = PLANE('',#18919);
#18919 = AXIS2_PLACEMENT_3D('',#18920,#18921,#18922);
#18920 = CARTESIAN_POINT('',(186.4455,-101.24136,0.));
#18921 = DIRECTION('',(0.,-1.,0.));
#18922 = DIRECTION('',(-1.,0.,0.));
#18923 = ADVANCED_FACE('',(#18924),#18935,.F.);
#18924 = FACE_BOUND('',#18925,.T.);
#18925 = EDGE_LOOP('',(#18926,#18927,#18933,#18934));
#18926 = ORIENTED_EDGE('',*,*,#4273,.T.);
#18927 = ORIENTED_EDGE('',*,*,#18928,.T.);
#18928 = EDGE_CURVE('',#4274,#10107,#18929,.T.);
#18929 = LINE('',#18930,#18931);
#18930 = CARTESIAN_POINT('',(141.5655,-98.09226,-4.6E-02));
#18931 = VECTOR('',#18932,1.);
#18932 = DIRECTION('',(0.,0.,1.));
#18933 = ORIENTED_EDGE('',*,*,#10106,.F.);
#18934 = ORIENTED_EDGE('',*,*,#18928,.F.);
#18935 = CYLINDRICAL_SURFACE('',#18936,0.8509);
#18936 = AXIS2_PLACEMENT_3D('',#18937,#18938,#18939);
#18937 = CARTESIAN_POINT('',(141.5655,-97.24136,-4.6E-02));
#18938 = DIRECTION('',(-0.,-0.,-1.));
#18939 = DIRECTION('',(-0.,-1.,0.));
#18940 = ADVANCED_FACE('',(#18941),#18952,.F.);
#18941 = FACE_BOUND('',#18942,.T.);
#18942 = EDGE_LOOP('',(#18943,#18944,#18950,#18951));
#18943 = ORIENTED_EDGE('',*,*,#4284,.T.);
#18944 = ORIENTED_EDGE('',*,*,#18945,.T.);
#18945 = EDGE_CURVE('',#4285,#10118,#18946,.T.);
#18946 = LINE('',#18947,#18948);
#18947 = CARTESIAN_POINT('',(146.6455,-99.23526,-4.6E-02));
#18948 = VECTOR('',#18949,1.);
#18949 = DIRECTION('',(0.,0.,1.));
#18950 = ORIENTED_EDGE('',*,*,#10117,.F.);
#18951 = ORIENTED_EDGE('',*,*,#18945,.F.);
#18952 = CYLINDRICAL_SURFACE('',#18953,1.9939);
#18953 = AXIS2_PLACEMENT_3D('',#18954,#18955,#18956);
#18954 = CARTESIAN_POINT('',(146.6455,-97.24136,-4.6E-02));
#18955 = DIRECTION('',(-0.,-0.,-1.));
#18956 = DIRECTION('',(-0.,-1.,0.));
#18957 = ADVANCED_FACE('',(#18958),#18969,.F.);
#18958 = FACE_BOUND('',#18959,.T.);
#18959 = EDGE_LOOP('',(#18960,#18961,#18967,#18968));
#18960 = ORIENTED_EDGE('',*,*,#4295,.T.);
#18961 = ORIENTED_EDGE('',*,*,#18962,.T.);
#18962 = EDGE_CURVE('',#4296,#10129,#18963,.T.);
#18963 = LINE('',#18964,#18965);
#18964 = CARTESIAN_POINT('',(142.8355,-96.20136,-4.6E-02));
#18965 = VECTOR('',#18966,1.);
#18966 = DIRECTION('',(0.,0.,1.));
#18967 = ORIENTED_EDGE('',*,*,#10128,.F.);
#18968 = ORIENTED_EDGE('',*,*,#18962,.F.);
#18969 = CYLINDRICAL_SURFACE('',#18970,1.5);
#18970 = AXIS2_PLACEMENT_3D('',#18971,#18972,#18973);
#18971 = CARTESIAN_POINT('',(142.8355,-94.70136,-4.6E-02));
#18972 = DIRECTION('',(-0.,-0.,-1.));
#18973 = DIRECTION('',(-0.,-1.,0.));
#18974 = ADVANCED_FACE('',(#18975),#18986,.F.);
#18975 = FACE_BOUND('',#18976,.T.);
#18976 = EDGE_LOOP('',(#18977,#18978,#18984,#18985));
#18977 = ORIENTED_EDGE('',*,*,#4306,.T.);
#18978 = ORIENTED_EDGE('',*,*,#18979,.T.);
#18979 = EDGE_CURVE('',#4307,#10140,#18980,.T.);
#18980 = LINE('',#18981,#18982);
#18981 = CARTESIAN_POINT('',(151.7255,-98.09226,-4.6E-02));
#18982 = VECTOR('',#18983,1.);
#18983 = DIRECTION('',(0.,0.,1.));
#18984 = ORIENTED_EDGE('',*,*,#10139,.F.);
#18985 = ORIENTED_EDGE('',*,*,#18979,.F.);
#18986 = CYLINDRICAL_SURFACE('',#18987,0.8509);
#18987 = AXIS2_PLACEMENT_3D('',#18988,#18989,#18990);
#18988 = CARTESIAN_POINT('',(151.7255,-97.24136,-4.6E-02));
#18989 = DIRECTION('',(-0.,-0.,-1.));
#18990 = DIRECTION('',(-0.,-1.,0.));
#18991 = ADVANCED_FACE('',(#18992),#19003,.F.);
#18992 = FACE_BOUND('',#18993,.T.);
#18993 = EDGE_LOOP('',(#18994,#18995,#19001,#19002));
#18994 = ORIENTED_EDGE('',*,*,#4317,.T.);
#18995 = ORIENTED_EDGE('',*,*,#18996,.T.);
#18996 = EDGE_CURVE('',#4318,#10151,#18997,.T.);
#18997 = LINE('',#18998,#18999);
#18998 = CARTESIAN_POINT('',(160.6155,-98.09226,-4.6E-02));
#18999 = VECTOR('',#19000,1.);
#19000 = DIRECTION('',(0.,0.,1.));
#19001 = ORIENTED_EDGE('',*,*,#10150,.F.);
#19002 = ORIENTED_EDGE('',*,*,#18996,.F.);
#19003 = CYLINDRICAL_SURFACE('',#19004,0.8509);
#19004 = AXIS2_PLACEMENT_3D('',#19005,#19006,#19007);
#19005 = CARTESIAN_POINT('',(160.6155,-97.24136,-4.6E-02));
#19006 = DIRECTION('',(-0.,-0.,-1.));
#19007 = DIRECTION('',(-0.,-1.,0.));
#19008 = ADVANCED_FACE('',(#19009),#19020,.F.);
#19009 = FACE_BOUND('',#19010,.T.);
#19010 = EDGE_LOOP('',(#19011,#19012,#19018,#19019));
#19011 = ORIENTED_EDGE('',*,*,#4328,.T.);
#19012 = ORIENTED_EDGE('',*,*,#19013,.T.);
#19013 = EDGE_CURVE('',#4329,#10162,#19014,.T.);
#19014 = LINE('',#19015,#19016);
#19015 = CARTESIAN_POINT('',(165.6955,-99.23526,-4.6E-02));
#19016 = VECTOR('',#19017,1.);
#19017 = DIRECTION('',(0.,0.,1.));
#19018 = ORIENTED_EDGE('',*,*,#10161,.F.);
#19019 = ORIENTED_EDGE('',*,*,#19013,.F.);
#19020 = CYLINDRICAL_SURFACE('',#19021,1.9939);
#19021 = AXIS2_PLACEMENT_3D('',#19022,#19023,#19024);
#19022 = CARTESIAN_POINT('',(165.6955,-97.24136,-4.6E-02));
#19023 = DIRECTION('',(-0.,-0.,-1.));
#19024 = DIRECTION('',(-0.,-1.,0.));
#19025 = ADVANCED_FACE('',(#19026),#19037,.F.);
#19026 = FACE_BOUND('',#19027,.T.);
#19027 = EDGE_LOOP('',(#19028,#19029,#19035,#19036));
#19028 = ORIENTED_EDGE('',*,*,#4339,.T.);
#19029 = ORIENTED_EDGE('',*,*,#19030,.T.);
#19030 = EDGE_CURVE('',#4340,#10173,#19031,.T.);
#19031 = LINE('',#19032,#19033);
#19032 = CARTESIAN_POINT('',(161.8855,-96.20136,-4.6E-02));
#19033 = VECTOR('',#19034,1.);
#19034 = DIRECTION('',(0.,0.,1.));
#19035 = ORIENTED_EDGE('',*,*,#10172,.F.);
#19036 = ORIENTED_EDGE('',*,*,#19030,.F.);
#19037 = CYLINDRICAL_SURFACE('',#19038,1.5);
#19038 = AXIS2_PLACEMENT_3D('',#19039,#19040,#19041);
#19039 = CARTESIAN_POINT('',(161.8855,-94.70136,-4.6E-02));
#19040 = DIRECTION('',(-0.,-0.,-1.));
#19041 = DIRECTION('',(-0.,-1.,0.));
#19042 = ADVANCED_FACE('',(#19043),#19054,.F.);
#19043 = FACE_BOUND('',#19044,.T.);
#19044 = EDGE_LOOP('',(#19045,#19046,#19052,#19053));
#19045 = ORIENTED_EDGE('',*,*,#4350,.T.);
#19046 = ORIENTED_EDGE('',*,*,#19047,.T.);
#19047 = EDGE_CURVE('',#4351,#10184,#19048,.T.);
#19048 = LINE('',#19049,#19050);
#19049 = CARTESIAN_POINT('',(149.1855,-93.66136,-4.6E-02));
#19050 = VECTOR('',#19051,1.);
#19051 = DIRECTION('',(0.,0.,1.));
#19052 = ORIENTED_EDGE('',*,*,#10183,.F.);
#19053 = ORIENTED_EDGE('',*,*,#19047,.F.);
#19054 = CYLINDRICAL_SURFACE('',#19055,1.5);
#19055 = AXIS2_PLACEMENT_3D('',#19056,#19057,#19058);
#19056 = CARTESIAN_POINT('',(149.1855,-92.16136,-4.6E-02));
#19057 = DIRECTION('',(-0.,-0.,-1.));
#19058 = DIRECTION('',(-0.,-1.,0.));
#19059 = ADVANCED_FACE('',(#19060),#19071,.F.);
#19060 = FACE_BOUND('',#19061,.T.);
#19061 = EDGE_LOOP('',(#19062,#19063,#19069,#19070));
#19062 = ORIENTED_EDGE('',*,*,#4361,.T.);
#19063 = ORIENTED_EDGE('',*,*,#19064,.T.);
#19064 = EDGE_CURVE('',#4362,#10195,#19065,.T.);
#19065 = LINE('',#19066,#19067);
#19066 = CARTESIAN_POINT('',(168.2355,-93.66136,-4.6E-02));
#19067 = VECTOR('',#19068,1.);
#19068 = DIRECTION('',(0.,0.,1.));
#19069 = ORIENTED_EDGE('',*,*,#10194,.F.);
#19070 = ORIENTED_EDGE('',*,*,#19064,.F.);
#19071 = CYLINDRICAL_SURFACE('',#19072,1.5);
#19072 = AXIS2_PLACEMENT_3D('',#19073,#19074,#19075);
#19073 = CARTESIAN_POINT('',(168.2355,-92.16136,-4.6E-02));
#19074 = DIRECTION('',(-0.,-0.,-1.));
#19075 = DIRECTION('',(-0.,-1.,0.));
#19076 = ADVANCED_FACE('',(#19077),#19088,.F.);
#19077 = FACE_BOUND('',#19078,.T.);
#19078 = EDGE_LOOP('',(#19079,#19080,#19086,#19087));
#19079 = ORIENTED_EDGE('',*,*,#4372,.T.);
#19080 = ORIENTED_EDGE('',*,*,#19081,.T.);
#19081 = EDGE_CURVE('',#4373,#10206,#19082,.T.);
#19082 = LINE('',#19083,#19084);
#19083 = CARTESIAN_POINT('',(170.7755,-98.09226,-4.6E-02));
#19084 = VECTOR('',#19085,1.);
#19085 = DIRECTION('',(0.,0.,1.));
#19086 = ORIENTED_EDGE('',*,*,#10205,.F.);
#19087 = ORIENTED_EDGE('',*,*,#19081,.F.);
#19088 = CYLINDRICAL_SURFACE('',#19089,0.8509);
#19089 = AXIS2_PLACEMENT_3D('',#19090,#19091,#19092);
#19090 = CARTESIAN_POINT('',(170.7755,-97.24136,-4.6E-02));
#19091 = DIRECTION('',(-0.,-0.,-1.));
#19092 = DIRECTION('',(-0.,-1.,0.));
#19093 = ADVANCED_FACE('',(#19094),#19105,.F.);
#19094 = FACE_BOUND('',#19095,.T.);
#19095 = EDGE_LOOP('',(#19096,#19097,#19103,#19104));
#19096 = ORIENTED_EDGE('',*,*,#4383,.T.);
#19097 = ORIENTED_EDGE('',*,*,#19098,.T.);
#19098 = EDGE_CURVE('',#4384,#10217,#19099,.T.);
#19099 = LINE('',#19100,#19101);
#19100 = CARTESIAN_POINT('',(179.6655,-98.09226,-4.6E-02));
#19101 = VECTOR('',#19102,1.);
#19102 = DIRECTION('',(0.,0.,1.));
#19103 = ORIENTED_EDGE('',*,*,#10216,.F.);
#19104 = ORIENTED_EDGE('',*,*,#19098,.F.);
#19105 = CYLINDRICAL_SURFACE('',#19106,0.8509);
#19106 = AXIS2_PLACEMENT_3D('',#19107,#19108,#19109);
#19107 = CARTESIAN_POINT('',(179.6655,-97.24136,-4.6E-02));
#19108 = DIRECTION('',(-0.,-0.,-1.));
#19109 = DIRECTION('',(-0.,-1.,0.));
#19110 = ADVANCED_FACE('',(#19111),#19122,.F.);
#19111 = FACE_BOUND('',#19112,.T.);
#19112 = EDGE_LOOP('',(#19113,#19114,#19120,#19121));
#19113 = ORIENTED_EDGE('',*,*,#4394,.T.);
#19114 = ORIENTED_EDGE('',*,*,#19115,.T.);
#19115 = EDGE_CURVE('',#4395,#10228,#19116,.T.);
#19116 = LINE('',#19117,#19118);
#19117 = CARTESIAN_POINT('',(184.7455,-99.23526,-4.6E-02));
#19118 = VECTOR('',#19119,1.);
#19119 = DIRECTION('',(0.,0.,1.));
#19120 = ORIENTED_EDGE('',*,*,#10227,.F.);
#19121 = ORIENTED_EDGE('',*,*,#19115,.F.);
#19122 = CYLINDRICAL_SURFACE('',#19123,1.9939);
#19123 = AXIS2_PLACEMENT_3D('',#19124,#19125,#19126);
#19124 = CARTESIAN_POINT('',(184.7455,-97.24136,-4.6E-02));
#19125 = DIRECTION('',(-0.,-0.,-1.));
#19126 = DIRECTION('',(-0.,-1.,0.));
#19127 = ADVANCED_FACE('',(#19128),#19139,.F.);
#19128 = FACE_BOUND('',#19129,.T.);
#19129 = EDGE_LOOP('',(#19130,#19131,#19137,#19138));
#19130 = ORIENTED_EDGE('',*,*,#4405,.T.);
#19131 = ORIENTED_EDGE('',*,*,#19132,.T.);
#19132 = EDGE_CURVE('',#4406,#10239,#19133,.T.);
#19133 = LINE('',#19134,#19135);
#19134 = CARTESIAN_POINT('',(180.9355,-96.20136,-4.6E-02));
#19135 = VECTOR('',#19136,1.);
#19136 = DIRECTION('',(0.,0.,1.));
#19137 = ORIENTED_EDGE('',*,*,#10238,.F.);
#19138 = ORIENTED_EDGE('',*,*,#19132,.F.);
#19139 = CYLINDRICAL_SURFACE('',#19140,1.5);
#19140 = AXIS2_PLACEMENT_3D('',#19141,#19142,#19143);
#19141 = CARTESIAN_POINT('',(180.9355,-94.70136,-4.6E-02));
#19142 = DIRECTION('',(-0.,-0.,-1.));
#19143 = DIRECTION('',(-0.,-1.,0.));
#19144 = ADVANCED_FACE('',(#19145),#19156,.F.);
#19145 = FACE_BOUND('',#19146,.T.);
#19146 = EDGE_LOOP('',(#19147,#19148,#19154,#19155));
#19147 = ORIENTED_EDGE('',*,*,#4416,.T.);
#19148 = ORIENTED_EDGE('',*,*,#19149,.T.);
#19149 = EDGE_CURVE('',#4417,#10250,#19150,.T.);
#19150 = LINE('',#19151,#19152);
#19151 = CARTESIAN_POINT('',(189.8255,-98.09226,-4.6E-02));
#19152 = VECTOR('',#19153,1.);
#19153 = DIRECTION('',(0.,0.,1.));
#19154 = ORIENTED_EDGE('',*,*,#10249,.F.);
#19155 = ORIENTED_EDGE('',*,*,#19149,.F.);
#19156 = CYLINDRICAL_SURFACE('',#19157,0.8509);
#19157 = AXIS2_PLACEMENT_3D('',#19158,#19159,#19160);
#19158 = CARTESIAN_POINT('',(189.8255,-97.24136,-4.6E-02));
#19159 = DIRECTION('',(-0.,-0.,-1.));
#19160 = DIRECTION('',(-0.,-1.,0.));
#19161 = ADVANCED_FACE('',(#19162),#19173,.F.);
#19162 = FACE_BOUND('',#19163,.T.);
#19163 = EDGE_LOOP('',(#19164,#19165,#19171,#19172));
#19164 = ORIENTED_EDGE('',*,*,#4427,.T.);
#19165 = ORIENTED_EDGE('',*,*,#19166,.T.);
#19166 = EDGE_CURVE('',#4428,#10261,#19167,.T.);
#19167 = LINE('',#19168,#19169);
#19168 = CARTESIAN_POINT('',(198.7155,-98.09226,-4.6E-02));
#19169 = VECTOR('',#19170,1.);
#19170 = DIRECTION('',(0.,0.,1.));
#19171 = ORIENTED_EDGE('',*,*,#10260,.F.);
#19172 = ORIENTED_EDGE('',*,*,#19166,.F.);
#19173 = CYLINDRICAL_SURFACE('',#19174,0.8509);
#19174 = AXIS2_PLACEMENT_3D('',#19175,#19176,#19177);
#19175 = CARTESIAN_POINT('',(198.7155,-97.24136,-4.6E-02));
#19176 = DIRECTION('',(-0.,-0.,-1.));
#19177 = DIRECTION('',(-0.,-1.,0.));
#19178 = ADVANCED_FACE('',(#19179),#19190,.F.);
#19179 = FACE_BOUND('',#19180,.T.);
#19180 = EDGE_LOOP('',(#19181,#19182,#19188,#19189));
#19181 = ORIENTED_EDGE('',*,*,#4438,.T.);
#19182 = ORIENTED_EDGE('',*,*,#19183,.T.);
#19183 = EDGE_CURVE('',#4439,#10272,#19184,.T.);
#19184 = LINE('',#19185,#19186);
#19185 = CARTESIAN_POINT('',(199.9855,-96.20136,-4.6E-02));
#19186 = VECTOR('',#19187,1.);
#19187 = DIRECTION('',(0.,0.,1.));
#19188 = ORIENTED_EDGE('',*,*,#10271,.F.);
#19189 = ORIENTED_EDGE('',*,*,#19183,.F.);
#19190 = CYLINDRICAL_SURFACE('',#19191,1.5);
#19191 = AXIS2_PLACEMENT_3D('',#19192,#19193,#19194);
#19192 = CARTESIAN_POINT('',(199.9855,-94.70136,-4.6E-02));
#19193 = DIRECTION('',(-0.,-0.,-1.));
#19194 = DIRECTION('',(-0.,-1.,0.));
#19195 = ADVANCED_FACE('',(#19196),#19207,.F.);
#19196 = FACE_BOUND('',#19197,.T.);
#19197 = EDGE_LOOP('',(#19198,#19199,#19205,#19206));
#19198 = ORIENTED_EDGE('',*,*,#4449,.T.);
#19199 = ORIENTED_EDGE('',*,*,#19200,.T.);
#19200 = EDGE_CURVE('',#4450,#10283,#19201,.T.);
#19201 = LINE('',#19202,#19203);
#19202 = CARTESIAN_POINT('',(187.2855,-93.66136,-4.6E-02));
#19203 = VECTOR('',#19204,1.);
#19204 = DIRECTION('',(0.,0.,1.));
#19205 = ORIENTED_EDGE('',*,*,#10282,.F.);
#19206 = ORIENTED_EDGE('',*,*,#19200,.F.);
#19207 = CYLINDRICAL_SURFACE('',#19208,1.5);
#19208 = AXIS2_PLACEMENT_3D('',#19209,#19210,#19211);
#19209 = CARTESIAN_POINT('',(187.2855,-92.16136,-4.6E-02));
#19210 = DIRECTION('',(-0.,-0.,-1.));
#19211 = DIRECTION('',(-0.,-1.,0.));
#19212 = ADVANCED_FACE('',(#19213),#19224,.F.);
#19213 = FACE_BOUND('',#19214,.T.);
#19214 = EDGE_LOOP('',(#19215,#19216,#19222,#19223));
#19215 = ORIENTED_EDGE('',*,*,#4460,.T.);
#19216 = ORIENTED_EDGE('',*,*,#19217,.T.);
#19217 = EDGE_CURVE('',#4461,#10294,#19218,.T.);
#19218 = LINE('',#19219,#19220);
#19219 = CARTESIAN_POINT('',(213.003,-136.19226,-4.6E-02));
#19220 = VECTOR('',#19221,1.);
#19221 = DIRECTION('',(0.,0.,1.));
#19222 = ORIENTED_EDGE('',*,*,#10293,.F.);
#19223 = ORIENTED_EDGE('',*,*,#19217,.F.);
#19224 = CYLINDRICAL_SURFACE('',#19225,0.8509);
#19225 = AXIS2_PLACEMENT_3D('',#19226,#19227,#19228);
#19226 = CARTESIAN_POINT('',(213.003,-135.34136,-4.6E-02));
#19227 = DIRECTION('',(-0.,-0.,-1.));
#19228 = DIRECTION('',(-0.,-1.,0.));
#19229 = ADVANCED_FACE('',(#19230),#19241,.F.);
#19230 = FACE_BOUND('',#19231,.T.);
#19231 = EDGE_LOOP('',(#19232,#19233,#19239,#19240));
#19232 = ORIENTED_EDGE('',*,*,#4471,.T.);
#19233 = ORIENTED_EDGE('',*,*,#19234,.T.);
#19234 = EDGE_CURVE('',#4472,#10305,#19235,.T.);
#19235 = LINE('',#19236,#19237);
#19236 = CARTESIAN_POINT('',(214.273,-134.30136,-4.6E-02));
#19237 = VECTOR('',#19238,1.);
#19238 = DIRECTION('',(0.,0.,1.));
#19239 = ORIENTED_EDGE('',*,*,#10304,.F.);
#19240 = ORIENTED_EDGE('',*,*,#19234,.F.);
#19241 = CYLINDRICAL_SURFACE('',#19242,1.5);
#19242 = AXIS2_PLACEMENT_3D('',#19243,#19244,#19245);
#19243 = CARTESIAN_POINT('',(214.273,-132.80136,-4.6E-02));
#19244 = DIRECTION('',(-0.,-0.,-1.));
#19245 = DIRECTION('',(-0.,-1.,0.));
#19246 = ADVANCED_FACE('',(#19247),#19258,.F.);
#19247 = FACE_BOUND('',#19248,.T.);
#19248 = EDGE_LOOP('',(#19249,#19250,#19256,#19257));
#19249 = ORIENTED_EDGE('',*,*,#4482,.T.);
#19250 = ORIENTED_EDGE('',*,*,#19251,.T.);
#19251 = EDGE_CURVE('',#4483,#10316,#19252,.T.);
#19252 = LINE('',#19253,#19254);
#19253 = CARTESIAN_POINT('',(233.323,-134.30136,-4.6E-02));
#19254 = VECTOR('',#19255,1.);
#19255 = DIRECTION('',(0.,0.,1.));
#19256 = ORIENTED_EDGE('',*,*,#10315,.F.);
#19257 = ORIENTED_EDGE('',*,*,#19251,.F.);
#19258 = CYLINDRICAL_SURFACE('',#19259,1.5);
#19259 = AXIS2_PLACEMENT_3D('',#19260,#19261,#19262);
#19260 = CARTESIAN_POINT('',(233.323,-132.80136,-4.6E-02));
#19261 = DIRECTION('',(-0.,-0.,-1.));
#19262 = DIRECTION('',(-0.,-1.,0.));
#19263 = ADVANCED_FACE('',(#19264),#19275,.F.);
#19264 = FACE_BOUND('',#19265,.T.);
#19265 = EDGE_LOOP('',(#19266,#19267,#19273,#19274));
#19266 = ORIENTED_EDGE('',*,*,#4493,.T.);
#19267 = ORIENTED_EDGE('',*,*,#19268,.T.);
#19268 = EDGE_CURVE('',#4494,#10327,#19269,.T.);
#19269 = LINE('',#19270,#19271);
#19270 = CARTESIAN_POINT('',(220.623,-131.76136,-4.6E-02));
#19271 = VECTOR('',#19272,1.);
#19272 = DIRECTION('',(0.,0.,1.));
#19273 = ORIENTED_EDGE('',*,*,#10326,.F.);
#19274 = ORIENTED_EDGE('',*,*,#19268,.F.);
#19275 = CYLINDRICAL_SURFACE('',#19276,1.5);
#19276 = AXIS2_PLACEMENT_3D('',#19277,#19278,#19279);
#19277 = CARTESIAN_POINT('',(220.623,-130.26136,-4.6E-02));
#19278 = DIRECTION('',(-0.,-0.,-1.));
#19279 = DIRECTION('',(-0.,-1.,0.));
#19280 = ADVANCED_FACE('',(#19281),#19292,.F.);
#19281 = FACE_BOUND('',#19282,.T.);
#19282 = EDGE_LOOP('',(#19283,#19284,#19290,#19291));
#19283 = ORIENTED_EDGE('',*,*,#4504,.T.);
#19284 = ORIENTED_EDGE('',*,*,#19285,.T.);
#19285 = EDGE_CURVE('',#4505,#10338,#19286,.T.);
#19286 = LINE('',#19287,#19288);
#19287 = CARTESIAN_POINT('',(228.12,-128.1,-4.6E-02));
#19288 = VECTOR('',#19289,1.);
#19289 = DIRECTION('',(0.,0.,1.));
#19290 = ORIENTED_EDGE('',*,*,#10337,.F.);
#19291 = ORIENTED_EDGE('',*,*,#19285,.F.);
#19292 = CYLINDRICAL_SURFACE('',#19293,1.1);
#19293 = AXIS2_PLACEMENT_3D('',#19294,#19295,#19296);
#19294 = CARTESIAN_POINT('',(228.12,-127.,-4.6E-02));
#19295 = DIRECTION('',(-0.,-0.,-1.));
#19296 = DIRECTION('',(-0.,-1.,0.));
#19297 = ADVANCED_FACE('',(#19298),#19309,.F.);
#19298 = FACE_BOUND('',#19299,.T.);
#19299 = EDGE_LOOP('',(#19300,#19301,#19307,#19308));
#19300 = ORIENTED_EDGE('',*,*,#4515,.T.);
#19301 = ORIENTED_EDGE('',*,*,#19302,.T.);
#19302 = EDGE_CURVE('',#4516,#10349,#19303,.T.);
#19303 = LINE('',#19304,#19305);
#19304 = CARTESIAN_POINT('',(252.373,-134.30136,-4.6E-02));
#19305 = VECTOR('',#19306,1.);
#19306 = DIRECTION('',(0.,0.,1.));
#19307 = ORIENTED_EDGE('',*,*,#10348,.F.);
#19308 = ORIENTED_EDGE('',*,*,#19302,.F.);
#19309 = CYLINDRICAL_SURFACE('',#19310,1.5);
#19310 = AXIS2_PLACEMENT_3D('',#19311,#19312,#19313);
#19311 = CARTESIAN_POINT('',(252.373,-132.80136,-4.6E-02));
#19312 = DIRECTION('',(-0.,-0.,-1.));
#19313 = DIRECTION('',(-0.,-1.,0.));
#19314 = ADVANCED_FACE('',(#19315),#19326,.F.);
#19315 = FACE_BOUND('',#19316,.T.);
#19316 = EDGE_LOOP('',(#19317,#19318,#19324,#19325));
#19317 = ORIENTED_EDGE('',*,*,#4526,.T.);
#19318 = ORIENTED_EDGE('',*,*,#19319,.T.);
#19319 = EDGE_CURVE('',#4527,#10360,#19320,.T.);
#19320 = LINE('',#19321,#19322);
#19321 = CARTESIAN_POINT('',(239.673,-131.76136,-4.6E-02));
#19322 = VECTOR('',#19323,1.);
#19323 = DIRECTION('',(0.,0.,1.));
#19324 = ORIENTED_EDGE('',*,*,#10359,.F.);
#19325 = ORIENTED_EDGE('',*,*,#19319,.F.);
#19326 = CYLINDRICAL_SURFACE('',#19327,1.5);
#19327 = AXIS2_PLACEMENT_3D('',#19328,#19329,#19330);
#19328 = CARTESIAN_POINT('',(239.673,-130.26136,-4.6E-02));
#19329 = DIRECTION('',(-0.,-0.,-1.));
#19330 = DIRECTION('',(-0.,-1.,0.));
#19331 = ADVANCED_FACE('',(#19332),#19343,.F.);
#19332 = FACE_BOUND('',#19333,.T.);
#19333 = EDGE_LOOP('',(#19334,#19335,#19341,#19342));
#19334 = ORIENTED_EDGE('',*,*,#4537,.T.);
#19335 = ORIENTED_EDGE('',*,*,#19336,.T.);
#19336 = EDGE_CURVE('',#4538,#10371,#19337,.T.);
#19337 = LINE('',#19338,#19339);
#19338 = CARTESIAN_POINT('',(271.423,-134.30136,-4.6E-02));
#19339 = VECTOR('',#19340,1.);
#19340 = DIRECTION('',(0.,0.,1.));
#19341 = ORIENTED_EDGE('',*,*,#10370,.F.);
#19342 = ORIENTED_EDGE('',*,*,#19336,.F.);
#19343 = CYLINDRICAL_SURFACE('',#19344,1.5);
#19344 = AXIS2_PLACEMENT_3D('',#19345,#19346,#19347);
#19345 = CARTESIAN_POINT('',(271.423,-132.80136,-4.6E-02));
#19346 = DIRECTION('',(-0.,-0.,-1.));
#19347 = DIRECTION('',(-0.,-1.,0.));
#19348 = ADVANCED_FACE('',(#19349),#19360,.F.);
#19349 = FACE_BOUND('',#19350,.T.);
#19350 = EDGE_LOOP('',(#19351,#19352,#19358,#19359));
#19351 = ORIENTED_EDGE('',*,*,#4548,.T.);
#19352 = ORIENTED_EDGE('',*,*,#19353,.T.);
#19353 = EDGE_CURVE('',#4549,#10382,#19354,.T.);
#19354 = LINE('',#19355,#19356);
#19355 = CARTESIAN_POINT('',(258.723,-131.76136,-4.6E-02));
#19356 = VECTOR('',#19357,1.);
#19357 = DIRECTION('',(0.,0.,1.));
#19358 = ORIENTED_EDGE('',*,*,#10381,.F.);
#19359 = ORIENTED_EDGE('',*,*,#19353,.F.);
#19360 = CYLINDRICAL_SURFACE('',#19361,1.5);
#19361 = AXIS2_PLACEMENT_3D('',#19362,#19363,#19364);
#19362 = CARTESIAN_POINT('',(258.723,-130.26136,-4.6E-02));
#19363 = DIRECTION('',(-0.,-0.,-1.));
#19364 = DIRECTION('',(-0.,-1.,0.));
#19365 = ADVANCED_FACE('',(#19366),#19382,.T.);
#19366 = FACE_BOUND('',#19367,.T.);
#19367 = EDGE_LOOP('',(#19368,#19374,#19375,#19381));
#19368 = ORIENTED_EDGE('',*,*,#19369,.T.);
#19369 = EDGE_CURVE('',#4560,#10393,#19370,.T.);
#19370 = LINE('',#19371,#19372);
#19371 = CARTESIAN_POINT('',(211.6205,-123.29136,0.));
#19372 = VECTOR('',#19373,1.);
#19373 = DIRECTION('',(0.,0.,1.));
#19374 = ORIENTED_EDGE('',*,*,#10392,.T.);
#19375 = ORIENTED_EDGE('',*,*,#19376,.F.);
#19376 = EDGE_CURVE('',#4562,#10395,#19377,.T.);
#19377 = LINE('',#19378,#19379);
#19378 = CARTESIAN_POINT('',(215.0205,-123.29136,0.));
#19379 = VECTOR('',#19380,1.);
#19380 = DIRECTION('',(0.,0.,1.));
#19381 = ORIENTED_EDGE('',*,*,#4559,.F.);
#19382 = PLANE('',#19383);
#19383 = AXIS2_PLACEMENT_3D('',#19384,#19385,#19386);
#19384 = CARTESIAN_POINT('',(211.6205,-123.29136,0.));
#19385 = DIRECTION('',(0.,1.,0.));
#19386 = DIRECTION('',(1.,0.,0.));
#19387 = ADVANCED_FACE('',(#19388),#19399,.T.);
#19388 = FACE_BOUND('',#19389,.T.);
#19389 = EDGE_LOOP('',(#19390,#19396,#19397,#19398));
#19390 = ORIENTED_EDGE('',*,*,#19391,.T.);
#19391 = EDGE_CURVE('',#4570,#10403,#19392,.T.);
#19392 = LINE('',#19393,#19394);
#19393 = CARTESIAN_POINT('',(211.6205,-120.29136,0.));
#19394 = VECTOR('',#19395,1.);
#19395 = DIRECTION('',(0.,0.,1.));
#19396 = ORIENTED_EDGE('',*,*,#10402,.T.);
#19397 = ORIENTED_EDGE('',*,*,#19369,.F.);
#19398 = ORIENTED_EDGE('',*,*,#4569,.F.);
#19399 = PLANE('',#19400);
#19400 = AXIS2_PLACEMENT_3D('',#19401,#19402,#19403);
#19401 = CARTESIAN_POINT('',(211.6205,-120.29136,0.));
#19402 = DIRECTION('',(1.,0.,-0.));
#19403 = DIRECTION('',(0.,-1.,0.));
#19404 = ADVANCED_FACE('',(#19405),#19416,.T.);
#19405 = FACE_BOUND('',#19406,.T.);
#19406 = EDGE_LOOP('',(#19407,#19408,#19409,#19415));
#19407 = ORIENTED_EDGE('',*,*,#19376,.T.);
#19408 = ORIENTED_EDGE('',*,*,#10418,.T.);
#19409 = ORIENTED_EDGE('',*,*,#19410,.F.);
#19410 = EDGE_CURVE('',#4578,#10411,#19411,.T.);
#19411 = LINE('',#19412,#19413);
#19412 = CARTESIAN_POINT('',(215.0205,-120.29136,0.));
#19413 = VECTOR('',#19414,1.);
#19414 = DIRECTION('',(0.,0.,1.));
#19415 = ORIENTED_EDGE('',*,*,#4585,.F.);
#19416 = PLANE('',#19417);
#19417 = AXIS2_PLACEMENT_3D('',#19418,#19419,#19420);
#19418 = CARTESIAN_POINT('',(215.0205,-123.29136,0.));
#19419 = DIRECTION('',(-1.,0.,0.));
#19420 = DIRECTION('',(0.,1.,0.));
#19421 = ADVANCED_FACE('',(#19422),#19428,.T.);
#19422 = FACE_BOUND('',#19423,.T.);
#19423 = EDGE_LOOP('',(#19424,#19425,#19426,#19427));
#19424 = ORIENTED_EDGE('',*,*,#19410,.T.);
#19425 = ORIENTED_EDGE('',*,*,#10410,.T.);
#19426 = ORIENTED_EDGE('',*,*,#19391,.F.);
#19427 = ORIENTED_EDGE('',*,*,#4577,.F.);
#19428 = PLANE('',#19429);
#19429 = AXIS2_PLACEMENT_3D('',#19430,#19431,#19432);
#19430 = CARTESIAN_POINT('',(215.0205,-120.29136,0.));
#19431 = DIRECTION('',(0.,-1.,0.));
#19432 = DIRECTION('',(-1.,0.,0.));
#19433 = ADVANCED_FACE('',(#19434),#19450,.T.);
#19434 = FACE_BOUND('',#19435,.T.);
#19435 = EDGE_LOOP('',(#19436,#19442,#19443,#19449));
#19436 = ORIENTED_EDGE('',*,*,#19437,.T.);
#19437 = EDGE_CURVE('',#4594,#10427,#19438,.T.);
#19438 = LINE('',#19439,#19440);
#19439 = CARTESIAN_POINT('',(230.6705,-123.29136,0.));
#19440 = VECTOR('',#19441,1.);
#19441 = DIRECTION('',(0.,0.,1.));
#19442 = ORIENTED_EDGE('',*,*,#10426,.T.);
#19443 = ORIENTED_EDGE('',*,*,#19444,.F.);
#19444 = EDGE_CURVE('',#4596,#10429,#19445,.T.);
#19445 = LINE('',#19446,#19447);
#19446 = CARTESIAN_POINT('',(234.0705,-123.29136,0.));
#19447 = VECTOR('',#19448,1.);
#19448 = DIRECTION('',(0.,0.,1.));
#19449 = ORIENTED_EDGE('',*,*,#4593,.F.);
#19450 = PLANE('',#19451);
#19451 = AXIS2_PLACEMENT_3D('',#19452,#19453,#19454);
#19452 = CARTESIAN_POINT('',(230.6705,-123.29136,0.));
#19453 = DIRECTION('',(0.,1.,0.));
#19454 = DIRECTION('',(1.,0.,0.));
#19455 = ADVANCED_FACE('',(#19456),#19467,.T.);
#19456 = FACE_BOUND('',#19457,.T.);
#19457 = EDGE_LOOP('',(#19458,#19464,#19465,#19466));
#19458 = ORIENTED_EDGE('',*,*,#19459,.T.);
#19459 = EDGE_CURVE('',#4604,#10437,#19460,.T.);
#19460 = LINE('',#19461,#19462);
#19461 = CARTESIAN_POINT('',(230.6705,-120.29136,0.));
#19462 = VECTOR('',#19463,1.);
#19463 = DIRECTION('',(0.,0.,1.));
#19464 = ORIENTED_EDGE('',*,*,#10436,.T.);
#19465 = ORIENTED_EDGE('',*,*,#19437,.F.);
#19466 = ORIENTED_EDGE('',*,*,#4603,.F.);
#19467 = PLANE('',#19468);
#19468 = AXIS2_PLACEMENT_3D('',#19469,#19470,#19471);
#19469 = CARTESIAN_POINT('',(230.6705,-120.29136,0.));
#19470 = DIRECTION('',(1.,0.,-0.));
#19471 = DIRECTION('',(0.,-1.,0.));
#19472 = ADVANCED_FACE('',(#19473),#19484,.T.);
#19473 = FACE_BOUND('',#19474,.T.);
#19474 = EDGE_LOOP('',(#19475,#19476,#19477,#19483));
#19475 = ORIENTED_EDGE('',*,*,#19444,.T.);
#19476 = ORIENTED_EDGE('',*,*,#10452,.T.);
#19477 = ORIENTED_EDGE('',*,*,#19478,.F.);
#19478 = EDGE_CURVE('',#4612,#10445,#19479,.T.);
#19479 = LINE('',#19480,#19481);
#19480 = CARTESIAN_POINT('',(234.0705,-120.29136,0.));
#19481 = VECTOR('',#19482,1.);
#19482 = DIRECTION('',(0.,0.,1.));
#19483 = ORIENTED_EDGE('',*,*,#4619,.F.);
#19484 = PLANE('',#19485);
#19485 = AXIS2_PLACEMENT_3D('',#19486,#19487,#19488);
#19486 = CARTESIAN_POINT('',(234.0705,-123.29136,0.));
#19487 = DIRECTION('',(-1.,0.,0.));
#19488 = DIRECTION('',(0.,1.,0.));
#19489 = ADVANCED_FACE('',(#19490),#19496,.T.);
#19490 = FACE_BOUND('',#19491,.T.);
#19491 = EDGE_LOOP('',(#19492,#19493,#19494,#19495));
#19492 = ORIENTED_EDGE('',*,*,#19478,.T.);
#19493 = ORIENTED_EDGE('',*,*,#10444,.T.);
#19494 = ORIENTED_EDGE('',*,*,#19459,.F.);
#19495 = ORIENTED_EDGE('',*,*,#4611,.F.);
#19496 = PLANE('',#19497);
#19497 = AXIS2_PLACEMENT_3D('',#19498,#19499,#19500);
#19498 = CARTESIAN_POINT('',(234.0705,-120.29136,0.));
#19499 = DIRECTION('',(0.,-1.,0.));
#19500 = DIRECTION('',(-1.,0.,0.));
#19501 = ADVANCED_FACE('',(#19502),#19513,.F.);
#19502 = FACE_BOUND('',#19503,.T.);
#19503 = EDGE_LOOP('',(#19504,#19505,#19511,#19512));
#19504 = ORIENTED_EDGE('',*,*,#4627,.T.);
#19505 = ORIENTED_EDGE('',*,*,#19506,.T.);
#19506 = EDGE_CURVE('',#4628,#10461,#19507,.T.);
#19507 = LINE('',#19508,#19509);
#19508 = CARTESIAN_POINT('',(208.2405,-117.14226,-4.6E-02));
#19509 = VECTOR('',#19510,1.);
#19510 = DIRECTION('',(0.,0.,1.));
#19511 = ORIENTED_EDGE('',*,*,#10460,.F.);
#19512 = ORIENTED_EDGE('',*,*,#19506,.F.);
#19513 = CYLINDRICAL_SURFACE('',#19514,0.8509);
#19514 = AXIS2_PLACEMENT_3D('',#19515,#19516,#19517);
#19515 = CARTESIAN_POINT('',(208.2405,-116.29136,-4.6E-02));
#19516 = DIRECTION('',(-0.,-0.,-1.));
#19517 = DIRECTION('',(-0.,-1.,0.));
#19518 = ADVANCED_FACE('',(#19519),#19530,.F.);
#19519 = FACE_BOUND('',#19520,.T.);
#19520 = EDGE_LOOP('',(#19521,#19522,#19528,#19529));
#19521 = ORIENTED_EDGE('',*,*,#4638,.T.);
#19522 = ORIENTED_EDGE('',*,*,#19523,.T.);
#19523 = EDGE_CURVE('',#4639,#10472,#19524,.T.);
#19524 = LINE('',#19525,#19526);
#19525 = CARTESIAN_POINT('',(213.3205,-118.28526,-4.6E-02));
#19526 = VECTOR('',#19527,1.);
#19527 = DIRECTION('',(0.,0.,1.));
#19528 = ORIENTED_EDGE('',*,*,#10471,.F.);
#19529 = ORIENTED_EDGE('',*,*,#19523,.F.);
#19530 = CYLINDRICAL_SURFACE('',#19531,1.9939);
#19531 = AXIS2_PLACEMENT_3D('',#19532,#19533,#19534);
#19532 = CARTESIAN_POINT('',(213.3205,-116.29136,-4.6E-02));
#19533 = DIRECTION('',(-0.,-0.,-1.));
#19534 = DIRECTION('',(-0.,-1.,0.));
#19535 = ADVANCED_FACE('',(#19536),#19547,.F.);
#19536 = FACE_BOUND('',#19537,.T.);
#19537 = EDGE_LOOP('',(#19538,#19539,#19545,#19546));
#19538 = ORIENTED_EDGE('',*,*,#4649,.T.);
#19539 = ORIENTED_EDGE('',*,*,#19540,.T.);
#19540 = EDGE_CURVE('',#4650,#10483,#19541,.T.);
#19541 = LINE('',#19542,#19543);
#19542 = CARTESIAN_POINT('',(218.4005,-117.14226,-4.6E-02));
#19543 = VECTOR('',#19544,1.);
#19544 = DIRECTION('',(0.,0.,1.));
#19545 = ORIENTED_EDGE('',*,*,#10482,.F.);
#19546 = ORIENTED_EDGE('',*,*,#19540,.F.);
#19547 = CYLINDRICAL_SURFACE('',#19548,0.8509);
#19548 = AXIS2_PLACEMENT_3D('',#19549,#19550,#19551);
#19549 = CARTESIAN_POINT('',(218.4005,-116.29136,-4.6E-02));
#19550 = DIRECTION('',(-0.,-0.,-1.));
#19551 = DIRECTION('',(-0.,-1.,0.));
#19552 = ADVANCED_FACE('',(#19553),#19564,.F.);
#19553 = FACE_BOUND('',#19554,.T.);
#19554 = EDGE_LOOP('',(#19555,#19556,#19562,#19563));
#19555 = ORIENTED_EDGE('',*,*,#4660,.T.);
#19556 = ORIENTED_EDGE('',*,*,#19557,.T.);
#19557 = EDGE_CURVE('',#4661,#10494,#19558,.T.);
#19558 = LINE('',#19559,#19560);
#19559 = CARTESIAN_POINT('',(209.5105,-115.25136,-4.6E-02));
#19560 = VECTOR('',#19561,1.);
#19561 = DIRECTION('',(0.,0.,1.));
#19562 = ORIENTED_EDGE('',*,*,#10493,.F.);
#19563 = ORIENTED_EDGE('',*,*,#19557,.F.);
#19564 = CYLINDRICAL_SURFACE('',#19565,1.5);
#19565 = AXIS2_PLACEMENT_3D('',#19566,#19567,#19568);
#19566 = CARTESIAN_POINT('',(209.5105,-113.75136,-4.6E-02));
#19567 = DIRECTION('',(-0.,-0.,-1.));
#19568 = DIRECTION('',(-0.,-1.,0.));
#19569 = ADVANCED_FACE('',(#19570),#19581,.F.);
#19570 = FACE_BOUND('',#19571,.T.);
#19571 = EDGE_LOOP('',(#19572,#19573,#19579,#19580));
#19572 = ORIENTED_EDGE('',*,*,#4671,.T.);
#19573 = ORIENTED_EDGE('',*,*,#19574,.T.);
#19574 = EDGE_CURVE('',#4672,#10505,#19575,.T.);
#19575 = LINE('',#19576,#19577);
#19576 = CARTESIAN_POINT('',(227.2905,-117.14226,-4.6E-02));
#19577 = VECTOR('',#19578,1.);
#19578 = DIRECTION('',(0.,0.,1.));
#19579 = ORIENTED_EDGE('',*,*,#10504,.F.);
#19580 = ORIENTED_EDGE('',*,*,#19574,.F.);
#19581 = CYLINDRICAL_SURFACE('',#19582,0.8509);
#19582 = AXIS2_PLACEMENT_3D('',#19583,#19584,#19585);
#19583 = CARTESIAN_POINT('',(227.2905,-116.29136,-4.6E-02));
#19584 = DIRECTION('',(-0.,-0.,-1.));
#19585 = DIRECTION('',(-0.,-1.,0.));
#19586 = ADVANCED_FACE('',(#19587),#19598,.F.);
#19587 = FACE_BOUND('',#19588,.T.);
#19588 = EDGE_LOOP('',(#19589,#19590,#19596,#19597));
#19589 = ORIENTED_EDGE('',*,*,#4682,.T.);
#19590 = ORIENTED_EDGE('',*,*,#19591,.T.);
#19591 = EDGE_CURVE('',#4683,#10516,#19592,.T.);
#19592 = LINE('',#19593,#19594);
#19593 = CARTESIAN_POINT('',(232.3705,-118.28526,-4.6E-02));
#19594 = VECTOR('',#19595,1.);
#19595 = DIRECTION('',(0.,0.,1.));
#19596 = ORIENTED_EDGE('',*,*,#10515,.F.);
#19597 = ORIENTED_EDGE('',*,*,#19591,.F.);
#19598 = CYLINDRICAL_SURFACE('',#19599,1.9939);
#19599 = AXIS2_PLACEMENT_3D('',#19600,#19601,#19602);
#19600 = CARTESIAN_POINT('',(232.3705,-116.29136,-4.6E-02));
#19601 = DIRECTION('',(-0.,-0.,-1.));
#19602 = DIRECTION('',(-0.,-1.,0.));
#19603 = ADVANCED_FACE('',(#19604),#19615,.F.);
#19604 = FACE_BOUND('',#19605,.T.);
#19605 = EDGE_LOOP('',(#19606,#19607,#19613,#19614));
#19606 = ORIENTED_EDGE('',*,*,#4693,.T.);
#19607 = ORIENTED_EDGE('',*,*,#19608,.T.);
#19608 = EDGE_CURVE('',#4694,#10527,#19609,.T.);
#19609 = LINE('',#19610,#19611);
#19610 = CARTESIAN_POINT('',(237.4505,-117.14226,-4.6E-02));
#19611 = VECTOR('',#19612,1.);
#19612 = DIRECTION('',(0.,0.,1.));
#19613 = ORIENTED_EDGE('',*,*,#10526,.F.);
#19614 = ORIENTED_EDGE('',*,*,#19608,.F.);
#19615 = CYLINDRICAL_SURFACE('',#19616,0.8509);
#19616 = AXIS2_PLACEMENT_3D('',#19617,#19618,#19619);
#19617 = CARTESIAN_POINT('',(237.4505,-116.29136,-4.6E-02));
#19618 = DIRECTION('',(-0.,-0.,-1.));
#19619 = DIRECTION('',(-0.,-1.,0.));
#19620 = ADVANCED_FACE('',(#19621),#19632,.F.);
#19621 = FACE_BOUND('',#19622,.T.);
#19622 = EDGE_LOOP('',(#19623,#19624,#19630,#19631));
#19623 = ORIENTED_EDGE('',*,*,#4704,.T.);
#19624 = ORIENTED_EDGE('',*,*,#19625,.T.);
#19625 = EDGE_CURVE('',#4705,#10538,#19626,.T.);
#19626 = LINE('',#19627,#19628);
#19627 = CARTESIAN_POINT('',(228.5605,-115.25136,-4.6E-02));
#19628 = VECTOR('',#19629,1.);
#19629 = DIRECTION('',(0.,0.,1.));
#19630 = ORIENTED_EDGE('',*,*,#10537,.F.);
#19631 = ORIENTED_EDGE('',*,*,#19625,.F.);
#19632 = CYLINDRICAL_SURFACE('',#19633,1.5);
#19633 = AXIS2_PLACEMENT_3D('',#19634,#19635,#19636);
#19634 = CARTESIAN_POINT('',(228.5605,-113.75136,-4.6E-02));
#19635 = DIRECTION('',(-0.,-0.,-1.));
#19636 = DIRECTION('',(-0.,-1.,0.));
#19637 = ADVANCED_FACE('',(#19638),#19654,.T.);
#19638 = FACE_BOUND('',#19639,.T.);
#19639 = EDGE_LOOP('',(#19640,#19646,#19647,#19653));
#19640 = ORIENTED_EDGE('',*,*,#19641,.T.);
#19641 = EDGE_CURVE('',#4716,#10549,#19642,.T.);
#19642 = LINE('',#19643,#19644);
#19643 = CARTESIAN_POINT('',(249.7205,-123.29136,0.));
#19644 = VECTOR('',#19645,1.);
#19645 = DIRECTION('',(0.,0.,1.));
#19646 = ORIENTED_EDGE('',*,*,#10548,.T.);
#19647 = ORIENTED_EDGE('',*,*,#19648,.F.);
#19648 = EDGE_CURVE('',#4718,#10551,#19649,.T.);
#19649 = LINE('',#19650,#19651);
#19650 = CARTESIAN_POINT('',(253.1205,-123.29136,0.));
#19651 = VECTOR('',#19652,1.);
#19652 = DIRECTION('',(0.,0.,1.));
#19653 = ORIENTED_EDGE('',*,*,#4715,.F.);
#19654 = PLANE('',#19655);
#19655 = AXIS2_PLACEMENT_3D('',#19656,#19657,#19658);
#19656 = CARTESIAN_POINT('',(249.7205,-123.29136,0.));
#19657 = DIRECTION('',(0.,1.,0.));
#19658 = DIRECTION('',(1.,0.,0.));
#19659 = ADVANCED_FACE('',(#19660),#19671,.T.);
#19660 = FACE_BOUND('',#19661,.T.);
#19661 = EDGE_LOOP('',(#19662,#19668,#19669,#19670));
#19662 = ORIENTED_EDGE('',*,*,#19663,.T.);
#19663 = EDGE_CURVE('',#4726,#10559,#19664,.T.);
#19664 = LINE('',#19665,#19666);
#19665 = CARTESIAN_POINT('',(249.7205,-120.29136,0.));
#19666 = VECTOR('',#19667,1.);
#19667 = DIRECTION('',(0.,0.,1.));
#19668 = ORIENTED_EDGE('',*,*,#10558,.T.);
#19669 = ORIENTED_EDGE('',*,*,#19641,.F.);
#19670 = ORIENTED_EDGE('',*,*,#4725,.F.);
#19671 = PLANE('',#19672);
#19672 = AXIS2_PLACEMENT_3D('',#19673,#19674,#19675);
#19673 = CARTESIAN_POINT('',(249.7205,-120.29136,0.));
#19674 = DIRECTION('',(1.,0.,-0.));
#19675 = DIRECTION('',(0.,-1.,0.));
#19676 = ADVANCED_FACE('',(#19677),#19688,.T.);
#19677 = FACE_BOUND('',#19678,.T.);
#19678 = EDGE_LOOP('',(#19679,#19680,#19681,#19687));
#19679 = ORIENTED_EDGE('',*,*,#19648,.T.);
#19680 = ORIENTED_EDGE('',*,*,#10574,.T.);
#19681 = ORIENTED_EDGE('',*,*,#19682,.F.);
#19682 = EDGE_CURVE('',#4734,#10567,#19683,.T.);
#19683 = LINE('',#19684,#19685);
#19684 = CARTESIAN_POINT('',(253.1205,-120.29136,0.));
#19685 = VECTOR('',#19686,1.);
#19686 = DIRECTION('',(0.,0.,1.));
#19687 = ORIENTED_EDGE('',*,*,#4741,.F.);
#19688 = PLANE('',#19689);
#19689 = AXIS2_PLACEMENT_3D('',#19690,#19691,#19692);
#19690 = CARTESIAN_POINT('',(253.1205,-123.29136,0.));
#19691 = DIRECTION('',(-1.,0.,0.));
#19692 = DIRECTION('',(0.,1.,0.));
#19693 = ADVANCED_FACE('',(#19694),#19700,.T.);
#19694 = FACE_BOUND('',#19695,.T.);
#19695 = EDGE_LOOP('',(#19696,#19697,#19698,#19699));
#19696 = ORIENTED_EDGE('',*,*,#19682,.T.);
#19697 = ORIENTED_EDGE('',*,*,#10566,.T.);
#19698 = ORIENTED_EDGE('',*,*,#19663,.F.);
#19699 = ORIENTED_EDGE('',*,*,#4733,.F.);
#19700 = PLANE('',#19701);
#19701 = AXIS2_PLACEMENT_3D('',#19702,#19703,#19704);
#19702 = CARTESIAN_POINT('',(253.1205,-120.29136,0.));
#19703 = DIRECTION('',(0.,-1.,0.));
#19704 = DIRECTION('',(-1.,0.,0.));
#19705 = ADVANCED_FACE('',(#19706),#19722,.T.);
#19706 = FACE_BOUND('',#19707,.T.);
#19707 = EDGE_LOOP('',(#19708,#19714,#19715,#19721));
#19708 = ORIENTED_EDGE('',*,*,#19709,.T.);
#19709 = EDGE_CURVE('',#4750,#10583,#19710,.T.);
#19710 = LINE('',#19711,#19712);
#19711 = CARTESIAN_POINT('',(268.7705,-123.29136,0.));
#19712 = VECTOR('',#19713,1.);
#19713 = DIRECTION('',(0.,0.,1.));
#19714 = ORIENTED_EDGE('',*,*,#10582,.T.);
#19715 = ORIENTED_EDGE('',*,*,#19716,.F.);
#19716 = EDGE_CURVE('',#4752,#10585,#19717,.T.);
#19717 = LINE('',#19718,#19719);
#19718 = CARTESIAN_POINT('',(272.1705,-123.29136,0.));
#19719 = VECTOR('',#19720,1.);
#19720 = DIRECTION('',(0.,0.,1.));
#19721 = ORIENTED_EDGE('',*,*,#4749,.F.);
#19722 = PLANE('',#19723);
#19723 = AXIS2_PLACEMENT_3D('',#19724,#19725,#19726);
#19724 = CARTESIAN_POINT('',(268.7705,-123.29136,0.));
#19725 = DIRECTION('',(0.,1.,0.));
#19726 = DIRECTION('',(1.,0.,0.));
#19727 = ADVANCED_FACE('',(#19728),#19739,.T.);
#19728 = FACE_BOUND('',#19729,.T.);
#19729 = EDGE_LOOP('',(#19730,#19736,#19737,#19738));
#19730 = ORIENTED_EDGE('',*,*,#19731,.T.);
#19731 = EDGE_CURVE('',#4760,#10593,#19732,.T.);
#19732 = LINE('',#19733,#19734);
#19733 = CARTESIAN_POINT('',(268.7705,-120.29136,0.));
#19734 = VECTOR('',#19735,1.);
#19735 = DIRECTION('',(0.,0.,1.));
#19736 = ORIENTED_EDGE('',*,*,#10592,.T.);
#19737 = ORIENTED_EDGE('',*,*,#19709,.F.);
#19738 = ORIENTED_EDGE('',*,*,#4759,.F.);
#19739 = PLANE('',#19740);
#19740 = AXIS2_PLACEMENT_3D('',#19741,#19742,#19743);
#19741 = CARTESIAN_POINT('',(268.7705,-120.29136,0.));
#19742 = DIRECTION('',(1.,0.,-0.));
#19743 = DIRECTION('',(0.,-1.,0.));
#19744 = ADVANCED_FACE('',(#19745),#19756,.T.);
#19745 = FACE_BOUND('',#19746,.T.);
#19746 = EDGE_LOOP('',(#19747,#19748,#19749,#19755));
#19747 = ORIENTED_EDGE('',*,*,#19716,.T.);
#19748 = ORIENTED_EDGE('',*,*,#10608,.T.);
#19749 = ORIENTED_EDGE('',*,*,#19750,.F.);
#19750 = EDGE_CURVE('',#4768,#10601,#19751,.T.);
#19751 = LINE('',#19752,#19753);
#19752 = CARTESIAN_POINT('',(272.1705,-120.29136,0.));
#19753 = VECTOR('',#19754,1.);
#19754 = DIRECTION('',(0.,0.,1.));
#19755 = ORIENTED_EDGE('',*,*,#4775,.F.);
#19756 = PLANE('',#19757);
#19757 = AXIS2_PLACEMENT_3D('',#19758,#19759,#19760);
#19758 = CARTESIAN_POINT('',(272.1705,-123.29136,0.));
#19759 = DIRECTION('',(-1.,0.,0.));
#19760 = DIRECTION('',(0.,1.,0.));
#19761 = ADVANCED_FACE('',(#19762),#19768,.T.);
#19762 = FACE_BOUND('',#19763,.T.);
#19763 = EDGE_LOOP('',(#19764,#19765,#19766,#19767));
#19764 = ORIENTED_EDGE('',*,*,#19750,.T.);
#19765 = ORIENTED_EDGE('',*,*,#10600,.T.);
#19766 = ORIENTED_EDGE('',*,*,#19731,.F.);
#19767 = ORIENTED_EDGE('',*,*,#4767,.F.);
#19768 = PLANE('',#19769);
#19769 = AXIS2_PLACEMENT_3D('',#19770,#19771,#19772);
#19770 = CARTESIAN_POINT('',(272.1705,-120.29136,0.));
#19771 = DIRECTION('',(0.,-1.,0.));
#19772 = DIRECTION('',(-1.,0.,0.));
#19773 = ADVANCED_FACE('',(#19774),#19785,.F.);
#19774 = FACE_BOUND('',#19775,.T.);
#19775 = EDGE_LOOP('',(#19776,#19777,#19783,#19784));
#19776 = ORIENTED_EDGE('',*,*,#4783,.T.);
#19777 = ORIENTED_EDGE('',*,*,#19778,.T.);
#19778 = EDGE_CURVE('',#4784,#10617,#19779,.T.);
#19779 = LINE('',#19780,#19781);
#19780 = CARTESIAN_POINT('',(246.3405,-117.14226,-4.6E-02));
#19781 = VECTOR('',#19782,1.);
#19782 = DIRECTION('',(0.,0.,1.));
#19783 = ORIENTED_EDGE('',*,*,#10616,.F.);
#19784 = ORIENTED_EDGE('',*,*,#19778,.F.);
#19785 = CYLINDRICAL_SURFACE('',#19786,0.8509);
#19786 = AXIS2_PLACEMENT_3D('',#19787,#19788,#19789);
#19787 = CARTESIAN_POINT('',(246.3405,-116.29136,-4.6E-02));
#19788 = DIRECTION('',(-0.,-0.,-1.));
#19789 = DIRECTION('',(-0.,-1.,0.));
#19790 = ADVANCED_FACE('',(#19791),#19802,.F.);
#19791 = FACE_BOUND('',#19792,.T.);
#19792 = EDGE_LOOP('',(#19793,#19794,#19800,#19801));
#19793 = ORIENTED_EDGE('',*,*,#4794,.T.);
#19794 = ORIENTED_EDGE('',*,*,#19795,.T.);
#19795 = EDGE_CURVE('',#4795,#10628,#19796,.T.);
#19796 = LINE('',#19797,#19798);
#19797 = CARTESIAN_POINT('',(251.4205,-118.28526,-4.6E-02));
#19798 = VECTOR('',#19799,1.);
#19799 = DIRECTION('',(0.,0.,1.));
#19800 = ORIENTED_EDGE('',*,*,#10627,.F.);
#19801 = ORIENTED_EDGE('',*,*,#19795,.F.);
#19802 = CYLINDRICAL_SURFACE('',#19803,1.9939);
#19803 = AXIS2_PLACEMENT_3D('',#19804,#19805,#19806);
#19804 = CARTESIAN_POINT('',(251.4205,-116.29136,-4.6E-02));
#19805 = DIRECTION('',(-0.,-0.,-1.));
#19806 = DIRECTION('',(-0.,-1.,0.));
#19807 = ADVANCED_FACE('',(#19808),#19819,.F.);
#19808 = FACE_BOUND('',#19809,.T.);
#19809 = EDGE_LOOP('',(#19810,#19811,#19817,#19818));
#19810 = ORIENTED_EDGE('',*,*,#4805,.T.);
#19811 = ORIENTED_EDGE('',*,*,#19812,.T.);
#19812 = EDGE_CURVE('',#4806,#10639,#19813,.T.);
#19813 = LINE('',#19814,#19815);
#19814 = CARTESIAN_POINT('',(247.6105,-115.25136,-4.6E-02));
#19815 = VECTOR('',#19816,1.);
#19816 = DIRECTION('',(0.,0.,1.));
#19817 = ORIENTED_EDGE('',*,*,#10638,.F.);
#19818 = ORIENTED_EDGE('',*,*,#19812,.F.);
#19819 = CYLINDRICAL_SURFACE('',#19820,1.5);
#19820 = AXIS2_PLACEMENT_3D('',#19821,#19822,#19823);
#19821 = CARTESIAN_POINT('',(247.6105,-113.75136,-4.6E-02));
#19822 = DIRECTION('',(-0.,-0.,-1.));
#19823 = DIRECTION('',(-0.,-1.,0.));
#19824 = ADVANCED_FACE('',(#19825),#19836,.F.);
#19825 = FACE_BOUND('',#19826,.T.);
#19826 = EDGE_LOOP('',(#19827,#19828,#19834,#19835));
#19827 = ORIENTED_EDGE('',*,*,#4816,.T.);
#19828 = ORIENTED_EDGE('',*,*,#19829,.T.);
#19829 = EDGE_CURVE('',#4817,#10650,#19830,.T.);
#19830 = LINE('',#19831,#19832);
#19831 = CARTESIAN_POINT('',(256.5005,-117.14226,-4.6E-02));
#19832 = VECTOR('',#19833,1.);
#19833 = DIRECTION('',(0.,0.,1.));
#19834 = ORIENTED_EDGE('',*,*,#10649,.F.);
#19835 = ORIENTED_EDGE('',*,*,#19829,.F.);
#19836 = CYLINDRICAL_SURFACE('',#19837,0.8509);
#19837 = AXIS2_PLACEMENT_3D('',#19838,#19839,#19840);
#19838 = CARTESIAN_POINT('',(256.5005,-116.29136,-4.6E-02));
#19839 = DIRECTION('',(-0.,-0.,-1.));
#19840 = DIRECTION('',(-0.,-1.,0.));
#19841 = ADVANCED_FACE('',(#19842),#19853,.F.);
#19842 = FACE_BOUND('',#19843,.T.);
#19843 = EDGE_LOOP('',(#19844,#19845,#19851,#19852));
#19844 = ORIENTED_EDGE('',*,*,#4827,.T.);
#19845 = ORIENTED_EDGE('',*,*,#19846,.T.);
#19846 = EDGE_CURVE('',#4828,#10661,#19847,.T.);
#19847 = LINE('',#19848,#19849);
#19848 = CARTESIAN_POINT('',(265.3905,-117.14226,-4.6E-02));
#19849 = VECTOR('',#19850,1.);
#19850 = DIRECTION('',(0.,0.,1.));
#19851 = ORIENTED_EDGE('',*,*,#10660,.F.);
#19852 = ORIENTED_EDGE('',*,*,#19846,.F.);
#19853 = CYLINDRICAL_SURFACE('',#19854,0.8509);
#19854 = AXIS2_PLACEMENT_3D('',#19855,#19856,#19857);
#19855 = CARTESIAN_POINT('',(265.3905,-116.29136,-4.6E-02));
#19856 = DIRECTION('',(-0.,-0.,-1.));
#19857 = DIRECTION('',(-0.,-1.,0.));
#19858 = ADVANCED_FACE('',(#19859),#19870,.F.);
#19859 = FACE_BOUND('',#19860,.T.);
#19860 = EDGE_LOOP('',(#19861,#19862,#19868,#19869));
#19861 = ORIENTED_EDGE('',*,*,#4838,.T.);
#19862 = ORIENTED_EDGE('',*,*,#19863,.T.);
#19863 = EDGE_CURVE('',#4839,#10672,#19864,.T.);
#19864 = LINE('',#19865,#19866);
#19865 = CARTESIAN_POINT('',(270.4705,-118.28526,-4.6E-02));
#19866 = VECTOR('',#19867,1.);
#19867 = DIRECTION('',(0.,0.,1.));
#19868 = ORIENTED_EDGE('',*,*,#10671,.F.);
#19869 = ORIENTED_EDGE('',*,*,#19863,.F.);
#19870 = CYLINDRICAL_SURFACE('',#19871,1.9939);
#19871 = AXIS2_PLACEMENT_3D('',#19872,#19873,#19874);
#19872 = CARTESIAN_POINT('',(270.4705,-116.29136,-4.6E-02));
#19873 = DIRECTION('',(-0.,-0.,-1.));
#19874 = DIRECTION('',(-0.,-1.,0.));
#19875 = ADVANCED_FACE('',(#19876),#19887,.F.);
#19876 = FACE_BOUND('',#19877,.T.);
#19877 = EDGE_LOOP('',(#19878,#19879,#19885,#19886));
#19878 = ORIENTED_EDGE('',*,*,#4849,.T.);
#19879 = ORIENTED_EDGE('',*,*,#19880,.T.);
#19880 = EDGE_CURVE('',#4850,#10683,#19881,.T.);
#19881 = LINE('',#19882,#19883);
#19882 = CARTESIAN_POINT('',(266.6605,-115.25136,-4.6E-02));
#19883 = VECTOR('',#19884,1.);
#19884 = DIRECTION('',(0.,0.,1.));
#19885 = ORIENTED_EDGE('',*,*,#10682,.F.);
#19886 = ORIENTED_EDGE('',*,*,#19880,.F.);
#19887 = CYLINDRICAL_SURFACE('',#19888,1.5);
#19888 = AXIS2_PLACEMENT_3D('',#19889,#19890,#19891);
#19889 = CARTESIAN_POINT('',(266.6605,-113.75136,-4.6E-02));
#19890 = DIRECTION('',(-0.,-0.,-1.));
#19891 = DIRECTION('',(-0.,-1.,0.));
#19892 = ADVANCED_FACE('',(#19893),#19904,.F.);
#19893 = FACE_BOUND('',#19894,.T.);
#19894 = EDGE_LOOP('',(#19895,#19896,#19902,#19903));
#19895 = ORIENTED_EDGE('',*,*,#4860,.T.);
#19896 = ORIENTED_EDGE('',*,*,#19897,.T.);
#19897 = EDGE_CURVE('',#4861,#10694,#19898,.T.);
#19898 = LINE('',#19899,#19900);
#19899 = CARTESIAN_POINT('',(275.233,-137.33526,-4.6E-02));
#19900 = VECTOR('',#19901,1.);
#19901 = DIRECTION('',(0.,0.,1.));
#19902 = ORIENTED_EDGE('',*,*,#10693,.F.);
#19903 = ORIENTED_EDGE('',*,*,#19897,.F.);
#19904 = CYLINDRICAL_SURFACE('',#19905,1.9939);
#19905 = AXIS2_PLACEMENT_3D('',#19906,#19907,#19908);
#19906 = CARTESIAN_POINT('',(275.233,-135.34136,-4.6E-02));
#19907 = DIRECTION('',(-0.,-0.,-1.));
#19908 = DIRECTION('',(-0.,-1.,0.));
#19909 = ADVANCED_FACE('',(#19910),#19921,.F.);
#19910 = FACE_BOUND('',#19911,.T.);
#19911 = EDGE_LOOP('',(#19912,#19913,#19919,#19920));
#19912 = ORIENTED_EDGE('',*,*,#4871,.T.);
#19913 = ORIENTED_EDGE('',*,*,#19914,.T.);
#19914 = EDGE_CURVE('',#4872,#10705,#19915,.T.);
#19915 = LINE('',#19916,#19917);
#19916 = CARTESIAN_POINT('',(280.313,-136.19226,-4.6E-02));
#19917 = VECTOR('',#19918,1.);
#19918 = DIRECTION('',(0.,0.,1.));
#19919 = ORIENTED_EDGE('',*,*,#10704,.F.);
#19920 = ORIENTED_EDGE('',*,*,#19914,.F.);
#19921 = CYLINDRICAL_SURFACE('',#19922,0.8509);
#19922 = AXIS2_PLACEMENT_3D('',#19923,#19924,#19925);
#19923 = CARTESIAN_POINT('',(280.313,-135.34136,-4.6E-02));
#19924 = DIRECTION('',(-0.,-0.,-1.));
#19925 = DIRECTION('',(-0.,-1.,0.));
#19926 = ADVANCED_FACE('',(#19927),#19938,.F.);
#19927 = FACE_BOUND('',#19928,.T.);
#19928 = EDGE_LOOP('',(#19929,#19930,#19936,#19937));
#19929 = ORIENTED_EDGE('',*,*,#4882,.T.);
#19930 = ORIENTED_EDGE('',*,*,#19931,.T.);
#19931 = EDGE_CURVE('',#4883,#10716,#19932,.T.);
#19932 = LINE('',#19933,#19934);
#19933 = CARTESIAN_POINT('',(289.203,-136.19226,-4.6E-02));
#19934 = VECTOR('',#19935,1.);
#19935 = DIRECTION('',(0.,0.,1.));
#19936 = ORIENTED_EDGE('',*,*,#10715,.F.);
#19937 = ORIENTED_EDGE('',*,*,#19931,.F.);
#19938 = CYLINDRICAL_SURFACE('',#19939,0.8509);
#19939 = AXIS2_PLACEMENT_3D('',#19940,#19941,#19942);
#19940 = CARTESIAN_POINT('',(289.203,-135.34136,-4.6E-02));
#19941 = DIRECTION('',(-0.,-0.,-1.));
#19942 = DIRECTION('',(-0.,-1.,0.));
#19943 = ADVANCED_FACE('',(#19944),#19955,.F.);
#19944 = FACE_BOUND('',#19945,.T.);
#19945 = EDGE_LOOP('',(#19946,#19947,#19953,#19954));
#19946 = ORIENTED_EDGE('',*,*,#4893,.T.);
#19947 = ORIENTED_EDGE('',*,*,#19948,.T.);
#19948 = EDGE_CURVE('',#4894,#10727,#19949,.T.);
#19949 = LINE('',#19950,#19951);
#19950 = CARTESIAN_POINT('',(277.773,-131.76136,-4.6E-02));
#19951 = VECTOR('',#19952,1.);
#19952 = DIRECTION('',(0.,0.,1.));
#19953 = ORIENTED_EDGE('',*,*,#10726,.F.);
#19954 = ORIENTED_EDGE('',*,*,#19948,.F.);
#19955 = CYLINDRICAL_SURFACE('',#19956,1.5);
#19956 = AXIS2_PLACEMENT_3D('',#19957,#19958,#19959);
#19957 = CARTESIAN_POINT('',(277.773,-130.26136,-4.6E-02));
#19958 = DIRECTION('',(-0.,-0.,-1.));
#19959 = DIRECTION('',(-0.,-1.,0.));
#19960 = ADVANCED_FACE('',(#19961),#19972,.F.);
#19961 = FACE_BOUND('',#19962,.T.);
#19962 = EDGE_LOOP('',(#19963,#19964,#19970,#19971));
#19963 = ORIENTED_EDGE('',*,*,#4904,.T.);
#19964 = ORIENTED_EDGE('',*,*,#19965,.T.);
#19965 = EDGE_CURVE('',#4905,#10738,#19966,.T.);
#19966 = LINE('',#19967,#19968);
#19967 = CARTESIAN_POINT('',(290.473,-134.30136,-4.6E-02));
#19968 = VECTOR('',#19969,1.);
#19969 = DIRECTION('',(0.,0.,1.));
#19970 = ORIENTED_EDGE('',*,*,#10737,.F.);
#19971 = ORIENTED_EDGE('',*,*,#19965,.F.);
#19972 = CYLINDRICAL_SURFACE('',#19973,1.5);
#19973 = AXIS2_PLACEMENT_3D('',#19974,#19975,#19976);
#19974 = CARTESIAN_POINT('',(290.473,-132.80136,-4.6E-02));
#19975 = DIRECTION('',(-0.,-0.,-1.));
#19976 = DIRECTION('',(-0.,-1.,0.));
#19977 = ADVANCED_FACE('',(#19978),#19989,.F.);
#19978 = FACE_BOUND('',#19979,.T.);
#19979 = EDGE_LOOP('',(#19980,#19981,#19987,#19988));
#19980 = ORIENTED_EDGE('',*,*,#4915,.T.);
#19981 = ORIENTED_EDGE('',*,*,#19982,.T.);
#19982 = EDGE_CURVE('',#4916,#10749,#19983,.T.);
#19983 = LINE('',#19984,#19985);
#19984 = CARTESIAN_POINT('',(299.363,-136.19226,-4.6E-02));
#19985 = VECTOR('',#19986,1.);
#19986 = DIRECTION('',(0.,0.,1.));
#19987 = ORIENTED_EDGE('',*,*,#10748,.F.);
#19988 = ORIENTED_EDGE('',*,*,#19982,.F.);
#19989 = CYLINDRICAL_SURFACE('',#19990,0.8509);
#19990 = AXIS2_PLACEMENT_3D('',#19991,#19992,#19993);
#19991 = CARTESIAN_POINT('',(299.363,-135.34136,-4.6E-02));
#19992 = DIRECTION('',(-0.,-0.,-1.));
#19993 = DIRECTION('',(-0.,-1.,0.));
#19994 = ADVANCED_FACE('',(#19995),#20006,.F.);
#19995 = FACE_BOUND('',#19996,.T.);
#19996 = EDGE_LOOP('',(#19997,#19998,#20004,#20005));
#19997 = ORIENTED_EDGE('',*,*,#4926,.T.);
#19998 = ORIENTED_EDGE('',*,*,#19999,.T.);
#19999 = EDGE_CURVE('',#4927,#10760,#20000,.T.);
#20000 = LINE('',#20001,#20002);
#20001 = CARTESIAN_POINT('',(296.823,-131.76136,-4.6E-02));
#20002 = VECTOR('',#20003,1.);
#20003 = DIRECTION('',(0.,0.,1.));
#20004 = ORIENTED_EDGE('',*,*,#10759,.F.);
#20005 = ORIENTED_EDGE('',*,*,#19999,.F.);
#20006 = CYLINDRICAL_SURFACE('',#20007,1.5);
#20007 = AXIS2_PLACEMENT_3D('',#20008,#20009,#20010);
#20008 = CARTESIAN_POINT('',(296.823,-130.26136,-4.6E-02));
#20009 = DIRECTION('',(-0.,-0.,-1.));
#20010 = DIRECTION('',(-0.,-1.,0.));
#20011 = ADVANCED_FACE('',(#20012),#20023,.F.);
#20012 = FACE_BOUND('',#20013,.T.);
#20013 = EDGE_LOOP('',(#20014,#20015,#20021,#20022));
#20014 = ORIENTED_EDGE('',*,*,#4937,.T.);
#20015 = ORIENTED_EDGE('',*,*,#20016,.T.);
#20016 = EDGE_CURVE('',#4938,#10771,#20017,.T.);
#20017 = LINE('',#20018,#20019);
#20018 = CARTESIAN_POINT('',(321.42925,-134.30136,-4.6E-02));
#20019 = VECTOR('',#20020,1.);
#20020 = DIRECTION('',(0.,0.,1.));
#20021 = ORIENTED_EDGE('',*,*,#10770,.F.);
#20022 = ORIENTED_EDGE('',*,*,#20016,.F.);
#20023 = CYLINDRICAL_SURFACE('',#20024,1.5);
#20024 = AXIS2_PLACEMENT_3D('',#20025,#20026,#20027);
#20025 = CARTESIAN_POINT('',(321.42925,-132.80136,-4.6E-02));
#20026 = DIRECTION('',(-0.,-0.,-1.));
#20027 = DIRECTION('',(-0.,-1.,0.));
#20028 = ADVANCED_FACE('',(#20029),#20040,.F.);
#20029 = FACE_BOUND('',#20030,.T.);
#20030 = EDGE_LOOP('',(#20031,#20032,#20038,#20039));
#20031 = ORIENTED_EDGE('',*,*,#4948,.T.);
#20032 = ORIENTED_EDGE('',*,*,#20033,.T.);
#20033 = EDGE_CURVE('',#4949,#10782,#20034,.T.);
#20034 = LINE('',#20035,#20036);
#20035 = CARTESIAN_POINT('',(325.23925,-137.33526,-4.6E-02));
#20036 = VECTOR('',#20037,1.);
#20037 = DIRECTION('',(0.,0.,1.));
#20038 = ORIENTED_EDGE('',*,*,#10781,.F.);
#20039 = ORIENTED_EDGE('',*,*,#20033,.F.);
#20040 = CYLINDRICAL_SURFACE('',#20041,1.9939);
#20041 = AXIS2_PLACEMENT_3D('',#20042,#20043,#20044);
#20042 = CARTESIAN_POINT('',(325.23925,-135.34136,-4.6E-02));
#20043 = DIRECTION('',(-0.,0.,-1.));
#20044 = DIRECTION('',(2.850866084598E-14,-1.,-0.));
#20045 = ADVANCED_FACE('',(#20046),#20057,.F.);
#20046 = FACE_BOUND('',#20047,.T.);
#20047 = EDGE_LOOP('',(#20048,#20049,#20055,#20056));
#20048 = ORIENTED_EDGE('',*,*,#4959,.T.);
#20049 = ORIENTED_EDGE('',*,*,#20050,.T.);
#20050 = EDGE_CURVE('',#4960,#10793,#20051,.T.);
#20051 = LINE('',#20052,#20053);
#20052 = CARTESIAN_POINT('',(327.77925,-131.76136,-4.6E-02));
#20053 = VECTOR('',#20054,1.);
#20054 = DIRECTION('',(0.,0.,1.));
#20055 = ORIENTED_EDGE('',*,*,#10792,.F.);
#20056 = ORIENTED_EDGE('',*,*,#20050,.F.);
#20057 = CYLINDRICAL_SURFACE('',#20058,1.5);
#20058 = AXIS2_PLACEMENT_3D('',#20059,#20060,#20061);
#20059 = CARTESIAN_POINT('',(327.77925,-130.26136,-4.6E-02));
#20060 = DIRECTION('',(-0.,-0.,-1.));
#20061 = DIRECTION('',(-0.,-1.,0.));
#20062 = ADVANCED_FACE('',(#20063),#20074,.F.);
#20063 = FACE_BOUND('',#20064,.T.);
#20064 = EDGE_LOOP('',(#20065,#20066,#20072,#20073));
#20065 = ORIENTED_EDGE('',*,*,#4970,.T.);
#20066 = ORIENTED_EDGE('',*,*,#20067,.T.);
#20067 = EDGE_CURVE('',#4971,#10804,#20068,.T.);
#20068 = LINE('',#20069,#20070);
#20069 = CARTESIAN_POINT('',(313.30125,-129.88036,-4.6E-02));
#20070 = VECTOR('',#20071,1.);
#20071 = DIRECTION('',(0.,0.,1.));
#20072 = ORIENTED_EDGE('',*,*,#10803,.F.);
#20073 = ORIENTED_EDGE('',*,*,#20067,.F.);
#20074 = CYLINDRICAL_SURFACE('',#20075,1.524);
#20075 = AXIS2_PLACEMENT_3D('',#20076,#20077,#20078);
#20076 = CARTESIAN_POINT('',(313.30125,-128.35636,-4.6E-02));
#20077 = DIRECTION('',(-0.,-0.,-1.));
#20078 = DIRECTION('',(-0.,-1.,0.));
#20079 = ADVANCED_FACE('',(#20080),#20091,.F.);
#20080 = FACE_BOUND('',#20081,.T.);
#20081 = EDGE_LOOP('',(#20082,#20083,#20089,#20090));
#20082 = ORIENTED_EDGE('',*,*,#4981,.T.);
#20083 = ORIENTED_EDGE('',*,*,#20084,.T.);
#20084 = EDGE_CURVE('',#4982,#10815,#20085,.T.);
#20085 = LINE('',#20086,#20087);
#20086 = CARTESIAN_POINT('',(337.17725,-129.88036,-4.6E-02));
#20087 = VECTOR('',#20088,1.);
#20088 = DIRECTION('',(0.,0.,1.));
#20089 = ORIENTED_EDGE('',*,*,#10814,.F.);
#20090 = ORIENTED_EDGE('',*,*,#20084,.F.);
#20091 = CYLINDRICAL_SURFACE('',#20092,1.524);
#20092 = AXIS2_PLACEMENT_3D('',#20093,#20094,#20095);
#20093 = CARTESIAN_POINT('',(337.17725,-128.35636,-4.6E-02));
#20094 = DIRECTION('',(-0.,-0.,-1.));
#20095 = DIRECTION('',(-0.,-1.,0.));
#20096 = ADVANCED_FACE('',(#20097),#20113,.T.);
#20097 = FACE_BOUND('',#20098,.T.);
#20098 = EDGE_LOOP('',(#20099,#20105,#20106,#20112));
#20099 = ORIENTED_EDGE('',*,*,#20100,.T.);
#20100 = EDGE_CURVE('',#4993,#10826,#20101,.T.);
#20101 = LINE('',#20102,#20103);
#20102 = CARTESIAN_POINT('',(287.8205,-123.29136,0.));
#20103 = VECTOR('',#20104,1.);
#20104 = DIRECTION('',(0.,0.,1.));
#20105 = ORIENTED_EDGE('',*,*,#10825,.T.);
#20106 = ORIENTED_EDGE('',*,*,#20107,.F.);
#20107 = EDGE_CURVE('',#4995,#10828,#20108,.T.);
#20108 = LINE('',#20109,#20110);
#20109 = CARTESIAN_POINT('',(291.2205,-123.29136,0.));
#20110 = VECTOR('',#20111,1.);
#20111 = DIRECTION('',(0.,0.,1.));
#20112 = ORIENTED_EDGE('',*,*,#4992,.F.);
#20113 = PLANE('',#20114);
#20114 = AXIS2_PLACEMENT_3D('',#20115,#20116,#20117);
#20115 = CARTESIAN_POINT('',(287.8205,-123.29136,0.));
#20116 = DIRECTION('',(0.,1.,0.));
#20117 = DIRECTION('',(1.,0.,0.));
#20118 = ADVANCED_FACE('',(#20119),#20130,.T.);
#20119 = FACE_BOUND('',#20120,.T.);
#20120 = EDGE_LOOP('',(#20121,#20127,#20128,#20129));
#20121 = ORIENTED_EDGE('',*,*,#20122,.T.);
#20122 = EDGE_CURVE('',#5003,#10836,#20123,.T.);
#20123 = LINE('',#20124,#20125);
#20124 = CARTESIAN_POINT('',(287.8205,-120.29136,0.));
#20125 = VECTOR('',#20126,1.);
#20126 = DIRECTION('',(0.,0.,1.));
#20127 = ORIENTED_EDGE('',*,*,#10835,.T.);
#20128 = ORIENTED_EDGE('',*,*,#20100,.F.);
#20129 = ORIENTED_EDGE('',*,*,#5002,.F.);
#20130 = PLANE('',#20131);
#20131 = AXIS2_PLACEMENT_3D('',#20132,#20133,#20134);
#20132 = CARTESIAN_POINT('',(287.8205,-120.29136,0.));
#20133 = DIRECTION('',(1.,0.,-0.));
#20134 = DIRECTION('',(0.,-1.,0.));
#20135 = ADVANCED_FACE('',(#20136),#20147,.T.);
#20136 = FACE_BOUND('',#20137,.T.);
#20137 = EDGE_LOOP('',(#20138,#20139,#20140,#20146));
#20138 = ORIENTED_EDGE('',*,*,#20107,.T.);
#20139 = ORIENTED_EDGE('',*,*,#10851,.T.);
#20140 = ORIENTED_EDGE('',*,*,#20141,.F.);
#20141 = EDGE_CURVE('',#5011,#10844,#20142,.T.);
#20142 = LINE('',#20143,#20144);
#20143 = CARTESIAN_POINT('',(291.2205,-120.29136,0.));
#20144 = VECTOR('',#20145,1.);
#20145 = DIRECTION('',(0.,0.,1.));
#20146 = ORIENTED_EDGE('',*,*,#5018,.F.);
#20147 = PLANE('',#20148);
#20148 = AXIS2_PLACEMENT_3D('',#20149,#20150,#20151);
#20149 = CARTESIAN_POINT('',(291.2205,-123.29136,0.));
#20150 = DIRECTION('',(-1.,0.,0.));
#20151 = DIRECTION('',(0.,1.,0.));
#20152 = ADVANCED_FACE('',(#20153),#20159,.T.);
#20153 = FACE_BOUND('',#20154,.T.);
#20154 = EDGE_LOOP('',(#20155,#20156,#20157,#20158));
#20155 = ORIENTED_EDGE('',*,*,#20141,.T.);
#20156 = ORIENTED_EDGE('',*,*,#10843,.T.);
#20157 = ORIENTED_EDGE('',*,*,#20122,.F.);
#20158 = ORIENTED_EDGE('',*,*,#5010,.F.);
#20159 = PLANE('',#20160);
#20160 = AXIS2_PLACEMENT_3D('',#20161,#20162,#20163);
#20161 = CARTESIAN_POINT('',(291.2205,-120.29136,0.));
#20162 = DIRECTION('',(0.,-1.,0.));
#20163 = DIRECTION('',(-1.,0.,0.));
#20164 = ADVANCED_FACE('',(#20165),#20176,.F.);
#20165 = FACE_BOUND('',#20166,.T.);
#20166 = EDGE_LOOP('',(#20167,#20168,#20174,#20175));
#20167 = ORIENTED_EDGE('',*,*,#5026,.T.);
#20168 = ORIENTED_EDGE('',*,*,#20169,.T.);
#20169 = EDGE_CURVE('',#5027,#10860,#20170,.T.);
#20170 = LINE('',#20171,#20172);
#20171 = CARTESIAN_POINT('',(275.5505,-117.14226,-4.6E-02));
#20172 = VECTOR('',#20173,1.);
#20173 = DIRECTION('',(0.,0.,1.));
#20174 = ORIENTED_EDGE('',*,*,#10859,.F.);
#20175 = ORIENTED_EDGE('',*,*,#20169,.F.);
#20176 = CYLINDRICAL_SURFACE('',#20177,0.8509);
#20177 = AXIS2_PLACEMENT_3D('',#20178,#20179,#20180);
#20178 = CARTESIAN_POINT('',(275.5505,-116.29136,-4.6E-02));
#20179 = DIRECTION('',(-0.,-0.,-1.));
#20180 = DIRECTION('',(-0.,-1.,0.));
#20181 = ADVANCED_FACE('',(#20182),#20193,.F.);
#20182 = FACE_BOUND('',#20183,.T.);
#20183 = EDGE_LOOP('',(#20184,#20185,#20191,#20192));
#20184 = ORIENTED_EDGE('',*,*,#5037,.T.);
#20185 = ORIENTED_EDGE('',*,*,#20186,.T.);
#20186 = EDGE_CURVE('',#5038,#10871,#20187,.T.);
#20187 = LINE('',#20188,#20189);
#20188 = CARTESIAN_POINT('',(284.4405,-117.14226,-4.6E-02));
#20189 = VECTOR('',#20190,1.);
#20190 = DIRECTION('',(0.,0.,1.));
#20191 = ORIENTED_EDGE('',*,*,#10870,.F.);
#20192 = ORIENTED_EDGE('',*,*,#20186,.F.);
#20193 = CYLINDRICAL_SURFACE('',#20194,0.8509);
#20194 = AXIS2_PLACEMENT_3D('',#20195,#20196,#20197);
#20195 = CARTESIAN_POINT('',(284.4405,-116.29136,-4.6E-02));
#20196 = DIRECTION('',(-0.,-0.,-1.));
#20197 = DIRECTION('',(-6.680387690776E-14,-1.,0.));
#20198 = ADVANCED_FACE('',(#20199),#20210,.F.);
#20199 = FACE_BOUND('',#20200,.T.);
#20200 = EDGE_LOOP('',(#20201,#20202,#20208,#20209));
#20201 = ORIENTED_EDGE('',*,*,#5048,.T.);
#20202 = ORIENTED_EDGE('',*,*,#20203,.T.);
#20203 = EDGE_CURVE('',#5049,#10882,#20204,.T.);
#20204 = LINE('',#20205,#20206);
#20205 = CARTESIAN_POINT('',(289.5205,-118.28526,-4.6E-02));
#20206 = VECTOR('',#20207,1.);
#20207 = DIRECTION('',(0.,0.,1.));
#20208 = ORIENTED_EDGE('',*,*,#10881,.F.);
#20209 = ORIENTED_EDGE('',*,*,#20203,.F.);
#20210 = CYLINDRICAL_SURFACE('',#20211,1.9939);
#20211 = AXIS2_PLACEMENT_3D('',#20212,#20213,#20214);
#20212 = CARTESIAN_POINT('',(289.5205,-116.29136,-4.6E-02));
#20213 = DIRECTION('',(-0.,0.,-1.));
#20214 = DIRECTION('',(2.850866084598E-14,-1.,-0.));
#20215 = ADVANCED_FACE('',(#20216),#20227,.F.);
#20216 = FACE_BOUND('',#20217,.T.);
#20217 = EDGE_LOOP('',(#20218,#20219,#20225,#20226));
#20218 = ORIENTED_EDGE('',*,*,#5059,.T.);
#20219 = ORIENTED_EDGE('',*,*,#20220,.T.);
#20220 = EDGE_CURVE('',#5060,#10893,#20221,.T.);
#20221 = LINE('',#20222,#20223);
#20222 = CARTESIAN_POINT('',(285.7105,-115.25136,-4.6E-02));
#20223 = VECTOR('',#20224,1.);
#20224 = DIRECTION('',(0.,0.,1.));
#20225 = ORIENTED_EDGE('',*,*,#10892,.F.);
#20226 = ORIENTED_EDGE('',*,*,#20220,.F.);
#20227 = CYLINDRICAL_SURFACE('',#20228,1.5);
#20228 = AXIS2_PLACEMENT_3D('',#20229,#20230,#20231);
#20229 = CARTESIAN_POINT('',(285.7105,-113.75136,-4.6E-02));
#20230 = DIRECTION('',(-0.,-0.,-1.));
#20231 = DIRECTION('',(-0.,-1.,0.));
#20232 = ADVANCED_FACE('',(#20233),#20244,.F.);
#20233 = FACE_BOUND('',#20234,.T.);
#20234 = EDGE_LOOP('',(#20235,#20236,#20242,#20243));
#20235 = ORIENTED_EDGE('',*,*,#5070,.T.);
#20236 = ORIENTED_EDGE('',*,*,#20237,.T.);
#20237 = EDGE_CURVE('',#5071,#10904,#20238,.T.);
#20238 = LINE('',#20239,#20240);
#20239 = CARTESIAN_POINT('',(294.6005,-117.14226,-4.6E-02));
#20240 = VECTOR('',#20241,1.);
#20241 = DIRECTION('',(0.,0.,1.));
#20242 = ORIENTED_EDGE('',*,*,#10903,.F.);
#20243 = ORIENTED_EDGE('',*,*,#20237,.F.);
#20244 = CYLINDRICAL_SURFACE('',#20245,0.8509);
#20245 = AXIS2_PLACEMENT_3D('',#20246,#20247,#20248);
#20246 = CARTESIAN_POINT('',(294.6005,-116.29136,-4.6E-02));
#20247 = DIRECTION('',(-0.,-0.,-1.));
#20248 = DIRECTION('',(-0.,-1.,0.));
#20249 = ADVANCED_FACE('',(#20250),#20261,.F.);
#20250 = FACE_BOUND('',#20251,.T.);
#20251 = EDGE_LOOP('',(#20252,#20253,#20259,#20260));
#20252 = ORIENTED_EDGE('',*,*,#5081,.T.);
#20253 = ORIENTED_EDGE('',*,*,#20254,.T.);
#20254 = EDGE_CURVE('',#5082,#10915,#20255,.T.);
#20255 = LINE('',#20256,#20257);
#20256 = CARTESIAN_POINT('',(303.4905,-117.14226,-4.6E-02));
#20257 = VECTOR('',#20258,1.);
#20258 = DIRECTION('',(0.,0.,1.));
#20259 = ORIENTED_EDGE('',*,*,#10914,.F.);
#20260 = ORIENTED_EDGE('',*,*,#20254,.F.);
#20261 = CYLINDRICAL_SURFACE('',#20262,0.8509);
#20262 = AXIS2_PLACEMENT_3D('',#20263,#20264,#20265);
#20263 = CARTESIAN_POINT('',(303.4905,-116.29136,-4.6E-02));
#20264 = DIRECTION('',(-0.,-0.,-1.));
#20265 = DIRECTION('',(-0.,-1.,0.));
#20266 = ADVANCED_FACE('',(#20267),#20278,.F.);
#20267 = FACE_BOUND('',#20268,.T.);
#20268 = EDGE_LOOP('',(#20269,#20270,#20276,#20277));
#20269 = ORIENTED_EDGE('',*,*,#5092,.T.);
#20270 = ORIENTED_EDGE('',*,*,#20271,.T.);
#20271 = EDGE_CURVE('',#5093,#10926,#20272,.T.);
#20272 = LINE('',#20273,#20274);
#20273 = CARTESIAN_POINT('',(304.7605,-115.25136,-4.6E-02));
#20274 = VECTOR('',#20275,1.);
#20275 = DIRECTION('',(0.,0.,1.));
#20276 = ORIENTED_EDGE('',*,*,#10925,.F.);
#20277 = ORIENTED_EDGE('',*,*,#20271,.F.);
#20278 = CYLINDRICAL_SURFACE('',#20279,1.5);
#20279 = AXIS2_PLACEMENT_3D('',#20280,#20281,#20282);
#20280 = CARTESIAN_POINT('',(304.7605,-113.75136,-4.6E-02));
#20281 = DIRECTION('',(-0.,-0.,-1.));
#20282 = DIRECTION('',(-0.,-1.,0.));
#20283 = ADVANCED_FACE('',(#20284),#20300,.T.);
#20284 = FACE_BOUND('',#20285,.T.);
#20285 = EDGE_LOOP('',(#20286,#20292,#20293,#20299));
#20286 = ORIENTED_EDGE('',*,*,#20287,.T.);
#20287 = EDGE_CURVE('',#5104,#10937,#20288,.T.);
#20288 = LINE('',#20289,#20290);
#20289 = CARTESIAN_POINT('',(306.8705,-123.29136,0.));
#20290 = VECTOR('',#20291,1.);
#20291 = DIRECTION('',(0.,0.,1.));
#20292 = ORIENTED_EDGE('',*,*,#10936,.T.);
#20293 = ORIENTED_EDGE('',*,*,#20294,.F.);
#20294 = EDGE_CURVE('',#5106,#10939,#20295,.T.);
#20295 = LINE('',#20296,#20297);
#20296 = CARTESIAN_POINT('',(310.2705,-123.29136,0.));
#20297 = VECTOR('',#20298,1.);
#20298 = DIRECTION('',(0.,0.,1.));
#20299 = ORIENTED_EDGE('',*,*,#5103,.F.);
#20300 = PLANE('',#20301);
#20301 = AXIS2_PLACEMENT_3D('',#20302,#20303,#20304);
#20302 = CARTESIAN_POINT('',(306.8705,-123.29136,0.));
#20303 = DIRECTION('',(0.,1.,0.));
#20304 = DIRECTION('',(1.,0.,0.));
#20305 = ADVANCED_FACE('',(#20306),#20317,.T.);
#20306 = FACE_BOUND('',#20307,.T.);
#20307 = EDGE_LOOP('',(#20308,#20314,#20315,#20316));
#20308 = ORIENTED_EDGE('',*,*,#20309,.T.);
#20309 = EDGE_CURVE('',#5114,#10947,#20310,.T.);
#20310 = LINE('',#20311,#20312);
#20311 = CARTESIAN_POINT('',(306.8705,-120.29136,0.));
#20312 = VECTOR('',#20313,1.);
#20313 = DIRECTION('',(0.,0.,1.));
#20314 = ORIENTED_EDGE('',*,*,#10946,.T.);
#20315 = ORIENTED_EDGE('',*,*,#20287,.F.);
#20316 = ORIENTED_EDGE('',*,*,#5113,.F.);
#20317 = PLANE('',#20318);
#20318 = AXIS2_PLACEMENT_3D('',#20319,#20320,#20321);
#20319 = CARTESIAN_POINT('',(306.8705,-120.29136,0.));
#20320 = DIRECTION('',(1.,0.,-0.));
#20321 = DIRECTION('',(0.,-1.,0.));
#20322 = ADVANCED_FACE('',(#20323),#20334,.T.);
#20323 = FACE_BOUND('',#20324,.T.);
#20324 = EDGE_LOOP('',(#20325,#20326,#20327,#20333));
#20325 = ORIENTED_EDGE('',*,*,#20294,.T.);
#20326 = ORIENTED_EDGE('',*,*,#10962,.T.);
#20327 = ORIENTED_EDGE('',*,*,#20328,.F.);
#20328 = EDGE_CURVE('',#5122,#10955,#20329,.T.);
#20329 = LINE('',#20330,#20331);
#20330 = CARTESIAN_POINT('',(310.2705,-120.29136,0.));
#20331 = VECTOR('',#20332,1.);
#20332 = DIRECTION('',(0.,0.,1.));
#20333 = ORIENTED_EDGE('',*,*,#5129,.F.);
#20334 = PLANE('',#20335);
#20335 = AXIS2_PLACEMENT_3D('',#20336,#20337,#20338);
#20336 = CARTESIAN_POINT('',(310.2705,-123.29136,0.));
#20337 = DIRECTION('',(-1.,0.,0.));
#20338 = DIRECTION('',(0.,1.,0.));
#20339 = ADVANCED_FACE('',(#20340),#20346,.T.);
#20340 = FACE_BOUND('',#20341,.T.);
#20341 = EDGE_LOOP('',(#20342,#20343,#20344,#20345));
#20342 = ORIENTED_EDGE('',*,*,#20328,.T.);
#20343 = ORIENTED_EDGE('',*,*,#10954,.T.);
#20344 = ORIENTED_EDGE('',*,*,#20309,.F.);
#20345 = ORIENTED_EDGE('',*,*,#5121,.F.);
#20346 = PLANE('',#20347);
#20347 = AXIS2_PLACEMENT_3D('',#20348,#20349,#20350);
#20348 = CARTESIAN_POINT('',(310.2705,-120.29136,0.));
#20349 = DIRECTION('',(0.,-1.,0.));
#20350 = DIRECTION('',(-1.,0.,0.));
#20351 = ADVANCED_FACE('',(#20352),#20368,.T.);
#20352 = FACE_BOUND('',#20353,.T.);
#20353 = EDGE_LOOP('',(#20354,#20360,#20361,#20367));
#20354 = ORIENTED_EDGE('',*,*,#20355,.T.);
#20355 = EDGE_CURVE('',#5138,#10971,#20356,.T.);
#20356 = LINE('',#20357,#20358);
#20357 = CARTESIAN_POINT('',(330.683,-123.29136,0.));
#20358 = VECTOR('',#20359,1.);
#20359 = DIRECTION('',(0.,0.,1.));
#20360 = ORIENTED_EDGE('',*,*,#10970,.T.);
#20361 = ORIENTED_EDGE('',*,*,#20362,.F.);
#20362 = EDGE_CURVE('',#5140,#10973,#20363,.T.);
#20363 = LINE('',#20364,#20365);
#20364 = CARTESIAN_POINT('',(334.083,-123.29136,0.));
#20365 = VECTOR('',#20366,1.);
#20366 = DIRECTION('',(0.,0.,1.));
#20367 = ORIENTED_EDGE('',*,*,#5137,.F.);
#20368 = PLANE('',#20369);
#20369 = AXIS2_PLACEMENT_3D('',#20370,#20371,#20372);
#20370 = CARTESIAN_POINT('',(330.683,-123.29136,0.));
#20371 = DIRECTION('',(0.,1.,0.));
#20372 = DIRECTION('',(1.,0.,0.));
#20373 = ADVANCED_FACE('',(#20374),#20385,.T.);
#20374 = FACE_BOUND('',#20375,.T.);
#20375 = EDGE_LOOP('',(#20376,#20382,#20383,#20384));
#20376 = ORIENTED_EDGE('',*,*,#20377,.T.);
#20377 = EDGE_CURVE('',#5148,#10981,#20378,.T.);
#20378 = LINE('',#20379,#20380);
#20379 = CARTESIAN_POINT('',(330.683,-120.29136,0.));
#20380 = VECTOR('',#20381,1.);
#20381 = DIRECTION('',(0.,0.,1.));
#20382 = ORIENTED_EDGE('',*,*,#10980,.T.);
#20383 = ORIENTED_EDGE('',*,*,#20355,.F.);
#20384 = ORIENTED_EDGE('',*,*,#5147,.F.);
#20385 = PLANE('',#20386);
#20386 = AXIS2_PLACEMENT_3D('',#20387,#20388,#20389);
#20387 = CARTESIAN_POINT('',(330.683,-120.29136,0.));
#20388 = DIRECTION('',(1.,0.,-0.));
#20389 = DIRECTION('',(0.,-1.,0.));
#20390 = ADVANCED_FACE('',(#20391),#20402,.T.);
#20391 = FACE_BOUND('',#20392,.T.);
#20392 = EDGE_LOOP('',(#20393,#20394,#20395,#20401));
#20393 = ORIENTED_EDGE('',*,*,#20362,.T.);
#20394 = ORIENTED_EDGE('',*,*,#10996,.T.);
#20395 = ORIENTED_EDGE('',*,*,#20396,.F.);
#20396 = EDGE_CURVE('',#5156,#10989,#20397,.T.);
#20397 = LINE('',#20398,#20399);
#20398 = CARTESIAN_POINT('',(334.083,-120.29136,0.));
#20399 = VECTOR('',#20400,1.);
#20400 = DIRECTION('',(0.,0.,1.));
#20401 = ORIENTED_EDGE('',*,*,#5163,.F.);
#20402 = PLANE('',#20403);
#20403 = AXIS2_PLACEMENT_3D('',#20404,#20405,#20406);
#20404 = CARTESIAN_POINT('',(334.083,-123.29136,0.));
#20405 = DIRECTION('',(-1.,0.,0.));
#20406 = DIRECTION('',(0.,1.,0.));
#20407 = ADVANCED_FACE('',(#20408),#20414,.T.);
#20408 = FACE_BOUND('',#20409,.T.);
#20409 = EDGE_LOOP('',(#20410,#20411,#20412,#20413));
#20410 = ORIENTED_EDGE('',*,*,#20396,.T.);
#20411 = ORIENTED_EDGE('',*,*,#10988,.T.);
#20412 = ORIENTED_EDGE('',*,*,#20377,.F.);
#20413 = ORIENTED_EDGE('',*,*,#5155,.F.);
#20414 = PLANE('',#20415);
#20415 = AXIS2_PLACEMENT_3D('',#20416,#20417,#20418);
#20416 = CARTESIAN_POINT('',(334.083,-120.29136,0.));
#20417 = DIRECTION('',(0.,-1.,0.));
#20418 = DIRECTION('',(-1.,0.,0.));
#20419 = ADVANCED_FACE('',(#20420),#20431,.F.);
#20420 = FACE_BOUND('',#20421,.T.);
#20421 = EDGE_LOOP('',(#20422,#20423,#20429,#20430));
#20422 = ORIENTED_EDGE('',*,*,#5171,.T.);
#20423 = ORIENTED_EDGE('',*,*,#20424,.T.);
#20424 = EDGE_CURVE('',#5172,#11005,#20425,.T.);
#20425 = LINE('',#20426,#20427);
#20426 = CARTESIAN_POINT('',(308.5705,-118.28526,-4.6E-02));
#20427 = VECTOR('',#20428,1.);
#20428 = DIRECTION('',(0.,0.,1.));
#20429 = ORIENTED_EDGE('',*,*,#11004,.F.);
#20430 = ORIENTED_EDGE('',*,*,#20424,.F.);
#20431 = CYLINDRICAL_SURFACE('',#20432,1.9939);
#20432 = AXIS2_PLACEMENT_3D('',#20433,#20434,#20435);
#20433 = CARTESIAN_POINT('',(308.5705,-116.29136,-4.6E-02));
#20434 = DIRECTION('',(-0.,-0.,-1.));
#20435 = DIRECTION('',(-0.,-1.,0.));
#20436 = ADVANCED_FACE('',(#20437),#20448,.F.);
#20437 = FACE_BOUND('',#20438,.T.);
#20438 = EDGE_LOOP('',(#20439,#20440,#20446,#20447));
#20439 = ORIENTED_EDGE('',*,*,#5182,.T.);
#20440 = ORIENTED_EDGE('',*,*,#20441,.T.);
#20441 = EDGE_CURVE('',#5183,#11016,#20442,.T.);
#20442 = LINE('',#20443,#20444);
#20443 = CARTESIAN_POINT('',(313.6505,-117.14226,-4.6E-02));
#20444 = VECTOR('',#20445,1.);
#20445 = DIRECTION('',(0.,0.,1.));
#20446 = ORIENTED_EDGE('',*,*,#11015,.F.);
#20447 = ORIENTED_EDGE('',*,*,#20441,.F.);
#20448 = CYLINDRICAL_SURFACE('',#20449,0.8509);
#20449 = AXIS2_PLACEMENT_3D('',#20450,#20451,#20452);
#20450 = CARTESIAN_POINT('',(313.6505,-116.29136,-4.6E-02));
#20451 = DIRECTION('',(-0.,0.,-1.));
#20452 = DIRECTION('',(6.680387690775E-14,-1.,-0.));
#20453 = ADVANCED_FACE('',(#20454),#20465,.F.);
#20454 = FACE_BOUND('',#20455,.T.);
#20455 = EDGE_LOOP('',(#20456,#20457,#20463,#20464));
#20456 = ORIENTED_EDGE('',*,*,#5193,.T.);
#20457 = ORIENTED_EDGE('',*,*,#20458,.T.);
#20458 = EDGE_CURVE('',#5194,#11027,#20459,.T.);
#20459 = LINE('',#20460,#20461);
#20460 = CARTESIAN_POINT('',(327.303,-117.14226,-4.6E-02));
#20461 = VECTOR('',#20462,1.);
#20462 = DIRECTION('',(0.,0.,1.));
#20463 = ORIENTED_EDGE('',*,*,#11026,.F.);
#20464 = ORIENTED_EDGE('',*,*,#20458,.F.);
#20465 = CYLINDRICAL_SURFACE('',#20466,0.8509);
#20466 = AXIS2_PLACEMENT_3D('',#20467,#20468,#20469);
#20467 = CARTESIAN_POINT('',(327.303,-116.29136,-4.6E-02));
#20468 = DIRECTION('',(-0.,-0.,-1.));
#20469 = DIRECTION('',(-0.,-1.,0.));
#20470 = ADVANCED_FACE('',(#20471),#20482,.F.);
#20471 = FACE_BOUND('',#20472,.T.);
#20472 = EDGE_LOOP('',(#20473,#20474,#20480,#20481));
#20473 = ORIENTED_EDGE('',*,*,#5204,.T.);
#20474 = ORIENTED_EDGE('',*,*,#20475,.T.);
#20475 = EDGE_CURVE('',#5205,#11038,#20476,.T.);
#20476 = LINE('',#20477,#20478);
#20477 = CARTESIAN_POINT('',(332.383,-118.28526,-4.6E-02));
#20478 = VECTOR('',#20479,1.);
#20479 = DIRECTION('',(0.,0.,1.));
#20480 = ORIENTED_EDGE('',*,*,#11037,.F.);
#20481 = ORIENTED_EDGE('',*,*,#20475,.F.);
#20482 = CYLINDRICAL_SURFACE('',#20483,1.9939);
#20483 = AXIS2_PLACEMENT_3D('',#20484,#20485,#20486);
#20484 = CARTESIAN_POINT('',(332.383,-116.29136,-4.6E-02));
#20485 = DIRECTION('',(-0.,-0.,-1.));
#20486 = DIRECTION('',(-0.,-1.,0.));
#20487 = ADVANCED_FACE('',(#20488),#20499,.F.);
#20488 = FACE_BOUND('',#20489,.T.);
#20489 = EDGE_LOOP('',(#20490,#20491,#20497,#20498));
#20490 = ORIENTED_EDGE('',*,*,#5215,.T.);
#20491 = ORIENTED_EDGE('',*,*,#20492,.T.);
#20492 = EDGE_CURVE('',#5216,#11049,#20493,.T.);
#20493 = LINE('',#20494,#20495);
#20494 = CARTESIAN_POINT('',(337.463,-117.14226,-4.6E-02));
#20495 = VECTOR('',#20496,1.);
#20496 = DIRECTION('',(0.,0.,1.));
#20497 = ORIENTED_EDGE('',*,*,#11048,.F.);
#20498 = ORIENTED_EDGE('',*,*,#20492,.F.);
#20499 = CYLINDRICAL_SURFACE('',#20500,0.8509);
#20500 = AXIS2_PLACEMENT_3D('',#20501,#20502,#20503);
#20501 = CARTESIAN_POINT('',(337.463,-116.29136,-4.6E-02));
#20502 = DIRECTION('',(-0.,0.,-1.));
#20503 = DIRECTION('',(6.680387690775E-14,-1.,-0.));
#20504 = ADVANCED_FACE('',(#20505),#20516,.F.);
#20505 = FACE_BOUND('',#20506,.T.);
#20506 = EDGE_LOOP('',(#20507,#20508,#20514,#20515));
#20507 = ORIENTED_EDGE('',*,*,#5226,.T.);
#20508 = ORIENTED_EDGE('',*,*,#20509,.T.);
#20509 = EDGE_CURVE('',#5227,#11060,#20510,.T.);
#20510 = LINE('',#20511,#20512);
#20511 = CARTESIAN_POINT('',(328.573,-115.25136,-4.6E-02));
#20512 = VECTOR('',#20513,1.);
#20513 = DIRECTION('',(0.,0.,1.));
#20514 = ORIENTED_EDGE('',*,*,#11059,.F.);
#20515 = ORIENTED_EDGE('',*,*,#20509,.F.);
#20516 = CYLINDRICAL_SURFACE('',#20517,1.5);
#20517 = AXIS2_PLACEMENT_3D('',#20518,#20519,#20520);
#20518 = CARTESIAN_POINT('',(328.573,-113.75136,-4.6E-02));
#20519 = DIRECTION('',(-0.,-0.,-1.));
#20520 = DIRECTION('',(-0.,-1.,0.));
#20521 = ADVANCED_FACE('',(#20522),#20533,.F.);
#20522 = FACE_BOUND('',#20523,.T.);
#20523 = EDGE_LOOP('',(#20524,#20525,#20531,#20532));
#20524 = ORIENTED_EDGE('',*,*,#5237,.T.);
#20525 = ORIENTED_EDGE('',*,*,#20526,.T.);
#20526 = EDGE_CURVE('',#5238,#11071,#20527,.T.);
#20527 = LINE('',#20528,#20529);
#20528 = CARTESIAN_POINT('',(215.8605,-112.71136,-4.6E-02));
#20529 = VECTOR('',#20530,1.);
#20530 = DIRECTION('',(0.,0.,1.));
#20531 = ORIENTED_EDGE('',*,*,#11070,.F.);
#20532 = ORIENTED_EDGE('',*,*,#20526,.F.);
#20533 = CYLINDRICAL_SURFACE('',#20534,1.5);
#20534 = AXIS2_PLACEMENT_3D('',#20535,#20536,#20537);
#20535 = CARTESIAN_POINT('',(215.8605,-111.21136,-4.6E-02));
#20536 = DIRECTION('',(-0.,-0.,-1.));
#20537 = DIRECTION('',(-0.,-1.,0.));
#20538 = ADVANCED_FACE('',(#20539),#20550,.F.);
#20539 = FACE_BOUND('',#20540,.T.);
#20540 = EDGE_LOOP('',(#20541,#20542,#20548,#20549));
#20541 = ORIENTED_EDGE('',*,*,#5248,.T.);
#20542 = ORIENTED_EDGE('',*,*,#20543,.T.);
#20543 = EDGE_CURVE('',#5249,#11082,#20544,.T.);
#20544 = LINE('',#20545,#20546);
#20545 = CARTESIAN_POINT('',(234.9105,-112.71136,-4.6E-02));
#20546 = VECTOR('',#20547,1.);
#20547 = DIRECTION('',(0.,0.,1.));
#20548 = ORIENTED_EDGE('',*,*,#11081,.F.);
#20549 = ORIENTED_EDGE('',*,*,#20543,.F.);
#20550 = CYLINDRICAL_SURFACE('',#20551,1.5);
#20551 = AXIS2_PLACEMENT_3D('',#20552,#20553,#20554);
#20552 = CARTESIAN_POINT('',(234.9105,-111.21136,-4.6E-02));
#20553 = DIRECTION('',(-0.,-0.,-1.));
#20554 = DIRECTION('',(-0.,-1.,0.));
#20555 = ADVANCED_FACE('',(#20556),#20572,.T.);
#20556 = FACE_BOUND('',#20557,.T.);
#20557 = EDGE_LOOP('',(#20558,#20564,#20565,#20571));
#20558 = ORIENTED_EDGE('',*,*,#20559,.T.);
#20559 = EDGE_CURVE('',#5260,#11093,#20560,.T.);
#20560 = LINE('',#20561,#20562);
#20561 = CARTESIAN_POINT('',(202.0955,-104.24136,0.));
#20562 = VECTOR('',#20563,1.);
#20563 = DIRECTION('',(0.,0.,1.));
#20564 = ORIENTED_EDGE('',*,*,#11092,.T.);
#20565 = ORIENTED_EDGE('',*,*,#20566,.F.);
#20566 = EDGE_CURVE('',#5262,#11095,#20567,.T.);
#20567 = LINE('',#20568,#20569);
#20568 = CARTESIAN_POINT('',(205.4955,-104.24136,0.));
#20569 = VECTOR('',#20570,1.);
#20570 = DIRECTION('',(0.,0.,1.));
#20571 = ORIENTED_EDGE('',*,*,#5259,.F.);
#20572 = PLANE('',#20573);
#20573 = AXIS2_PLACEMENT_3D('',#20574,#20575,#20576);
#20574 = CARTESIAN_POINT('',(202.0955,-104.24136,0.));
#20575 = DIRECTION('',(0.,1.,0.));
#20576 = DIRECTION('',(1.,0.,0.));
#20577 = ADVANCED_FACE('',(#20578),#20589,.T.);
#20578 = FACE_BOUND('',#20579,.T.);
#20579 = EDGE_LOOP('',(#20580,#20586,#20587,#20588));
#20580 = ORIENTED_EDGE('',*,*,#20581,.T.);
#20581 = EDGE_CURVE('',#5270,#11103,#20582,.T.);
#20582 = LINE('',#20583,#20584);
#20583 = CARTESIAN_POINT('',(202.0955,-101.24136,0.));
#20584 = VECTOR('',#20585,1.);
#20585 = DIRECTION('',(0.,0.,1.));
#20586 = ORIENTED_EDGE('',*,*,#11102,.T.);
#20587 = ORIENTED_EDGE('',*,*,#20559,.F.);
#20588 = ORIENTED_EDGE('',*,*,#5269,.F.);
#20589 = PLANE('',#20590);
#20590 = AXIS2_PLACEMENT_3D('',#20591,#20592,#20593);
#20591 = CARTESIAN_POINT('',(202.0955,-101.24136,0.));
#20592 = DIRECTION('',(1.,0.,-0.));
#20593 = DIRECTION('',(0.,-1.,0.));
#20594 = ADVANCED_FACE('',(#20595),#20606,.T.);
#20595 = FACE_BOUND('',#20596,.T.);
#20596 = EDGE_LOOP('',(#20597,#20598,#20599,#20605));
#20597 = ORIENTED_EDGE('',*,*,#20566,.T.);
#20598 = ORIENTED_EDGE('',*,*,#11118,.T.);
#20599 = ORIENTED_EDGE('',*,*,#20600,.F.);
#20600 = EDGE_CURVE('',#5278,#11111,#20601,.T.);
#20601 = LINE('',#20602,#20603);
#20602 = CARTESIAN_POINT('',(205.4955,-101.24136,0.));
#20603 = VECTOR('',#20604,1.);
#20604 = DIRECTION('',(0.,0.,1.));
#20605 = ORIENTED_EDGE('',*,*,#5285,.F.);
#20606 = PLANE('',#20607);
#20607 = AXIS2_PLACEMENT_3D('',#20608,#20609,#20610);
#20608 = CARTESIAN_POINT('',(205.4955,-104.24136,0.));
#20609 = DIRECTION('',(-1.,0.,0.));
#20610 = DIRECTION('',(0.,1.,0.));
#20611 = ADVANCED_FACE('',(#20612),#20618,.T.);
#20612 = FACE_BOUND('',#20613,.T.);
#20613 = EDGE_LOOP('',(#20614,#20615,#20616,#20617));
#20614 = ORIENTED_EDGE('',*,*,#20600,.T.);
#20615 = ORIENTED_EDGE('',*,*,#11110,.T.);
#20616 = ORIENTED_EDGE('',*,*,#20581,.F.);
#20617 = ORIENTED_EDGE('',*,*,#5277,.F.);
#20618 = PLANE('',#20619);
#20619 = AXIS2_PLACEMENT_3D('',#20620,#20621,#20622);
#20620 = CARTESIAN_POINT('',(205.4955,-101.24136,0.));
#20621 = DIRECTION('',(0.,-1.,0.));
#20622 = DIRECTION('',(-1.,0.,0.));
#20623 = ADVANCED_FACE('',(#20624),#20640,.T.);
#20624 = FACE_BOUND('',#20625,.T.);
#20625 = EDGE_LOOP('',(#20626,#20632,#20633,#20639));
#20626 = ORIENTED_EDGE('',*,*,#20627,.T.);
#20627 = EDGE_CURVE('',#5294,#11127,#20628,.T.);
#20628 = LINE('',#20629,#20630);
#20629 = CARTESIAN_POINT('',(221.1455,-104.24136,0.));
#20630 = VECTOR('',#20631,1.);
#20631 = DIRECTION('',(0.,0.,1.));
#20632 = ORIENTED_EDGE('',*,*,#11126,.T.);
#20633 = ORIENTED_EDGE('',*,*,#20634,.F.);
#20634 = EDGE_CURVE('',#5296,#11129,#20635,.T.);
#20635 = LINE('',#20636,#20637);
#20636 = CARTESIAN_POINT('',(224.5455,-104.24136,0.));
#20637 = VECTOR('',#20638,1.);
#20638 = DIRECTION('',(0.,0.,1.));
#20639 = ORIENTED_EDGE('',*,*,#5293,.F.);
#20640 = PLANE('',#20641);
#20641 = AXIS2_PLACEMENT_3D('',#20642,#20643,#20644);
#20642 = CARTESIAN_POINT('',(221.1455,-104.24136,0.));
#20643 = DIRECTION('',(0.,1.,0.));
#20644 = DIRECTION('',(1.,0.,0.));
#20645 = ADVANCED_FACE('',(#20646),#20657,.T.);
#20646 = FACE_BOUND('',#20647,.T.);
#20647 = EDGE_LOOP('',(#20648,#20654,#20655,#20656));
#20648 = ORIENTED_EDGE('',*,*,#20649,.T.);
#20649 = EDGE_CURVE('',#5304,#11137,#20650,.T.);
#20650 = LINE('',#20651,#20652);
#20651 = CARTESIAN_POINT('',(221.1455,-101.24136,0.));
#20652 = VECTOR('',#20653,1.);
#20653 = DIRECTION('',(0.,0.,1.));
#20654 = ORIENTED_EDGE('',*,*,#11136,.T.);
#20655 = ORIENTED_EDGE('',*,*,#20627,.F.);
#20656 = ORIENTED_EDGE('',*,*,#5303,.F.);
#20657 = PLANE('',#20658);
#20658 = AXIS2_PLACEMENT_3D('',#20659,#20660,#20661);
#20659 = CARTESIAN_POINT('',(221.1455,-101.24136,0.));
#20660 = DIRECTION('',(1.,0.,-0.));
#20661 = DIRECTION('',(0.,-1.,0.));
#20662 = ADVANCED_FACE('',(#20663),#20674,.T.);
#20663 = FACE_BOUND('',#20664,.T.);
#20664 = EDGE_LOOP('',(#20665,#20666,#20667,#20673));
#20665 = ORIENTED_EDGE('',*,*,#20634,.T.);
#20666 = ORIENTED_EDGE('',*,*,#11152,.T.);
#20667 = ORIENTED_EDGE('',*,*,#20668,.F.);
#20668 = EDGE_CURVE('',#5312,#11145,#20669,.T.);
#20669 = LINE('',#20670,#20671);
#20670 = CARTESIAN_POINT('',(224.5455,-101.24136,0.));
#20671 = VECTOR('',#20672,1.);
#20672 = DIRECTION('',(0.,0.,1.));
#20673 = ORIENTED_EDGE('',*,*,#5319,.F.);
#20674 = PLANE('',#20675);
#20675 = AXIS2_PLACEMENT_3D('',#20676,#20677,#20678);
#20676 = CARTESIAN_POINT('',(224.5455,-104.24136,0.));
#20677 = DIRECTION('',(-1.,0.,0.));
#20678 = DIRECTION('',(0.,1.,0.));
#20679 = ADVANCED_FACE('',(#20680),#20686,.T.);
#20680 = FACE_BOUND('',#20681,.T.);
#20681 = EDGE_LOOP('',(#20682,#20683,#20684,#20685));
#20682 = ORIENTED_EDGE('',*,*,#20668,.T.);
#20683 = ORIENTED_EDGE('',*,*,#11144,.T.);
#20684 = ORIENTED_EDGE('',*,*,#20649,.F.);
#20685 = ORIENTED_EDGE('',*,*,#5311,.F.);
#20686 = PLANE('',#20687);
#20687 = AXIS2_PLACEMENT_3D('',#20688,#20689,#20690);
#20688 = CARTESIAN_POINT('',(224.5455,-101.24136,0.));
#20689 = DIRECTION('',(0.,-1.,0.));
#20690 = DIRECTION('',(-1.,0.,0.));
#20691 = ADVANCED_FACE('',(#20692),#20703,.F.);
#20692 = FACE_BOUND('',#20693,.T.);
#20693 = EDGE_LOOP('',(#20694,#20695,#20701,#20702));
#20694 = ORIENTED_EDGE('',*,*,#5327,.T.);
#20695 = ORIENTED_EDGE('',*,*,#20696,.T.);
#20696 = EDGE_CURVE('',#5328,#11161,#20697,.T.);
#20697 = LINE('',#20698,#20699);
#20698 = CARTESIAN_POINT('',(253.9605,-112.71136,-4.6E-02));
#20699 = VECTOR('',#20700,1.);
#20700 = DIRECTION('',(0.,0.,1.));
#20701 = ORIENTED_EDGE('',*,*,#11160,.F.);
#20702 = ORIENTED_EDGE('',*,*,#20696,.F.);
#20703 = CYLINDRICAL_SURFACE('',#20704,1.5);
#20704 = AXIS2_PLACEMENT_3D('',#20705,#20706,#20707);
#20705 = CARTESIAN_POINT('',(253.9605,-111.21136,-4.6E-02));
#20706 = DIRECTION('',(-0.,-0.,-1.));
#20707 = DIRECTION('',(-0.,-1.,0.));
#20708 = ADVANCED_FACE('',(#20709),#20725,.T.);
#20709 = FACE_BOUND('',#20710,.T.);
#20710 = EDGE_LOOP('',(#20711,#20717,#20718,#20724));
#20711 = ORIENTED_EDGE('',*,*,#20712,.T.);
#20712 = EDGE_CURVE('',#5339,#11172,#20713,.T.);
#20713 = LINE('',#20714,#20715);
#20714 = CARTESIAN_POINT('',(240.1955,-104.24136,0.));
#20715 = VECTOR('',#20716,1.);
#20716 = DIRECTION('',(0.,0.,1.));
#20717 = ORIENTED_EDGE('',*,*,#11171,.T.);
#20718 = ORIENTED_EDGE('',*,*,#20719,.F.);
#20719 = EDGE_CURVE('',#5341,#11174,#20720,.T.);
#20720 = LINE('',#20721,#20722);
#20721 = CARTESIAN_POINT('',(243.5955,-104.24136,0.));
#20722 = VECTOR('',#20723,1.);
#20723 = DIRECTION('',(0.,0.,1.));
#20724 = ORIENTED_EDGE('',*,*,#5338,.F.);
#20725 = PLANE('',#20726);
#20726 = AXIS2_PLACEMENT_3D('',#20727,#20728,#20729);
#20727 = CARTESIAN_POINT('',(240.1955,-104.24136,0.));
#20728 = DIRECTION('',(0.,1.,0.));
#20729 = DIRECTION('',(1.,0.,0.));
#20730 = ADVANCED_FACE('',(#20731),#20742,.T.);
#20731 = FACE_BOUND('',#20732,.T.);
#20732 = EDGE_LOOP('',(#20733,#20739,#20740,#20741));
#20733 = ORIENTED_EDGE('',*,*,#20734,.T.);
#20734 = EDGE_CURVE('',#5349,#11182,#20735,.T.);
#20735 = LINE('',#20736,#20737);
#20736 = CARTESIAN_POINT('',(240.1955,-101.24136,0.));
#20737 = VECTOR('',#20738,1.);
#20738 = DIRECTION('',(0.,0.,1.));
#20739 = ORIENTED_EDGE('',*,*,#11181,.T.);
#20740 = ORIENTED_EDGE('',*,*,#20712,.F.);
#20741 = ORIENTED_EDGE('',*,*,#5348,.F.);
#20742 = PLANE('',#20743);
#20743 = AXIS2_PLACEMENT_3D('',#20744,#20745,#20746);
#20744 = CARTESIAN_POINT('',(240.1955,-101.24136,0.));
#20745 = DIRECTION('',(1.,0.,-0.));
#20746 = DIRECTION('',(0.,-1.,0.));
#20747 = ADVANCED_FACE('',(#20748),#20759,.T.);
#20748 = FACE_BOUND('',#20749,.T.);
#20749 = EDGE_LOOP('',(#20750,#20751,#20752,#20758));
#20750 = ORIENTED_EDGE('',*,*,#20719,.T.);
#20751 = ORIENTED_EDGE('',*,*,#11197,.T.);
#20752 = ORIENTED_EDGE('',*,*,#20753,.F.);
#20753 = EDGE_CURVE('',#5357,#11190,#20754,.T.);
#20754 = LINE('',#20755,#20756);
#20755 = CARTESIAN_POINT('',(243.5955,-101.24136,0.));
#20756 = VECTOR('',#20757,1.);
#20757 = DIRECTION('',(0.,0.,1.));
#20758 = ORIENTED_EDGE('',*,*,#5364,.F.);
#20759 = PLANE('',#20760);
#20760 = AXIS2_PLACEMENT_3D('',#20761,#20762,#20763);
#20761 = CARTESIAN_POINT('',(243.5955,-104.24136,0.));
#20762 = DIRECTION('',(-1.,0.,0.));
#20763 = DIRECTION('',(0.,1.,0.));
#20764 = ADVANCED_FACE('',(#20765),#20771,.T.);
#20765 = FACE_BOUND('',#20766,.T.);
#20766 = EDGE_LOOP('',(#20767,#20768,#20769,#20770));
#20767 = ORIENTED_EDGE('',*,*,#20753,.T.);
#20768 = ORIENTED_EDGE('',*,*,#11189,.T.);
#20769 = ORIENTED_EDGE('',*,*,#20734,.F.);
#20770 = ORIENTED_EDGE('',*,*,#5356,.F.);
#20771 = PLANE('',#20772);
#20772 = AXIS2_PLACEMENT_3D('',#20773,#20774,#20775);
#20773 = CARTESIAN_POINT('',(243.5955,-101.24136,0.));
#20774 = DIRECTION('',(0.,-1.,0.));
#20775 = DIRECTION('',(-1.,0.,0.));
#20776 = ADVANCED_FACE('',(#20777),#20793,.T.);
#20777 = FACE_BOUND('',#20778,.T.);
#20778 = EDGE_LOOP('',(#20779,#20785,#20786,#20792));
#20779 = ORIENTED_EDGE('',*,*,#20780,.T.);
#20780 = EDGE_CURVE('',#5373,#11206,#20781,.T.);
#20781 = LINE('',#20782,#20783);
#20782 = CARTESIAN_POINT('',(259.2455,-104.24136,0.));
#20783 = VECTOR('',#20784,1.);
#20784 = DIRECTION('',(0.,0.,1.));
#20785 = ORIENTED_EDGE('',*,*,#11205,.T.);
#20786 = ORIENTED_EDGE('',*,*,#20787,.F.);
#20787 = EDGE_CURVE('',#5375,#11208,#20788,.T.);
#20788 = LINE('',#20789,#20790);
#20789 = CARTESIAN_POINT('',(262.6455,-104.24136,0.));
#20790 = VECTOR('',#20791,1.);
#20791 = DIRECTION('',(0.,0.,1.));
#20792 = ORIENTED_EDGE('',*,*,#5372,.F.);
#20793 = PLANE('',#20794);
#20794 = AXIS2_PLACEMENT_3D('',#20795,#20796,#20797);
#20795 = CARTESIAN_POINT('',(259.2455,-104.24136,0.));
#20796 = DIRECTION('',(0.,1.,0.));
#20797 = DIRECTION('',(1.,0.,0.));
#20798 = ADVANCED_FACE('',(#20799),#20810,.T.);
#20799 = FACE_BOUND('',#20800,.T.);
#20800 = EDGE_LOOP('',(#20801,#20807,#20808,#20809));
#20801 = ORIENTED_EDGE('',*,*,#20802,.T.);
#20802 = EDGE_CURVE('',#5383,#11216,#20803,.T.);
#20803 = LINE('',#20804,#20805);
#20804 = CARTESIAN_POINT('',(259.2455,-101.24136,0.));
#20805 = VECTOR('',#20806,1.);
#20806 = DIRECTION('',(0.,0.,1.));
#20807 = ORIENTED_EDGE('',*,*,#11215,.T.);
#20808 = ORIENTED_EDGE('',*,*,#20780,.F.);
#20809 = ORIENTED_EDGE('',*,*,#5382,.F.);
#20810 = PLANE('',#20811);
#20811 = AXIS2_PLACEMENT_3D('',#20812,#20813,#20814);
#20812 = CARTESIAN_POINT('',(259.2455,-101.24136,0.));
#20813 = DIRECTION('',(1.,0.,-0.));
#20814 = DIRECTION('',(0.,-1.,0.));
#20815 = ADVANCED_FACE('',(#20816),#20827,.T.);
#20816 = FACE_BOUND('',#20817,.T.);
#20817 = EDGE_LOOP('',(#20818,#20819,#20820,#20826));
#20818 = ORIENTED_EDGE('',*,*,#20787,.T.);
#20819 = ORIENTED_EDGE('',*,*,#11231,.T.);
#20820 = ORIENTED_EDGE('',*,*,#20821,.F.);
#20821 = EDGE_CURVE('',#5391,#11224,#20822,.T.);
#20822 = LINE('',#20823,#20824);
#20823 = CARTESIAN_POINT('',(262.6455,-101.24136,0.));
#20824 = VECTOR('',#20825,1.);
#20825 = DIRECTION('',(0.,0.,1.));
#20826 = ORIENTED_EDGE('',*,*,#5398,.F.);
#20827 = PLANE('',#20828);
#20828 = AXIS2_PLACEMENT_3D('',#20829,#20830,#20831);
#20829 = CARTESIAN_POINT('',(262.6455,-104.24136,0.));
#20830 = DIRECTION('',(-1.,0.,0.));
#20831 = DIRECTION('',(0.,1.,0.));
#20832 = ADVANCED_FACE('',(#20833),#20839,.T.);
#20833 = FACE_BOUND('',#20834,.T.);
#20834 = EDGE_LOOP('',(#20835,#20836,#20837,#20838));
#20835 = ORIENTED_EDGE('',*,*,#20821,.T.);
#20836 = ORIENTED_EDGE('',*,*,#11223,.T.);
#20837 = ORIENTED_EDGE('',*,*,#20802,.F.);
#20838 = ORIENTED_EDGE('',*,*,#5390,.F.);
#20839 = PLANE('',#20840);
#20840 = AXIS2_PLACEMENT_3D('',#20841,#20842,#20843);
#20841 = CARTESIAN_POINT('',(262.6455,-101.24136,0.));
#20842 = DIRECTION('',(0.,-1.,0.));
#20843 = DIRECTION('',(-1.,0.,0.));
#20844 = ADVANCED_FACE('',(#20845),#20856,.F.);
#20845 = FACE_BOUND('',#20846,.T.);
#20846 = EDGE_LOOP('',(#20847,#20848,#20854,#20855));
#20847 = ORIENTED_EDGE('',*,*,#5406,.T.);
#20848 = ORIENTED_EDGE('',*,*,#20849,.T.);
#20849 = EDGE_CURVE('',#5407,#11240,#20850,.T.);
#20850 = LINE('',#20851,#20852);
#20851 = CARTESIAN_POINT('',(203.7955,-99.23526,-4.6E-02));
#20852 = VECTOR('',#20853,1.);
#20853 = DIRECTION('',(0.,0.,1.));
#20854 = ORIENTED_EDGE('',*,*,#11239,.F.);
#20855 = ORIENTED_EDGE('',*,*,#20849,.F.);
#20856 = CYLINDRICAL_SURFACE('',#20857,1.9939);
#20857 = AXIS2_PLACEMENT_3D('',#20858,#20859,#20860);
#20858 = CARTESIAN_POINT('',(203.7955,-97.24136,-4.6E-02));
#20859 = DIRECTION('',(-0.,-0.,-1.));
#20860 = DIRECTION('',(-0.,-1.,0.));
#20861 = ADVANCED_FACE('',(#20862),#20873,.F.);
#20862 = FACE_BOUND('',#20863,.T.);
#20863 = EDGE_LOOP('',(#20864,#20865,#20871,#20872));
#20864 = ORIENTED_EDGE('',*,*,#5417,.T.);
#20865 = ORIENTED_EDGE('',*,*,#20866,.T.);
#20866 = EDGE_CURVE('',#5418,#11251,#20867,.T.);
#20867 = LINE('',#20868,#20869);
#20868 = CARTESIAN_POINT('',(208.8755,-98.09226,-4.6E-02));
#20869 = VECTOR('',#20870,1.);
#20870 = DIRECTION('',(0.,0.,1.));
#20871 = ORIENTED_EDGE('',*,*,#11250,.F.);
#20872 = ORIENTED_EDGE('',*,*,#20866,.F.);
#20873 = CYLINDRICAL_SURFACE('',#20874,0.8509);
#20874 = AXIS2_PLACEMENT_3D('',#20875,#20876,#20877);
#20875 = CARTESIAN_POINT('',(208.8755,-97.24136,-4.6E-02));
#20876 = DIRECTION('',(-0.,-0.,-1.));
#20877 = DIRECTION('',(-0.,-1.,0.));
#20878 = ADVANCED_FACE('',(#20879),#20890,.F.);
#20879 = FACE_BOUND('',#20880,.T.);
#20880 = EDGE_LOOP('',(#20881,#20882,#20888,#20889));
#20881 = ORIENTED_EDGE('',*,*,#5428,.T.);
#20882 = ORIENTED_EDGE('',*,*,#20883,.T.);
#20883 = EDGE_CURVE('',#5429,#11262,#20884,.T.);
#20884 = LINE('',#20885,#20886);
#20885 = CARTESIAN_POINT('',(217.7655,-98.09226,-4.6E-02));
#20886 = VECTOR('',#20887,1.);
#20887 = DIRECTION('',(0.,0.,1.));
#20888 = ORIENTED_EDGE('',*,*,#11261,.F.);
#20889 = ORIENTED_EDGE('',*,*,#20883,.F.);
#20890 = CYLINDRICAL_SURFACE('',#20891,0.8509);
#20891 = AXIS2_PLACEMENT_3D('',#20892,#20893,#20894);
#20892 = CARTESIAN_POINT('',(217.7655,-97.24136,-4.6E-02));
#20893 = DIRECTION('',(-0.,-0.,-1.));
#20894 = DIRECTION('',(-0.,-1.,0.));
#20895 = ADVANCED_FACE('',(#20896),#20907,.F.);
#20896 = FACE_BOUND('',#20897,.T.);
#20897 = EDGE_LOOP('',(#20898,#20899,#20905,#20906));
#20898 = ORIENTED_EDGE('',*,*,#5439,.T.);
#20899 = ORIENTED_EDGE('',*,*,#20900,.T.);
#20900 = EDGE_CURVE('',#5440,#11273,#20901,.T.);
#20901 = LINE('',#20902,#20903);
#20902 = CARTESIAN_POINT('',(219.0355,-96.20136,-4.6E-02));
#20903 = VECTOR('',#20904,1.);
#20904 = DIRECTION('',(0.,0.,1.));
#20905 = ORIENTED_EDGE('',*,*,#11272,.F.);
#20906 = ORIENTED_EDGE('',*,*,#20900,.F.);
#20907 = CYLINDRICAL_SURFACE('',#20908,1.5);
#20908 = AXIS2_PLACEMENT_3D('',#20909,#20910,#20911);
#20909 = CARTESIAN_POINT('',(219.0355,-94.70136,-4.6E-02));
#20910 = DIRECTION('',(-0.,-0.,-1.));
#20911 = DIRECTION('',(-0.,-1.,0.));
#20912 = ADVANCED_FACE('',(#20913),#20924,.F.);
#20913 = FACE_BOUND('',#20914,.T.);
#20914 = EDGE_LOOP('',(#20915,#20916,#20922,#20923));
#20915 = ORIENTED_EDGE('',*,*,#5450,.T.);
#20916 = ORIENTED_EDGE('',*,*,#20917,.T.);
#20917 = EDGE_CURVE('',#5451,#11284,#20918,.T.);
#20918 = LINE('',#20919,#20920);
#20919 = CARTESIAN_POINT('',(222.8455,-99.23526,-4.6E-02));
#20920 = VECTOR('',#20921,1.);
#20921 = DIRECTION('',(0.,0.,1.));
#20922 = ORIENTED_EDGE('',*,*,#11283,.F.);
#20923 = ORIENTED_EDGE('',*,*,#20917,.F.);
#20924 = CYLINDRICAL_SURFACE('',#20925,1.9939);
#20925 = AXIS2_PLACEMENT_3D('',#20926,#20927,#20928);
#20926 = CARTESIAN_POINT('',(222.8455,-97.24136,-4.6E-02));
#20927 = DIRECTION('',(-0.,-0.,-1.));
#20928 = DIRECTION('',(-1.425433042299E-14,-1.,0.));
#20929 = ADVANCED_FACE('',(#20930),#20941,.F.);
#20930 = FACE_BOUND('',#20931,.T.);
#20931 = EDGE_LOOP('',(#20932,#20933,#20939,#20940));
#20932 = ORIENTED_EDGE('',*,*,#5461,.T.);
#20933 = ORIENTED_EDGE('',*,*,#20934,.T.);
#20934 = EDGE_CURVE('',#5462,#11295,#20935,.T.);
#20935 = LINE('',#20936,#20937);
#20936 = CARTESIAN_POINT('',(227.9255,-98.09226,-4.6E-02));
#20937 = VECTOR('',#20938,1.);
#20938 = DIRECTION('',(0.,0.,1.));
#20939 = ORIENTED_EDGE('',*,*,#11294,.F.);
#20940 = ORIENTED_EDGE('',*,*,#20934,.F.);
#20941 = CYLINDRICAL_SURFACE('',#20942,0.8509);
#20942 = AXIS2_PLACEMENT_3D('',#20943,#20944,#20945);
#20943 = CARTESIAN_POINT('',(227.9255,-97.24136,-4.6E-02));
#20944 = DIRECTION('',(-0.,-0.,-1.));
#20945 = DIRECTION('',(-0.,-1.,0.));
#20946 = ADVANCED_FACE('',(#20947),#20958,.F.);
#20947 = FACE_BOUND('',#20948,.T.);
#20948 = EDGE_LOOP('',(#20949,#20950,#20956,#20957));
#20949 = ORIENTED_EDGE('',*,*,#5472,.T.);
#20950 = ORIENTED_EDGE('',*,*,#20951,.T.);
#20951 = EDGE_CURVE('',#5473,#11306,#20952,.T.);
#20952 = LINE('',#20953,#20954);
#20953 = CARTESIAN_POINT('',(236.8155,-98.09226,-4.6E-02));
#20954 = VECTOR('',#20955,1.);
#20955 = DIRECTION('',(0.,0.,1.));
#20956 = ORIENTED_EDGE('',*,*,#11305,.F.);
#20957 = ORIENTED_EDGE('',*,*,#20951,.F.);
#20958 = CYLINDRICAL_SURFACE('',#20959,0.8509);
#20959 = AXIS2_PLACEMENT_3D('',#20960,#20961,#20962);
#20960 = CARTESIAN_POINT('',(236.8155,-97.24136,-4.6E-02));
#20961 = DIRECTION('',(-0.,-0.,-1.));
#20962 = DIRECTION('',(-0.,-1.,0.));
#20963 = ADVANCED_FACE('',(#20964),#20975,.F.);
#20964 = FACE_BOUND('',#20965,.T.);
#20965 = EDGE_LOOP('',(#20966,#20967,#20973,#20974));
#20966 = ORIENTED_EDGE('',*,*,#5483,.T.);
#20967 = ORIENTED_EDGE('',*,*,#20968,.T.);
#20968 = EDGE_CURVE('',#5484,#11317,#20969,.T.);
#20969 = LINE('',#20970,#20971);
#20970 = CARTESIAN_POINT('',(206.3355,-93.66136,-4.6E-02));
#20971 = VECTOR('',#20972,1.);
#20972 = DIRECTION('',(0.,0.,1.));
#20973 = ORIENTED_EDGE('',*,*,#11316,.F.);
#20974 = ORIENTED_EDGE('',*,*,#20968,.F.);
#20975 = CYLINDRICAL_SURFACE('',#20976,1.5);
#20976 = AXIS2_PLACEMENT_3D('',#20977,#20978,#20979);
#20977 = CARTESIAN_POINT('',(206.3355,-92.16136,-4.6E-02));
#20978 = DIRECTION('',(-0.,-0.,-1.));
#20979 = DIRECTION('',(-0.,-1.,0.));
#20980 = ADVANCED_FACE('',(#20981),#20992,.F.);
#20981 = FACE_BOUND('',#20982,.T.);
#20982 = EDGE_LOOP('',(#20983,#20984,#20990,#20991));
#20983 = ORIENTED_EDGE('',*,*,#5494,.T.);
#20984 = ORIENTED_EDGE('',*,*,#20985,.T.);
#20985 = EDGE_CURVE('',#5495,#11328,#20986,.T.);
#20986 = LINE('',#20987,#20988);
#20987 = CARTESIAN_POINT('',(225.3855,-93.66136,-4.6E-02));
#20988 = VECTOR('',#20989,1.);
#20989 = DIRECTION('',(0.,0.,1.));
#20990 = ORIENTED_EDGE('',*,*,#11327,.F.);
#20991 = ORIENTED_EDGE('',*,*,#20985,.F.);
#20992 = CYLINDRICAL_SURFACE('',#20993,1.5);
#20993 = AXIS2_PLACEMENT_3D('',#20994,#20995,#20996);
#20994 = CARTESIAN_POINT('',(225.3855,-92.16136,-4.6E-02));
#20995 = DIRECTION('',(-0.,-0.,-1.));
#20996 = DIRECTION('',(-0.,-1.,0.));
#20997 = ADVANCED_FACE('',(#20998),#21009,.F.);
#20998 = FACE_BOUND('',#20999,.T.);
#20999 = EDGE_LOOP('',(#21000,#21001,#21007,#21008));
#21000 = ORIENTED_EDGE('',*,*,#5505,.T.);
#21001 = ORIENTED_EDGE('',*,*,#21002,.T.);
#21002 = EDGE_CURVE('',#5506,#11339,#21003,.T.);
#21003 = LINE('',#21004,#21005);
#21004 = CARTESIAN_POINT('',(241.8955,-99.23526,-4.6E-02));
#21005 = VECTOR('',#21006,1.);
#21006 = DIRECTION('',(0.,0.,1.));
#21007 = ORIENTED_EDGE('',*,*,#11338,.F.);
#21008 = ORIENTED_EDGE('',*,*,#21002,.F.);
#21009 = CYLINDRICAL_SURFACE('',#21010,1.9939);
#21010 = AXIS2_PLACEMENT_3D('',#21011,#21012,#21013);
#21011 = CARTESIAN_POINT('',(241.8955,-97.24136,-4.6E-02));
#21012 = DIRECTION('',(-0.,-0.,-1.));
#21013 = DIRECTION('',(-0.,-1.,0.));
#21014 = ADVANCED_FACE('',(#21015),#21026,.F.);
#21015 = FACE_BOUND('',#21016,.T.);
#21016 = EDGE_LOOP('',(#21017,#21018,#21024,#21025));
#21017 = ORIENTED_EDGE('',*,*,#5516,.T.);
#21018 = ORIENTED_EDGE('',*,*,#21019,.T.);
#21019 = EDGE_CURVE('',#5517,#11350,#21020,.T.);
#21020 = LINE('',#21021,#21022);
#21021 = CARTESIAN_POINT('',(238.0855,-96.20136,-4.6E-02));
#21022 = VECTOR('',#21023,1.);
#21023 = DIRECTION('',(0.,0.,1.));
#21024 = ORIENTED_EDGE('',*,*,#11349,.F.);
#21025 = ORIENTED_EDGE('',*,*,#21019,.F.);
#21026 = CYLINDRICAL_SURFACE('',#21027,1.5);
#21027 = AXIS2_PLACEMENT_3D('',#21028,#21029,#21030);
#21028 = CARTESIAN_POINT('',(238.0855,-94.70136,-4.6E-02));
#21029 = DIRECTION('',(-0.,-0.,-1.));
#21030 = DIRECTION('',(-0.,-1.,0.));
#21031 = ADVANCED_FACE('',(#21032),#21043,.F.);
#21032 = FACE_BOUND('',#21033,.T.);
#21033 = EDGE_LOOP('',(#21034,#21035,#21041,#21042));
#21034 = ORIENTED_EDGE('',*,*,#5527,.T.);
#21035 = ORIENTED_EDGE('',*,*,#21036,.T.);
#21036 = EDGE_CURVE('',#5528,#11361,#21037,.T.);
#21037 = LINE('',#21038,#21039);
#21038 = CARTESIAN_POINT('',(246.9755,-98.09226,-4.6E-02));
#21039 = VECTOR('',#21040,1.);
#21040 = DIRECTION('',(0.,0.,1.));
#21041 = ORIENTED_EDGE('',*,*,#11360,.F.);
#21042 = ORIENTED_EDGE('',*,*,#21036,.F.);
#21043 = CYLINDRICAL_SURFACE('',#21044,0.8509);
#21044 = AXIS2_PLACEMENT_3D('',#21045,#21046,#21047);
#21045 = CARTESIAN_POINT('',(246.9755,-97.24136,-4.6E-02));
#21046 = DIRECTION('',(-0.,-0.,-1.));
#21047 = DIRECTION('',(-0.,-1.,0.));
#21048 = ADVANCED_FACE('',(#21049),#21060,.F.);
#21049 = FACE_BOUND('',#21050,.T.);
#21050 = EDGE_LOOP('',(#21051,#21052,#21058,#21059));
#21051 = ORIENTED_EDGE('',*,*,#5538,.T.);
#21052 = ORIENTED_EDGE('',*,*,#21053,.T.);
#21053 = EDGE_CURVE('',#5539,#11372,#21054,.T.);
#21054 = LINE('',#21055,#21056);
#21055 = CARTESIAN_POINT('',(255.8655,-98.09226,-4.6E-02));
#21056 = VECTOR('',#21057,1.);
#21057 = DIRECTION('',(0.,0.,1.));
#21058 = ORIENTED_EDGE('',*,*,#11371,.F.);
#21059 = ORIENTED_EDGE('',*,*,#21053,.F.);
#21060 = CYLINDRICAL_SURFACE('',#21061,0.8509);
#21061 = AXIS2_PLACEMENT_3D('',#21062,#21063,#21064);
#21062 = CARTESIAN_POINT('',(255.8655,-97.24136,-4.6E-02));
#21063 = DIRECTION('',(-0.,-0.,-1.));
#21064 = DIRECTION('',(-0.,-1.,0.));
#21065 = ADVANCED_FACE('',(#21066),#21077,.F.);
#21066 = FACE_BOUND('',#21067,.T.);
#21067 = EDGE_LOOP('',(#21068,#21069,#21075,#21076));
#21068 = ORIENTED_EDGE('',*,*,#5549,.T.);
#21069 = ORIENTED_EDGE('',*,*,#21070,.T.);
#21070 = EDGE_CURVE('',#5550,#11383,#21071,.T.);
#21071 = LINE('',#21072,#21073);
#21072 = CARTESIAN_POINT('',(260.9455,-99.23526,-4.6E-02));
#21073 = VECTOR('',#21074,1.);
#21074 = DIRECTION('',(0.,0.,1.));
#21075 = ORIENTED_EDGE('',*,*,#11382,.F.);
#21076 = ORIENTED_EDGE('',*,*,#21070,.F.);
#21077 = CYLINDRICAL_SURFACE('',#21078,1.9939);
#21078 = AXIS2_PLACEMENT_3D('',#21079,#21080,#21081);
#21079 = CARTESIAN_POINT('',(260.9455,-97.24136,-4.6E-02));
#21080 = DIRECTION('',(-0.,-0.,-1.));
#21081 = DIRECTION('',(-0.,-1.,0.));
#21082 = ADVANCED_FACE('',(#21083),#21094,.F.);
#21083 = FACE_BOUND('',#21084,.T.);
#21084 = EDGE_LOOP('',(#21085,#21086,#21092,#21093));
#21085 = ORIENTED_EDGE('',*,*,#5560,.T.);
#21086 = ORIENTED_EDGE('',*,*,#21087,.T.);
#21087 = EDGE_CURVE('',#5561,#11394,#21088,.T.);
#21088 = LINE('',#21089,#21090);
#21089 = CARTESIAN_POINT('',(257.1355,-96.20136,-4.6E-02));
#21090 = VECTOR('',#21091,1.);
#21091 = DIRECTION('',(0.,0.,1.));
#21092 = ORIENTED_EDGE('',*,*,#11393,.F.);
#21093 = ORIENTED_EDGE('',*,*,#21087,.F.);
#21094 = CYLINDRICAL_SURFACE('',#21095,1.5);
#21095 = AXIS2_PLACEMENT_3D('',#21096,#21097,#21098);
#21096 = CARTESIAN_POINT('',(257.1355,-94.70136,-4.6E-02));
#21097 = DIRECTION('',(-0.,-0.,-1.));
#21098 = DIRECTION('',(-0.,-1.,0.));
#21099 = ADVANCED_FACE('',(#21100),#21111,.F.);
#21100 = FACE_BOUND('',#21101,.T.);
#21101 = EDGE_LOOP('',(#21102,#21103,#21109,#21110));
#21102 = ORIENTED_EDGE('',*,*,#5571,.T.);
#21103 = ORIENTED_EDGE('',*,*,#21104,.T.);
#21104 = EDGE_CURVE('',#5572,#11405,#21105,.T.);
#21105 = LINE('',#21106,#21107);
#21106 = CARTESIAN_POINT('',(266.0255,-98.09226,-4.6E-02));
#21107 = VECTOR('',#21108,1.);
#21108 = DIRECTION('',(0.,0.,1.));
#21109 = ORIENTED_EDGE('',*,*,#11404,.F.);
#21110 = ORIENTED_EDGE('',*,*,#21104,.F.);
#21111 = CYLINDRICAL_SURFACE('',#21112,0.8509);
#21112 = AXIS2_PLACEMENT_3D('',#21113,#21114,#21115);
#21113 = CARTESIAN_POINT('',(266.0255,-97.24136,-4.6E-02));
#21114 = DIRECTION('',(-0.,0.,-1.));
#21115 = DIRECTION('',(6.680387690775E-14,-1.,-0.));
#21116 = ADVANCED_FACE('',(#21117),#21128,.F.);
#21117 = FACE_BOUND('',#21118,.T.);
#21118 = EDGE_LOOP('',(#21119,#21120,#21126,#21127));
#21119 = ORIENTED_EDGE('',*,*,#5582,.T.);
#21120 = ORIENTED_EDGE('',*,*,#21121,.T.);
#21121 = EDGE_CURVE('',#5583,#11416,#21122,.T.);
#21122 = LINE('',#21123,#21124);
#21123 = CARTESIAN_POINT('',(244.4355,-93.66136,-4.6E-02));
#21124 = VECTOR('',#21125,1.);
#21125 = DIRECTION('',(0.,0.,1.));
#21126 = ORIENTED_EDGE('',*,*,#11415,.F.);
#21127 = ORIENTED_EDGE('',*,*,#21121,.F.);
#21128 = CYLINDRICAL_SURFACE('',#21129,1.5);
#21129 = AXIS2_PLACEMENT_3D('',#21130,#21131,#21132);
#21130 = CARTESIAN_POINT('',(244.4355,-92.16136,-4.6E-02));
#21131 = DIRECTION('',(-0.,-0.,-1.));
#21132 = DIRECTION('',(-0.,-1.,0.));
#21133 = ADVANCED_FACE('',(#21134),#21145,.F.);
#21134 = FACE_BOUND('',#21135,.T.);
#21135 = EDGE_LOOP('',(#21136,#21137,#21143,#21144));
#21136 = ORIENTED_EDGE('',*,*,#5593,.T.);
#21137 = ORIENTED_EDGE('',*,*,#21138,.T.);
#21138 = EDGE_CURVE('',#5594,#11427,#21139,.T.);
#21139 = LINE('',#21140,#21141);
#21140 = CARTESIAN_POINT('',(263.4855,-93.66136,-4.6E-02));
#21141 = VECTOR('',#21142,1.);
#21142 = DIRECTION('',(0.,0.,1.));
#21143 = ORIENTED_EDGE('',*,*,#11426,.F.);
#21144 = ORIENTED_EDGE('',*,*,#21138,.F.);
#21145 = CYLINDRICAL_SURFACE('',#21146,1.5);
#21146 = AXIS2_PLACEMENT_3D('',#21147,#21148,#21149);
#21147 = CARTESIAN_POINT('',(263.4855,-92.16136,-4.6E-02));
#21148 = DIRECTION('',(-0.,-0.,-1.));
#21149 = DIRECTION('',(-0.,-1.,0.));
#21150 = ADVANCED_FACE('',(#21151),#21162,.F.);
#21151 = FACE_BOUND('',#21152,.T.);
#21152 = EDGE_LOOP('',(#21153,#21154,#21160,#21161));
#21153 = ORIENTED_EDGE('',*,*,#5604,.T.);
#21154 = ORIENTED_EDGE('',*,*,#21155,.T.);
#21155 = EDGE_CURVE('',#5605,#11438,#21156,.T.);
#21156 = LINE('',#21157,#21158);
#21157 = CARTESIAN_POINT('',(273.0105,-112.71136,-4.6E-02));
#21158 = VECTOR('',#21159,1.);
#21159 = DIRECTION('',(0.,0.,1.));
#21160 = ORIENTED_EDGE('',*,*,#11437,.F.);
#21161 = ORIENTED_EDGE('',*,*,#21155,.F.);
#21162 = CYLINDRICAL_SURFACE('',#21163,1.5);
#21163 = AXIS2_PLACEMENT_3D('',#21164,#21165,#21166);
#21164 = CARTESIAN_POINT('',(273.0105,-111.21136,-4.6E-02));
#21165 = DIRECTION('',(-0.,-0.,-1.));
#21166 = DIRECTION('',(-0.,-1.,0.));
#21167 = ADVANCED_FACE('',(#21168),#21179,.F.);
#21168 = FACE_BOUND('',#21169,.T.);
#21169 = EDGE_LOOP('',(#21170,#21171,#21177,#21178));
#21170 = ORIENTED_EDGE('',*,*,#5615,.T.);
#21171 = ORIENTED_EDGE('',*,*,#21172,.T.);
#21172 = EDGE_CURVE('',#5616,#11449,#21173,.T.);
#21173 = LINE('',#21174,#21175);
#21174 = CARTESIAN_POINT('',(292.0605,-112.71136,-4.6E-02));
#21175 = VECTOR('',#21176,1.);
#21176 = DIRECTION('',(0.,0.,1.));
#21177 = ORIENTED_EDGE('',*,*,#11448,.F.);
#21178 = ORIENTED_EDGE('',*,*,#21172,.F.);
#21179 = CYLINDRICAL_SURFACE('',#21180,1.5);
#21180 = AXIS2_PLACEMENT_3D('',#21181,#21182,#21183);
#21181 = CARTESIAN_POINT('',(292.0605,-111.21136,-4.6E-02));
#21182 = DIRECTION('',(-0.,-0.,-1.));
#21183 = DIRECTION('',(-0.,-1.,0.));
#21184 = ADVANCED_FACE('',(#21185),#21201,.T.);
#21185 = FACE_BOUND('',#21186,.T.);
#21186 = EDGE_LOOP('',(#21187,#21193,#21194,#21200));
#21187 = ORIENTED_EDGE('',*,*,#21188,.T.);
#21188 = EDGE_CURVE('',#5627,#11460,#21189,.T.);
#21189 = LINE('',#21190,#21191);
#21190 = CARTESIAN_POINT('',(278.2955,-104.24136,0.));
#21191 = VECTOR('',#21192,1.);
#21192 = DIRECTION('',(0.,0.,1.));
#21193 = ORIENTED_EDGE('',*,*,#11459,.T.);
#21194 = ORIENTED_EDGE('',*,*,#21195,.F.);
#21195 = EDGE_CURVE('',#5629,#11462,#21196,.T.);
#21196 = LINE('',#21197,#21198);
#21197 = CARTESIAN_POINT('',(281.6955,-104.24136,0.));
#21198 = VECTOR('',#21199,1.);
#21199 = DIRECTION('',(0.,0.,1.));
#21200 = ORIENTED_EDGE('',*,*,#5626,.F.);
#21201 = PLANE('',#21202);
#21202 = AXIS2_PLACEMENT_3D('',#21203,#21204,#21205);
#21203 = CARTESIAN_POINT('',(278.2955,-104.24136,0.));
#21204 = DIRECTION('',(0.,1.,0.));
#21205 = DIRECTION('',(1.,0.,0.));
#21206 = ADVANCED_FACE('',(#21207),#21218,.T.);
#21207 = FACE_BOUND('',#21208,.T.);
#21208 = EDGE_LOOP('',(#21209,#21215,#21216,#21217));
#21209 = ORIENTED_EDGE('',*,*,#21210,.T.);
#21210 = EDGE_CURVE('',#5637,#11470,#21211,.T.);
#21211 = LINE('',#21212,#21213);
#21212 = CARTESIAN_POINT('',(278.2955,-101.24136,0.));
#21213 = VECTOR('',#21214,1.);
#21214 = DIRECTION('',(0.,0.,1.));
#21215 = ORIENTED_EDGE('',*,*,#11469,.T.);
#21216 = ORIENTED_EDGE('',*,*,#21188,.F.);
#21217 = ORIENTED_EDGE('',*,*,#5636,.F.);
#21218 = PLANE('',#21219);
#21219 = AXIS2_PLACEMENT_3D('',#21220,#21221,#21222);
#21220 = CARTESIAN_POINT('',(278.2955,-101.24136,0.));
#21221 = DIRECTION('',(1.,0.,-0.));
#21222 = DIRECTION('',(0.,-1.,0.));
#21223 = ADVANCED_FACE('',(#21224),#21235,.T.);
#21224 = FACE_BOUND('',#21225,.T.);
#21225 = EDGE_LOOP('',(#21226,#21227,#21228,#21234));
#21226 = ORIENTED_EDGE('',*,*,#21195,.T.);
#21227 = ORIENTED_EDGE('',*,*,#11485,.T.);
#21228 = ORIENTED_EDGE('',*,*,#21229,.F.);
#21229 = EDGE_CURVE('',#5645,#11478,#21230,.T.);
#21230 = LINE('',#21231,#21232);
#21231 = CARTESIAN_POINT('',(281.6955,-101.24136,0.));
#21232 = VECTOR('',#21233,1.);
#21233 = DIRECTION('',(0.,0.,1.));
#21234 = ORIENTED_EDGE('',*,*,#5652,.F.);
#21235 = PLANE('',#21236);
#21236 = AXIS2_PLACEMENT_3D('',#21237,#21238,#21239);
#21237 = CARTESIAN_POINT('',(281.6955,-104.24136,0.));
#21238 = DIRECTION('',(-1.,0.,0.));
#21239 = DIRECTION('',(0.,1.,0.));
#21240 = ADVANCED_FACE('',(#21241),#21247,.T.);
#21241 = FACE_BOUND('',#21242,.T.);
#21242 = EDGE_LOOP('',(#21243,#21244,#21245,#21246));
#21243 = ORIENTED_EDGE('',*,*,#21229,.T.);
#21244 = ORIENTED_EDGE('',*,*,#11477,.T.);
#21245 = ORIENTED_EDGE('',*,*,#21210,.F.);
#21246 = ORIENTED_EDGE('',*,*,#5644,.F.);
#21247 = PLANE('',#21248);
#21248 = AXIS2_PLACEMENT_3D('',#21249,#21250,#21251);
#21249 = CARTESIAN_POINT('',(281.6955,-101.24136,0.));
#21250 = DIRECTION('',(0.,-1.,0.));
#21251 = DIRECTION('',(-1.,0.,0.));
#21252 = ADVANCED_FACE('',(#21253),#21269,.T.);
#21253 = FACE_BOUND('',#21254,.T.);
#21254 = EDGE_LOOP('',(#21255,#21261,#21262,#21268));
#21255 = ORIENTED_EDGE('',*,*,#21256,.T.);
#21256 = EDGE_CURVE('',#5661,#11494,#21257,.T.);
#21257 = LINE('',#21258,#21259);
#21258 = CARTESIAN_POINT('',(297.3455,-104.24136,0.));
#21259 = VECTOR('',#21260,1.);
#21260 = DIRECTION('',(0.,0.,1.));
#21261 = ORIENTED_EDGE('',*,*,#11493,.T.);
#21262 = ORIENTED_EDGE('',*,*,#21263,.F.);
#21263 = EDGE_CURVE('',#5663,#11496,#21264,.T.);
#21264 = LINE('',#21265,#21266);
#21265 = CARTESIAN_POINT('',(300.7455,-104.24136,0.));
#21266 = VECTOR('',#21267,1.);
#21267 = DIRECTION('',(0.,0.,1.));
#21268 = ORIENTED_EDGE('',*,*,#5660,.F.);
#21269 = PLANE('',#21270);
#21270 = AXIS2_PLACEMENT_3D('',#21271,#21272,#21273);
#21271 = CARTESIAN_POINT('',(297.3455,-104.24136,0.));
#21272 = DIRECTION('',(0.,1.,0.));
#21273 = DIRECTION('',(1.,0.,0.));
#21274 = ADVANCED_FACE('',(#21275),#21286,.T.);
#21275 = FACE_BOUND('',#21276,.T.);
#21276 = EDGE_LOOP('',(#21277,#21283,#21284,#21285));
#21277 = ORIENTED_EDGE('',*,*,#21278,.T.);
#21278 = EDGE_CURVE('',#5671,#11504,#21279,.T.);
#21279 = LINE('',#21280,#21281);
#21280 = CARTESIAN_POINT('',(297.3455,-101.24136,0.));
#21281 = VECTOR('',#21282,1.);
#21282 = DIRECTION('',(0.,0.,1.));
#21283 = ORIENTED_EDGE('',*,*,#11503,.T.);
#21284 = ORIENTED_EDGE('',*,*,#21256,.F.);
#21285 = ORIENTED_EDGE('',*,*,#5670,.F.);
#21286 = PLANE('',#21287);
#21287 = AXIS2_PLACEMENT_3D('',#21288,#21289,#21290);
#21288 = CARTESIAN_POINT('',(297.3455,-101.24136,0.));
#21289 = DIRECTION('',(1.,0.,-0.));
#21290 = DIRECTION('',(0.,-1.,0.));
#21291 = ADVANCED_FACE('',(#21292),#21303,.T.);
#21292 = FACE_BOUND('',#21293,.T.);
#21293 = EDGE_LOOP('',(#21294,#21295,#21296,#21302));
#21294 = ORIENTED_EDGE('',*,*,#21263,.T.);
#21295 = ORIENTED_EDGE('',*,*,#11519,.T.);
#21296 = ORIENTED_EDGE('',*,*,#21297,.F.);
#21297 = EDGE_CURVE('',#5679,#11512,#21298,.T.);
#21298 = LINE('',#21299,#21300);
#21299 = CARTESIAN_POINT('',(300.7455,-101.24136,0.));
#21300 = VECTOR('',#21301,1.);
#21301 = DIRECTION('',(0.,0.,1.));
#21302 = ORIENTED_EDGE('',*,*,#5686,.F.);
#21303 = PLANE('',#21304);
#21304 = AXIS2_PLACEMENT_3D('',#21305,#21306,#21307);
#21305 = CARTESIAN_POINT('',(300.7455,-104.24136,0.));
#21306 = DIRECTION('',(-1.,0.,0.));
#21307 = DIRECTION('',(0.,1.,0.));
#21308 = ADVANCED_FACE('',(#21309),#21315,.T.);
#21309 = FACE_BOUND('',#21310,.T.);
#21310 = EDGE_LOOP('',(#21311,#21312,#21313,#21314));
#21311 = ORIENTED_EDGE('',*,*,#21297,.T.);
#21312 = ORIENTED_EDGE('',*,*,#11511,.T.);
#21313 = ORIENTED_EDGE('',*,*,#21278,.F.);
#21314 = ORIENTED_EDGE('',*,*,#5678,.F.);
#21315 = PLANE('',#21316);
#21316 = AXIS2_PLACEMENT_3D('',#21317,#21318,#21319);
#21317 = CARTESIAN_POINT('',(300.7455,-101.24136,0.));
#21318 = DIRECTION('',(0.,-1.,0.));
#21319 = DIRECTION('',(-1.,0.,0.));
#21320 = ADVANCED_FACE('',(#21321),#21332,.F.);
#21321 = FACE_BOUND('',#21322,.T.);
#21322 = EDGE_LOOP('',(#21323,#21324,#21330,#21331));
#21323 = ORIENTED_EDGE('',*,*,#5694,.T.);
#21324 = ORIENTED_EDGE('',*,*,#21325,.T.);
#21325 = EDGE_CURVE('',#5695,#11528,#21326,.T.);
#21326 = LINE('',#21327,#21328);
#21327 = CARTESIAN_POINT('',(311.1105,-112.71136,-4.6E-02));
#21328 = VECTOR('',#21329,1.);
#21329 = DIRECTION('',(0.,0.,1.));
#21330 = ORIENTED_EDGE('',*,*,#11527,.F.);
#21331 = ORIENTED_EDGE('',*,*,#21325,.F.);
#21332 = CYLINDRICAL_SURFACE('',#21333,1.5);
#21333 = AXIS2_PLACEMENT_3D('',#21334,#21335,#21336);
#21334 = CARTESIAN_POINT('',(311.1105,-111.21136,-4.6E-02));
#21335 = DIRECTION('',(-0.,-0.,-1.));
#21336 = DIRECTION('',(-0.,-1.,0.));
#21337 = ADVANCED_FACE('',(#21338),#21349,.F.);
#21338 = FACE_BOUND('',#21339,.T.);
#21339 = EDGE_LOOP('',(#21340,#21341,#21347,#21348));
#21340 = ORIENTED_EDGE('',*,*,#5705,.T.);
#21341 = ORIENTED_EDGE('',*,*,#21342,.T.);
#21342 = EDGE_CURVE('',#5706,#11539,#21343,.T.);
#21343 = LINE('',#21344,#21345);
#21344 = CARTESIAN_POINT('',(319.72,-113.,-4.6E-02));
#21345 = VECTOR('',#21346,1.);
#21346 = DIRECTION('',(0.,0.,1.));
#21347 = ORIENTED_EDGE('',*,*,#11538,.F.);
#21348 = ORIENTED_EDGE('',*,*,#21342,.F.);
#21349 = CYLINDRICAL_SURFACE('',#21350,1.1);
#21350 = AXIS2_PLACEMENT_3D('',#21351,#21352,#21353);
#21351 = CARTESIAN_POINT('',(319.72,-111.9,-4.6E-02));
#21352 = DIRECTION('',(-0.,-0.,-1.));
#21353 = DIRECTION('',(-0.,-1.,0.));
#21354 = ADVANCED_FACE('',(#21355),#21366,.F.);
#21355 = FACE_BOUND('',#21356,.T.);
#21356 = EDGE_LOOP('',(#21357,#21358,#21364,#21365));
#21357 = ORIENTED_EDGE('',*,*,#5716,.T.);
#21358 = ORIENTED_EDGE('',*,*,#21359,.T.);
#21359 = EDGE_CURVE('',#5717,#11550,#21360,.T.);
#21360 = LINE('',#21361,#21362);
#21361 = CARTESIAN_POINT('',(334.923,-112.71136,-4.6E-02));
#21362 = VECTOR('',#21363,1.);
#21363 = DIRECTION('',(0.,0.,1.));
#21364 = ORIENTED_EDGE('',*,*,#11549,.F.);
#21365 = ORIENTED_EDGE('',*,*,#21359,.F.);
#21366 = CYLINDRICAL_SURFACE('',#21367,1.5);
#21367 = AXIS2_PLACEMENT_3D('',#21368,#21369,#21370);
#21368 = CARTESIAN_POINT('',(334.923,-111.21136,-4.6E-02));
#21369 = DIRECTION('',(-0.,-0.,-1.));
#21370 = DIRECTION('',(-0.,-1.,0.));
#21371 = ADVANCED_FACE('',(#21372),#21383,.F.);
#21372 = FACE_BOUND('',#21373,.T.);
#21373 = EDGE_LOOP('',(#21374,#21375,#21381,#21382));
#21374 = ORIENTED_EDGE('',*,*,#5727,.T.);
#21375 = ORIENTED_EDGE('',*,*,#21376,.T.);
#21376 = EDGE_CURVE('',#5728,#11561,#21377,.T.);
#21377 = LINE('',#21378,#21379);
#21378 = CARTESIAN_POINT('',(315.6825,-107.49026,-4.6E-02));
#21379 = VECTOR('',#21380,1.);
#21380 = DIRECTION('',(0.,0.,1.));
#21381 = ORIENTED_EDGE('',*,*,#11560,.F.);
#21382 = ORIENTED_EDGE('',*,*,#21376,.F.);
#21383 = CYLINDRICAL_SURFACE('',#21384,1.9939);
#21384 = AXIS2_PLACEMENT_3D('',#21385,#21386,#21387);
#21385 = CARTESIAN_POINT('',(315.6825,-105.49636,-4.6E-02));
#21386 = DIRECTION('',(-0.,-0.,-1.));
#21387 = DIRECTION('',(-0.,-1.,0.));
#21388 = ADVANCED_FACE('',(#21389),#21400,.F.);
#21389 = FACE_BOUND('',#21390,.T.);
#21390 = EDGE_LOOP('',(#21391,#21392,#21398,#21399));
#21391 = ORIENTED_EDGE('',*,*,#5738,.T.);
#21392 = ORIENTED_EDGE('',*,*,#21393,.T.);
#21393 = EDGE_CURVE('',#5739,#11572,#21394,.T.);
#21394 = LINE('',#21395,#21396);
#21395 = CARTESIAN_POINT('',(339.5585,-107.49026,-4.6E-02));
#21396 = VECTOR('',#21397,1.);
#21397 = DIRECTION('',(0.,0.,1.));
#21398 = ORIENTED_EDGE('',*,*,#11571,.F.);
#21399 = ORIENTED_EDGE('',*,*,#21393,.F.);
#21400 = CYLINDRICAL_SURFACE('',#21401,1.9939);
#21401 = AXIS2_PLACEMENT_3D('',#21402,#21403,#21404);
#21402 = CARTESIAN_POINT('',(339.5585,-105.49636,-4.6E-02));
#21403 = DIRECTION('',(-0.,-0.,-1.));
#21404 = DIRECTION('',(-0.,-1.,0.));
#21405 = ADVANCED_FACE('',(#21406),#21422,.T.);
#21406 = FACE_BOUND('',#21407,.T.);
#21407 = EDGE_LOOP('',(#21408,#21414,#21415,#21421));
#21408 = ORIENTED_EDGE('',*,*,#21409,.T.);
#21409 = EDGE_CURVE('',#5750,#11583,#21410,.T.);
#21410 = LINE('',#21411,#21412);
#21411 = CARTESIAN_POINT('',(325.9205,-104.24136,0.));
#21412 = VECTOR('',#21413,1.);
#21413 = DIRECTION('',(0.,0.,1.));
#21414 = ORIENTED_EDGE('',*,*,#11582,.T.);
#21415 = ORIENTED_EDGE('',*,*,#21416,.F.);
#21416 = EDGE_CURVE('',#5752,#11585,#21417,.T.);
#21417 = LINE('',#21418,#21419);
#21418 = CARTESIAN_POINT('',(329.3205,-104.24136,0.));
#21419 = VECTOR('',#21420,1.);
#21420 = DIRECTION('',(0.,0.,1.));
#21421 = ORIENTED_EDGE('',*,*,#5749,.F.);
#21422 = PLANE('',#21423);
#21423 = AXIS2_PLACEMENT_3D('',#21424,#21425,#21426);
#21424 = CARTESIAN_POINT('',(325.9205,-104.24136,0.));
#21425 = DIRECTION('',(0.,1.,0.));
#21426 = DIRECTION('',(1.,0.,0.));
#21427 = ADVANCED_FACE('',(#21428),#21439,.T.);
#21428 = FACE_BOUND('',#21429,.T.);
#21429 = EDGE_LOOP('',(#21430,#21436,#21437,#21438));
#21430 = ORIENTED_EDGE('',*,*,#21431,.T.);
#21431 = EDGE_CURVE('',#5760,#11593,#21432,.T.);
#21432 = LINE('',#21433,#21434);
#21433 = CARTESIAN_POINT('',(325.9205,-101.24136,0.));
#21434 = VECTOR('',#21435,1.);
#21435 = DIRECTION('',(0.,0.,1.));
#21436 = ORIENTED_EDGE('',*,*,#11592,.T.);
#21437 = ORIENTED_EDGE('',*,*,#21409,.F.);
#21438 = ORIENTED_EDGE('',*,*,#5759,.F.);
#21439 = PLANE('',#21440);
#21440 = AXIS2_PLACEMENT_3D('',#21441,#21442,#21443);
#21441 = CARTESIAN_POINT('',(325.9205,-101.24136,0.));
#21442 = DIRECTION('',(1.,0.,-0.));
#21443 = DIRECTION('',(0.,-1.,0.));
#21444 = ADVANCED_FACE('',(#21445),#21456,.T.);
#21445 = FACE_BOUND('',#21446,.T.);
#21446 = EDGE_LOOP('',(#21447,#21448,#21449,#21455));
#21447 = ORIENTED_EDGE('',*,*,#21416,.T.);
#21448 = ORIENTED_EDGE('',*,*,#11608,.T.);
#21449 = ORIENTED_EDGE('',*,*,#21450,.F.);
#21450 = EDGE_CURVE('',#5768,#11601,#21451,.T.);
#21451 = LINE('',#21452,#21453);
#21452 = CARTESIAN_POINT('',(329.3205,-101.24136,0.));
#21453 = VECTOR('',#21454,1.);
#21454 = DIRECTION('',(0.,0.,1.));
#21455 = ORIENTED_EDGE('',*,*,#5775,.F.);
#21456 = PLANE('',#21457);
#21457 = AXIS2_PLACEMENT_3D('',#21458,#21459,#21460);
#21458 = CARTESIAN_POINT('',(329.3205,-104.24136,0.));
#21459 = DIRECTION('',(-1.,0.,0.));
#21460 = DIRECTION('',(0.,1.,0.));
#21461 = ADVANCED_FACE('',(#21462),#21468,.T.);
#21462 = FACE_BOUND('',#21463,.T.);
#21463 = EDGE_LOOP('',(#21464,#21465,#21466,#21467));
#21464 = ORIENTED_EDGE('',*,*,#21450,.T.);
#21465 = ORIENTED_EDGE('',*,*,#11600,.T.);
#21466 = ORIENTED_EDGE('',*,*,#21431,.F.);
#21467 = ORIENTED_EDGE('',*,*,#5767,.F.);
#21468 = PLANE('',#21469);
#21469 = AXIS2_PLACEMENT_3D('',#21470,#21471,#21472);
#21470 = CARTESIAN_POINT('',(329.3205,-101.24136,0.));
#21471 = DIRECTION('',(0.,-1.,0.));
#21472 = DIRECTION('',(-1.,0.,0.));
#21473 = ADVANCED_FACE('',(#21474),#21485,.F.);
#21474 = FACE_BOUND('',#21475,.T.);
#21475 = EDGE_LOOP('',(#21476,#21477,#21483,#21484));
#21476 = ORIENTED_EDGE('',*,*,#5783,.T.);
#21477 = ORIENTED_EDGE('',*,*,#21478,.T.);
#21478 = EDGE_CURVE('',#5784,#11617,#21479,.T.);
#21479 = LINE('',#21480,#21481);
#21480 = CARTESIAN_POINT('',(274.9155,-98.09226,-4.6E-02));
#21481 = VECTOR('',#21482,1.);
#21482 = DIRECTION('',(0.,0.,1.));
#21483 = ORIENTED_EDGE('',*,*,#11616,.F.);
#21484 = ORIENTED_EDGE('',*,*,#21478,.F.);
#21485 = CYLINDRICAL_SURFACE('',#21486,0.8509);
#21486 = AXIS2_PLACEMENT_3D('',#21487,#21488,#21489);
#21487 = CARTESIAN_POINT('',(274.9155,-97.24136,-4.6E-02));
#21488 = DIRECTION('',(-0.,0.,-1.));
#21489 = DIRECTION('',(6.680387690775E-14,-1.,-0.));
#21490 = ADVANCED_FACE('',(#21491),#21502,.F.);
#21491 = FACE_BOUND('',#21492,.T.);
#21492 = EDGE_LOOP('',(#21493,#21494,#21500,#21501));
#21493 = ORIENTED_EDGE('',*,*,#5794,.T.);
#21494 = ORIENTED_EDGE('',*,*,#21495,.T.);
#21495 = EDGE_CURVE('',#5795,#11628,#21496,.T.);
#21496 = LINE('',#21497,#21498);
#21497 = CARTESIAN_POINT('',(279.9955,-99.23526,-4.6E-02));
#21498 = VECTOR('',#21499,1.);
#21499 = DIRECTION('',(0.,0.,1.));
#21500 = ORIENTED_EDGE('',*,*,#11627,.F.);
#21501 = ORIENTED_EDGE('',*,*,#21495,.F.);
#21502 = CYLINDRICAL_SURFACE('',#21503,1.9939);
#21503 = AXIS2_PLACEMENT_3D('',#21504,#21505,#21506);
#21504 = CARTESIAN_POINT('',(279.9955,-97.24136,-4.6E-02));
#21505 = DIRECTION('',(-0.,-0.,-1.));
#21506 = DIRECTION('',(-0.,-1.,0.));
#21507 = ADVANCED_FACE('',(#21508),#21519,.F.);
#21508 = FACE_BOUND('',#21509,.T.);
#21509 = EDGE_LOOP('',(#21510,#21511,#21517,#21518));
#21510 = ORIENTED_EDGE('',*,*,#5805,.T.);
#21511 = ORIENTED_EDGE('',*,*,#21512,.T.);
#21512 = EDGE_CURVE('',#5806,#11639,#21513,.T.);
#21513 = LINE('',#21514,#21515);
#21514 = CARTESIAN_POINT('',(276.1855,-96.20136,-4.6E-02));
#21515 = VECTOR('',#21516,1.);
#21516 = DIRECTION('',(0.,0.,1.));
#21517 = ORIENTED_EDGE('',*,*,#11638,.F.);
#21518 = ORIENTED_EDGE('',*,*,#21512,.F.);
#21519 = CYLINDRICAL_SURFACE('',#21520,1.5);
#21520 = AXIS2_PLACEMENT_3D('',#21521,#21522,#21523);
#21521 = CARTESIAN_POINT('',(276.1855,-94.70136,-4.6E-02));
#21522 = DIRECTION('',(-0.,-0.,-1.));
#21523 = DIRECTION('',(-0.,-1.,0.));
#21524 = ADVANCED_FACE('',(#21525),#21536,.F.);
#21525 = FACE_BOUND('',#21526,.T.);
#21526 = EDGE_LOOP('',(#21527,#21528,#21534,#21535));
#21527 = ORIENTED_EDGE('',*,*,#5816,.T.);
#21528 = ORIENTED_EDGE('',*,*,#21529,.T.);
#21529 = EDGE_CURVE('',#5817,#11650,#21530,.T.);
#21530 = LINE('',#21531,#21532);
#21531 = CARTESIAN_POINT('',(285.0755,-98.09226,-4.6E-02));
#21532 = VECTOR('',#21533,1.);
#21533 = DIRECTION('',(0.,0.,1.));
#21534 = ORIENTED_EDGE('',*,*,#11649,.F.);
#21535 = ORIENTED_EDGE('',*,*,#21529,.F.);
#21536 = CYLINDRICAL_SURFACE('',#21537,0.8509);
#21537 = AXIS2_PLACEMENT_3D('',#21538,#21539,#21540);
#21538 = CARTESIAN_POINT('',(285.0755,-97.24136,-4.6E-02));
#21539 = DIRECTION('',(-0.,-0.,-1.));
#21540 = DIRECTION('',(-6.680387690776E-14,-1.,0.));
#21541 = ADVANCED_FACE('',(#21542),#21553,.F.);
#21542 = FACE_BOUND('',#21543,.T.);
#21543 = EDGE_LOOP('',(#21544,#21545,#21551,#21552));
#21544 = ORIENTED_EDGE('',*,*,#5827,.T.);
#21545 = ORIENTED_EDGE('',*,*,#21546,.T.);
#21546 = EDGE_CURVE('',#5828,#11661,#21547,.T.);
#21547 = LINE('',#21548,#21549);
#21548 = CARTESIAN_POINT('',(293.9655,-98.09226,-4.6E-02));
#21549 = VECTOR('',#21550,1.);
#21550 = DIRECTION('',(0.,0.,1.));
#21551 = ORIENTED_EDGE('',*,*,#11660,.F.);
#21552 = ORIENTED_EDGE('',*,*,#21546,.F.);
#21553 = CYLINDRICAL_SURFACE('',#21554,0.8509);
#21554 = AXIS2_PLACEMENT_3D('',#21555,#21556,#21557);
#21555 = CARTESIAN_POINT('',(293.9655,-97.24136,-4.6E-02));
#21556 = DIRECTION('',(-0.,-0.,-1.));
#21557 = DIRECTION('',(-0.,-1.,0.));
#21558 = ADVANCED_FACE('',(#21559),#21570,.F.);
#21559 = FACE_BOUND('',#21560,.T.);
#21560 = EDGE_LOOP('',(#21561,#21562,#21568,#21569));
#21561 = ORIENTED_EDGE('',*,*,#5838,.T.);
#21562 = ORIENTED_EDGE('',*,*,#21563,.T.);
#21563 = EDGE_CURVE('',#5839,#11672,#21564,.T.);
#21564 = LINE('',#21565,#21566);
#21565 = CARTESIAN_POINT('',(295.2355,-96.20136,-4.6E-02));
#21566 = VECTOR('',#21567,1.);
#21567 = DIRECTION('',(0.,0.,1.));
#21568 = ORIENTED_EDGE('',*,*,#11671,.F.);
#21569 = ORIENTED_EDGE('',*,*,#21563,.F.);
#21570 = CYLINDRICAL_SURFACE('',#21571,1.5);
#21571 = AXIS2_PLACEMENT_3D('',#21572,#21573,#21574);
#21572 = CARTESIAN_POINT('',(295.2355,-94.70136,-4.6E-02));
#21573 = DIRECTION('',(-0.,-0.,-1.));
#21574 = DIRECTION('',(-0.,-1.,0.));
#21575 = ADVANCED_FACE('',(#21576),#21587,.F.);
#21576 = FACE_BOUND('',#21577,.T.);
#21577 = EDGE_LOOP('',(#21578,#21579,#21585,#21586));
#21578 = ORIENTED_EDGE('',*,*,#5849,.T.);
#21579 = ORIENTED_EDGE('',*,*,#21580,.T.);
#21580 = EDGE_CURVE('',#5850,#11683,#21581,.T.);
#21581 = LINE('',#21582,#21583);
#21582 = CARTESIAN_POINT('',(299.0455,-99.23526,-4.6E-02));
#21583 = VECTOR('',#21584,1.);
#21584 = DIRECTION('',(0.,0.,1.));
#21585 = ORIENTED_EDGE('',*,*,#11682,.F.);
#21586 = ORIENTED_EDGE('',*,*,#21580,.F.);
#21587 = CYLINDRICAL_SURFACE('',#21588,1.9939);
#21588 = AXIS2_PLACEMENT_3D('',#21589,#21590,#21591);
#21589 = CARTESIAN_POINT('',(299.0455,-97.24136,-4.6E-02));
#21590 = DIRECTION('',(-0.,-0.,-1.));
#21591 = DIRECTION('',(-0.,-1.,0.));
#21592 = ADVANCED_FACE('',(#21593),#21604,.F.);
#21593 = FACE_BOUND('',#21594,.T.);
#21594 = EDGE_LOOP('',(#21595,#21596,#21602,#21603));
#21595 = ORIENTED_EDGE('',*,*,#5860,.T.);
#21596 = ORIENTED_EDGE('',*,*,#21597,.T.);
#21597 = EDGE_CURVE('',#5861,#11694,#21598,.T.);
#21598 = LINE('',#21599,#21600);
#21599 = CARTESIAN_POINT('',(304.1255,-98.09226,-4.6E-02));
#21600 = VECTOR('',#21601,1.);
#21601 = DIRECTION('',(0.,0.,1.));
#21602 = ORIENTED_EDGE('',*,*,#11693,.F.);
#21603 = ORIENTED_EDGE('',*,*,#21597,.F.);
#21604 = CYLINDRICAL_SURFACE('',#21605,0.8509);
#21605 = AXIS2_PLACEMENT_3D('',#21606,#21607,#21608);
#21606 = CARTESIAN_POINT('',(304.1255,-97.24136,-4.6E-02));
#21607 = DIRECTION('',(-0.,-0.,-1.));
#21608 = DIRECTION('',(-0.,-1.,0.));
#21609 = ADVANCED_FACE('',(#21610),#21621,.F.);
#21610 = FACE_BOUND('',#21611,.T.);
#21611 = EDGE_LOOP('',(#21612,#21613,#21619,#21620));
#21612 = ORIENTED_EDGE('',*,*,#5871,.T.);
#21613 = ORIENTED_EDGE('',*,*,#21614,.T.);
#21614 = EDGE_CURVE('',#5872,#11705,#21615,.T.);
#21615 = LINE('',#21616,#21617);
#21616 = CARTESIAN_POINT('',(282.5355,-93.66136,-4.6E-02));
#21617 = VECTOR('',#21618,1.);
#21618 = DIRECTION('',(0.,0.,1.));
#21619 = ORIENTED_EDGE('',*,*,#11704,.F.);
#21620 = ORIENTED_EDGE('',*,*,#21614,.F.);
#21621 = CYLINDRICAL_SURFACE('',#21622,1.5);
#21622 = AXIS2_PLACEMENT_3D('',#21623,#21624,#21625);
#21623 = CARTESIAN_POINT('',(282.5355,-92.16136,-4.6E-02));
#21624 = DIRECTION('',(-0.,-0.,-1.));
#21625 = DIRECTION('',(-0.,-1.,0.));
#21626 = ADVANCED_FACE('',(#21627),#21638,.F.);
#21627 = FACE_BOUND('',#21628,.T.);
#21628 = EDGE_LOOP('',(#21629,#21630,#21636,#21637));
#21629 = ORIENTED_EDGE('',*,*,#5882,.T.);
#21630 = ORIENTED_EDGE('',*,*,#21631,.T.);
#21631 = EDGE_CURVE('',#5883,#11716,#21632,.T.);
#21632 = LINE('',#21633,#21634);
#21633 = CARTESIAN_POINT('',(301.5855,-93.66136,-4.6E-02));
#21634 = VECTOR('',#21635,1.);
#21635 = DIRECTION('',(0.,0.,1.));
#21636 = ORIENTED_EDGE('',*,*,#11715,.F.);
#21637 = ORIENTED_EDGE('',*,*,#21631,.F.);
#21638 = CYLINDRICAL_SURFACE('',#21639,1.5);
#21639 = AXIS2_PLACEMENT_3D('',#21640,#21641,#21642);
#21640 = CARTESIAN_POINT('',(301.5855,-92.16136,-4.6E-02));
#21641 = DIRECTION('',(-0.,-0.,-1.));
#21642 = DIRECTION('',(-0.,-1.,0.));
#21643 = ADVANCED_FACE('',(#21644),#21655,.F.);
#21644 = FACE_BOUND('',#21645,.T.);
#21645 = EDGE_LOOP('',(#21646,#21647,#21653,#21654));
#21646 = ORIENTED_EDGE('',*,*,#5893,.T.);
#21647 = ORIENTED_EDGE('',*,*,#21648,.T.);
#21648 = EDGE_CURVE('',#5894,#11727,#21649,.T.);
#21649 = LINE('',#21650,#21651);
#21650 = CARTESIAN_POINT('',(322.5405,-98.09226,-4.6E-02));
#21651 = VECTOR('',#21652,1.);
#21652 = DIRECTION('',(0.,0.,1.));
#21653 = ORIENTED_EDGE('',*,*,#11726,.F.);
#21654 = ORIENTED_EDGE('',*,*,#21648,.F.);
#21655 = CYLINDRICAL_SURFACE('',#21656,0.8509);
#21656 = AXIS2_PLACEMENT_3D('',#21657,#21658,#21659);
#21657 = CARTESIAN_POINT('',(322.5405,-97.24136,-4.6E-02));
#21658 = DIRECTION('',(-0.,0.,-1.));
#21659 = DIRECTION('',(6.680387690775E-14,-1.,-0.));
#21660 = ADVANCED_FACE('',(#21661),#21672,.F.);
#21661 = FACE_BOUND('',#21662,.T.);
#21662 = EDGE_LOOP('',(#21663,#21664,#21670,#21671));
#21663 = ORIENTED_EDGE('',*,*,#5904,.T.);
#21664 = ORIENTED_EDGE('',*,*,#21665,.T.);
#21665 = EDGE_CURVE('',#5905,#11738,#21666,.T.);
#21666 = LINE('',#21667,#21668);
#21667 = CARTESIAN_POINT('',(323.8105,-96.20136,-4.6E-02));
#21668 = VECTOR('',#21669,1.);
#21669 = DIRECTION('',(0.,0.,1.));
#21670 = ORIENTED_EDGE('',*,*,#11737,.F.);
#21671 = ORIENTED_EDGE('',*,*,#21665,.F.);
#21672 = CYLINDRICAL_SURFACE('',#21673,1.5);
#21673 = AXIS2_PLACEMENT_3D('',#21674,#21675,#21676);
#21674 = CARTESIAN_POINT('',(323.8105,-94.70136,-4.6E-02));
#21675 = DIRECTION('',(-0.,-0.,-1.));
#21676 = DIRECTION('',(-0.,-1.,0.));
#21677 = ADVANCED_FACE('',(#21678),#21689,.F.);
#21678 = FACE_BOUND('',#21679,.T.);
#21679 = EDGE_LOOP('',(#21680,#21681,#21687,#21688));
#21680 = ORIENTED_EDGE('',*,*,#5915,.T.);
#21681 = ORIENTED_EDGE('',*,*,#21682,.T.);
#21682 = EDGE_CURVE('',#5916,#11749,#21683,.T.);
#21683 = LINE('',#21684,#21685);
#21684 = CARTESIAN_POINT('',(327.6205,-99.23526,-4.6E-02));
#21685 = VECTOR('',#21686,1.);
#21686 = DIRECTION('',(0.,0.,1.));
#21687 = ORIENTED_EDGE('',*,*,#11748,.F.);
#21688 = ORIENTED_EDGE('',*,*,#21682,.F.);
#21689 = CYLINDRICAL_SURFACE('',#21690,1.9939);
#21690 = AXIS2_PLACEMENT_3D('',#21691,#21692,#21693);
#21691 = CARTESIAN_POINT('',(327.6205,-97.24136,-4.6E-02));
#21692 = DIRECTION('',(-0.,-0.,-1.));
#21693 = DIRECTION('',(-0.,-1.,0.));
#21694 = ADVANCED_FACE('',(#21695),#21706,.F.);
#21695 = FACE_BOUND('',#21696,.T.);
#21696 = EDGE_LOOP('',(#21697,#21698,#21704,#21705));
#21697 = ORIENTED_EDGE('',*,*,#5926,.T.);
#21698 = ORIENTED_EDGE('',*,*,#21699,.T.);
#21699 = EDGE_CURVE('',#5927,#11760,#21700,.T.);
#21700 = LINE('',#21701,#21702);
#21701 = CARTESIAN_POINT('',(332.7005,-98.09226,-4.6E-02));
#21702 = VECTOR('',#21703,1.);
#21703 = DIRECTION('',(0.,0.,1.));
#21704 = ORIENTED_EDGE('',*,*,#11759,.F.);
#21705 = ORIENTED_EDGE('',*,*,#21699,.F.);
#21706 = CYLINDRICAL_SURFACE('',#21707,0.8509);
#21707 = AXIS2_PLACEMENT_3D('',#21708,#21709,#21710);
#21708 = CARTESIAN_POINT('',(332.7005,-97.24136,-4.6E-02));
#21709 = DIRECTION('',(-0.,-0.,-1.));
#21710 = DIRECTION('',(-6.680387690776E-14,-1.,0.));
#21711 = ADVANCED_FACE('',(#21712),#21723,.F.);
#21712 = FACE_BOUND('',#21713,.T.);
#21713 = EDGE_LOOP('',(#21714,#21715,#21721,#21722));
#21714 = ORIENTED_EDGE('',*,*,#5937,.T.);
#21715 = ORIENTED_EDGE('',*,*,#21716,.T.);
#21716 = EDGE_CURVE('',#5938,#11771,#21717,.T.);
#21717 = LINE('',#21718,#21719);
#21718 = CARTESIAN_POINT('',(315.6825,-91.78036,-4.6E-02));
#21719 = VECTOR('',#21720,1.);
#21720 = DIRECTION('',(0.,0.,1.));
#21721 = ORIENTED_EDGE('',*,*,#11770,.F.);
#21722 = ORIENTED_EDGE('',*,*,#21716,.F.);
#21723 = CYLINDRICAL_SURFACE('',#21724,1.524);
#21724 = AXIS2_PLACEMENT_3D('',#21725,#21726,#21727);
#21725 = CARTESIAN_POINT('',(315.6825,-90.25636,-4.6E-02));
#21726 = DIRECTION('',(-0.,-0.,-1.));
#21727 = DIRECTION('',(-0.,-1.,0.));
#21728 = ADVANCED_FACE('',(#21729),#21740,.F.);
#21729 = FACE_BOUND('',#21730,.T.);
#21730 = EDGE_LOOP('',(#21731,#21732,#21738,#21739));
#21731 = ORIENTED_EDGE('',*,*,#5948,.T.);
#21732 = ORIENTED_EDGE('',*,*,#21733,.T.);
#21733 = EDGE_CURVE('',#5949,#11782,#21734,.T.);
#21734 = LINE('',#21735,#21736);
#21735 = CARTESIAN_POINT('',(330.1605,-93.66136,-4.6E-02));
#21736 = VECTOR('',#21737,1.);
#21737 = DIRECTION('',(0.,0.,1.));
#21738 = ORIENTED_EDGE('',*,*,#11781,.F.);
#21739 = ORIENTED_EDGE('',*,*,#21733,.F.);
#21740 = CYLINDRICAL_SURFACE('',#21741,1.5);
#21741 = AXIS2_PLACEMENT_3D('',#21742,#21743,#21744);
#21742 = CARTESIAN_POINT('',(330.1605,-92.16136,-4.6E-02));
#21743 = DIRECTION('',(-0.,-0.,-1.));
#21744 = DIRECTION('',(-0.,-1.,0.));
#21745 = ADVANCED_FACE('',(#21746),#21757,.F.);
#21746 = FACE_BOUND('',#21747,.T.);
#21747 = EDGE_LOOP('',(#21748,#21749,#21755,#21756));
#21748 = ORIENTED_EDGE('',*,*,#5959,.T.);
#21749 = ORIENTED_EDGE('',*,*,#21750,.T.);
#21750 = EDGE_CURVE('',#5960,#11793,#21751,.T.);
#21751 = LINE('',#21752,#21753);
#21752 = CARTESIAN_POINT('',(339.5585,-91.78036,-4.6E-02));
#21753 = VECTOR('',#21754,1.);
#21754 = DIRECTION('',(0.,0.,1.));
#21755 = ORIENTED_EDGE('',*,*,#11792,.F.);
#21756 = ORIENTED_EDGE('',*,*,#21750,.F.);
#21757 = CYLINDRICAL_SURFACE('',#21758,1.524);
#21758 = AXIS2_PLACEMENT_3D('',#21759,#21760,#21761);
#21759 = CARTESIAN_POINT('',(339.5585,-90.25636,-4.6E-02));
#21760 = DIRECTION('',(-0.,-0.,-1.));
#21761 = DIRECTION('',(-0.,-1.,0.));
#21762 = ( GEOMETRIC_REPRESENTATION_CONTEXT(3) 
GLOBAL_UNCERTAINTY_ASSIGNED_CONTEXT((#21766)) 
GLOBAL_UNIT_ASSIGNED_CONTEXT((#21763,#21764,#21765)) 
REPRESENTATION_CONTEXT('Context #1',
  '3D Context with UNIT and UNCERTAINTY') );
#21763 = ( LENGTH_UNIT() NAMED_UNIT(*) SI_UNIT(.MILLI.,.METRE.) );
#21764 = ( NAMED_UNIT(*) PLANE_ANGLE_UNIT() SI_UNIT($,.RADIAN.) );
#21765 = ( NAMED_UNIT(*) SI_UNIT($,.STERADIAN.) SOLID_ANGLE_UNIT() );
#21766 = UNCERTAINTY_MEASURE_WITH_UNIT(LENGTH_MEASURE(1.E-07),#21763,
  'distance_accuracy_value','confusion accuracy');
#21767 = CONTEXT_DEPENDENT_SHAPE_REPRESENTATION(#21768,#21770);
#21768 = ( REPRESENTATION_RELATIONSHIP('','',#32,#10) 
REPRESENTATION_RELATIONSHIP_WITH_TRANSFORMATION(#21769) 
SHAPE_REPRESENTATION_RELATIONSHIP() );
#21769 = ITEM_DEFINED_TRANSFORMATION('','',#11,#15);
#21770 = PRODUCT_DEFINITION_SHAPE('Placement','Placement of an item',
  #21771);
#21771 = NEXT_ASSEMBLY_USAGE_OCCURRENCE('1','=>[0:1:1:2]','',#5,#27,$);
#21772 = PRODUCT_RELATED_PRODUCT_CATEGORY('part',$,(#29));
#21773 = MECHANICAL_DESIGN_GEOMETRIC_PRESENTATION_REPRESENTATION('',(
    #21774),#21762);
#21774 = STYLED_ITEM('color',(#21775),#33);
#21775 = PRESENTATION_STYLE_ASSIGNMENT((#21776));
#21776 = SURFACE_STYLE_USAGE(.BOTH.,#21777);
#21777 = SURFACE_SIDE_STYLE('',(#21778));
#21778 = SURFACE_STYLE_FILL_AREA(#21779);
#21779 = FILL_AREA_STYLE('',(#21780));
#21780 = FILL_AREA_STYLE_COLOUR('',#21781);
#21781 = COLOUR_RGB('',0.204454873135,0.204454873135,0.204454873135);
ENDSEC;
END-ISO-10303-21;
